claim_id,policy_id,customer_id,agent_id,claim_type,incident_date,claim_date,days_policy_to_incident,claim_amount,approved_amount,claim_status,num_claims_filed_by_customer,police_report_filed,witness_count,documents_altered_flag,fraud_flag,fraud_type
CLM000001,POL000783,CUST003138,AGT00340,Trip Cancellation/Medical,2025-09-16,2025-09-30,11,316906,278232,Approved,2,False,0,False,False,None
CLM000002,POL000922,CUST000046,AGT00044,Vehicle Damage/Accident,2025-09-04,2025-09-28,125,408393,347349,Approved,3,False,2,False,False,None
CLM000003,POL000208,CUST002583,AGT00054,Hospitalization,2022-01-31,2022-02-27,5,714452,568235,Approved,3,False,3,False,False,None
CLM000004,POL000808,CUST001966,AGT00124,Vehicle Damage/Accident,2022-06-17,2022-07-01,115,467804,181013,Rejected,1,True,2,False,True,Multiple/Duplicate Claims
CLM000005,POL000226,CUST001926,AGT00144,Vehicle Damage/Accident,2023-11-29,2023-12-16,412,35728,27717,Approved,3,True,2,False,False,None
CLM000006,POL000701,CUST002259,AGT00088,Vehicle Damage/Accident,2025-03-11,2025-03-20,248,105107,79903,Approved,3,True,3,False,False,None
CLM000007,POL000465,CUST000655,AGT00226,Vehicle Damage/Accident,2027-01-01,2027-01-20,518,909075,829282,Approved,1,False,3,False,False,None
CLM000008,POL000358,CUST000991,AGT00264,Trip Cancellation/Medical,2025-05-14,2025-05-17,46,393547,372291,Approved,1,False,1,False,False,None
CLM000009,POL000144,CUST001144,AGT00339,Vehicle Damage/Accident,2023-01-20,2023-02-04,136,122653,112364,Approved,3,True,1,False,False,None
CLM000010,POL000354,CUST002061,AGT00146,Death Claim,2024-10-11,2024-11-01,69,1732194,1547057,Partially Approved,3,True,1,False,False,None
CLM000011,POL000251,CUST000153,AGT00068,Vehicle Damage/Accident,2025-01-14,2025-02-09,122,53049,42033,Approved,3,True,0,False,False,None
CLM000012,POL000376,CUST000333,AGT00111,Fire/Theft/Damage,2023-06-22,2023-06-23,146,1022065,933447,Approved,4,True,0,False,False,None
CLM000013,POL000989,CUST002377,AGT00151,Hospitalization,2023-08-15,2023-09-03,6,823356,326476,Rejected,1,True,2,False,True,Multiple/Duplicate Claims
CLM000014,POL000245,CUST001355,AGT00008,Hospitalization,2023-07-05,2023-07-09,47,1009508,77280,Under Investigation,3,False,0,True,True,Fake Supporting Documents
CLM000015,POL000018,CUST001644,AGT00367,Vehicle Damage/Accident,2024-08-17,2024-08-31,219,534740,519918,Approved,1,False,0,False,False,None
CLM000016,POL000715,CUST001739,AGT00037,Hospitalization,2022-10-24,2022-11-11,266,232568,168376,Approved,2,False,3,False,False,None
CLM000017,POL000716,CUST002281,AGT00222,Death Claim,2023-02-02,2023-02-14,151,2709814,2305543,Partially Approved,1,False,1,False,False,None
CLM000018,POL000485,CUST001394,AGT00154,Trip Cancellation/Medical,2023-12-14,2023-12-20,56,200157,170918,Approved,2,True,3,False,False,None
CLM000019,POL000002,CUST000203,AGT00222,Death Claim,2025-01-17,2025-01-27,93,196094,186505,Partially Approved,1,True,1,False,False,None
CLM000020,POL000950,CUST001047,AGT00357,Death Claim,2022-09-25,2022-09-29,18,2025120,1972305,Approved,1,False,2,False,False,None
CLM000021,POL000376,CUST000333,AGT00111,Fire/Theft/Damage,2024-07-31,2024-08-16,551,1035003,1016272,Approved,4,True,3,False,False,None
CLM000022,POL000914,CUST002346,AGT00077,Fire/Theft/Damage,2023-08-03,2023-08-04,365,558473,486375,Approved,3,False,1,False,False,None
CLM000023,POL000566,CUST002724,AGT00257,Vehicle Damage/Accident,2024-04-28,2024-05-01,12,106659,96389,Approved,2,False,3,False,False,None
CLM000024,POL000166,CUST000169,AGT00368,Vehicle Damage/Accident,2024-04-10,2024-04-17,32,535613,389152,Approved,1,True,3,False,False,None
CLM000025,POL000865,CUST001099,AGT00338,Vehicle Damage/Accident,2026-11-06,2026-11-09,156,22348,18914,Approved,1,True,1,False,False,None
CLM000026,POL000329,CUST000490,AGT00220,Fire/Theft/Damage,2024-07-10,2024-08-08,47,74029,71760,Approved,1,False,0,False,False,None
CLM000027,POL000655,CUST002485,AGT00008,Hospitalization,2025-01-15,2025-02-06,490,1066179,892081,Approved,2,False,3,False,False,None
CLM000028,POL000448,CUST002734,AGT00178,Hospitalization,2024-09-23,2024-10-20,253,590185,425451,Approved,1,True,2,False,False,None
CLM000029,POL000092,CUST000704,AGT00308,Hospitalization,2023-04-04,2023-04-19,57,2324909,910571,Rejected,5,True,0,False,True,Exaggerated Claim Amount
CLM000030,POL000520,CUST002616,AGT00141,Vehicle Damage/Accident,2022-12-20,2022-12-26,1,359423,297908,Approved,2,True,3,False,False,None
CLM000031,POL000252,CUST001236,AGT00043,Hospitalization,2026-02-01,2026-02-17,289,888511,685271,Approved,2,False,2,False,False,None
CLM000032,POL000942,CUST000915,AGT00310,Vehicle Damage/Accident,2022-08-24,2022-09-10,99,268763,219764,Approved,4,True,2,False,False,None
CLM000033,POL000612,CUST000086,AGT00301,Hospitalization,2022-10-14,2022-10-16,185,1144138,915182,Approved,3,False,1,False,False,None
CLM000034,POL000039,CUST002836,AGT00109,Vehicle Damage/Accident,2024-06-25,2024-07-05,60,216007,86039,Partially Approved,3,True,0,False,True,Exaggerated Claim Amount
CLM000035,POL000436,CUST002575,AGT00316,Trip Cancellation/Medical,2024-03-24,2024-04-04,27,55151,8309,Under Investigation,3,False,0,False,True,Staged Accident
CLM000036,POL000648,CUST000528,AGT00095,Vehicle Damage/Accident,2023-05-23,2023-06-20,202,88486,85372,Approved,3,False,1,False,False,None
CLM000037,POL000362,CUST002300,AGT00281,Hospitalization,2025-07-15,2025-08-11,107,345504,313652,Partially Approved,1,False,3,False,False,None
CLM000038,POL000946,CUST000493,AGT00326,Vehicle Damage/Accident,2025-04-02,2025-04-08,48,315061,279463,Approved,5,True,3,False,False,None
CLM000039,POL000562,CUST002973,AGT00273,Hospitalization,2023-06-08,2023-06-26,26,724951,639363,Partially Approved,2,True,2,False,False,None
CLM000040,POL000083,CUST002802,AGT00186,Death Claim,2025-01-21,2025-02-05,156,1838036,701070,Partially Approved,4,True,2,True,True,Fake Supporting Documents
CLM000041,POL000766,CUST002350,AGT00074,Vehicle Damage/Accident,2026-06-24,2026-07-10,232,140348,132908,Partially Approved,1,False,2,False,False,None
CLM000042,POL000708,CUST000629,AGT00088,Trip Cancellation/Medical,2023-06-19,2023-07-02,60,52967,6258,Rejected,2,True,2,False,True,Staged Accident
CLM000043,POL000027,CUST000281,AGT00108,Death Claim,2026-04-09,2026-04-25,239,688311,482977,Approved,3,False,1,False,False,None
CLM000044,POL000589,CUST002542,AGT00334,Fire/Theft/Damage,2025-01-13,2025-01-15,36,182852,132340,Approved,2,True,3,False,False,None
CLM000045,POL000806,CUST000988,AGT00088,Trip Cancellation/Medical,2025-05-15,2025-06-04,74,167577,151237,Partially Approved,3,False,2,False,False,None
CLM000046,POL000767,CUST003168,AGT00100,Vehicle Damage/Accident,2024-01-30,2024-02-11,245,784417,604644,Approved,4,False,0,False,False,None
CLM000047,POL000021,CUST000835,AGT00264,Hospitalization,2023-07-26,2023-08-24,194,1681157,1636625,Approved,1,False,2,False,False,None
CLM000048,POL000218,CUST002472,AGT00338,Fire/Theft/Damage,2023-08-29,2023-09-12,56,817878,736273,Approved,1,False,2,False,False,None
CLM000049,POL000045,CUST000122,AGT00151,Vehicle Damage/Accident,2025-09-23,2025-10-01,23,152487,18333,Under Investigation,3,True,3,False,True,Early Claim Fraud
CLM000050,POL000954,CUST002458,AGT00234,Hospitalization,2022-04-29,2022-05-05,7,92418,76206,Approved,1,False,2,False,False,None
CLM000051,POL000407,CUST001866,AGT00176,Hospitalization,2023-12-27,2024-01-10,327,385672,349906,Approved,4,False,1,False,False,None
CLM000052,POL000694,CUST001664,AGT00320,Vehicle Damage/Accident,2024-10-01,2024-10-25,14,102241,75892,Approved,2,True,3,False,False,None
CLM000053,POL000798,CUST002946,AGT00037,Death Claim,2025-06-17,2025-07-02,21,934391,901709,Approved,1,True,3,False,False,None
CLM000054,POL000479,CUST002255,AGT00151,Hospitalization,2026-02-21,2026-03-13,48,1368660,960021,Approved,7,False,2,False,False,None
CLM000055,POL000863,CUST000528,AGT00130,Hospitalization,2022-08-29,2022-09-25,106,822993,817795,Approved,3,True,1,False,False,None
CLM000056,POL000656,CUST000704,AGT00221,Hospitalization,2026-11-06,2026-11-09,280,173239,129980,Approved,5,False,3,False,False,None
CLM000057,POL000564,CUST002756,AGT00006,Death Claim,2024-03-19,2024-03-26,51,365904,337595,Approved,2,True,0,False,False,None
CLM000058,POL000763,CUST002290,AGT00312,Trip Cancellation/Medical,2023-01-20,2023-02-05,141,59825,42594,Approved,1,True,2,False,False,None
CLM000059,POL000618,CUST000620,AGT00302,Hospitalization,2023-09-25,2023-10-18,17,438725,29611,Under Investigation,2,False,3,False,True,Staged Accident
CLM000060,POL000809,CUST002647,AGT00023,Death Claim,2023-07-16,2023-07-18,112,294250,261615,Approved,5,False,2,False,False,None
CLM000061,POL000711,CUST002094,AGT00088,Hospitalization,2023-10-25,2023-11-11,35,307355,221623,Partially Approved,1,True,0,False,False,None
CLM000062,POL000337,CUST001111,AGT00311,Hospitalization,2024-04-14,2024-04-25,42,585842,9705,Partially Approved,4,False,2,False,True,Multiple/Duplicate Claims
CLM000063,POL000792,CUST001961,AGT00001,Vehicle Damage/Accident,2023-08-01,2023-08-25,82,500145,395585,Approved,1,False,2,False,False,None
CLM000064,POL000148,CUST002189,AGT00139,Trip Cancellation/Medical,2025-06-09,2025-06-12,257,68304,58022,Approved,3,False,1,False,False,None
CLM000065,POL000615,CUST001658,AGT00077,Vehicle Damage/Accident,2026-04-01,2026-04-23,245,271367,231034,Approved,1,False,1,False,False,None
CLM000066,POL000411,CUST002967,AGT00332,Fire/Theft/Damage,2026-05-04,2026-05-27,96,318650,298119,Approved,1,False,0,False,False,None
CLM000067,POL000514,CUST003145,AGT00340,Vehicle Damage/Accident,2024-09-12,2024-09-20,22,391893,288845,Approved,2,True,1,False,False,None
CLM000068,POL000768,CUST001318,AGT00016,Hospitalization,2022-09-23,2022-10-15,59,316036,229067,Approved,2,True,3,False,False,None
CLM000069,POL000572,CUST002912,AGT00374,Vehicle Damage/Accident,2023-03-05,2023-03-28,126,186119,152723,Approved,3,True,1,False,False,None
CLM000070,POL000819,CUST000361,AGT00051,Vehicle Damage/Accident,2025-03-31,2025-04-21,366,274404,265144,Approved,1,True,3,False,False,None
CLM000071,POL000385,CUST002011,AGT00369,Vehicle Damage/Accident,2023-10-12,2023-10-31,621,66246,263,Partially Approved,2,False,0,False,True,Staged Accident
CLM000072,POL000482,CUST000387,AGT00277,Trip Cancellation/Medical,2024-06-07,2024-06-25,182,194207,168571,Approved,6,False,0,False,False,None
CLM000073,POL000603,CUST002294,AGT00144,Vehicle Damage/Accident,2023-08-29,2023-09-05,77,226341,6052,Partially Approved,2,False,2,False,True,Staged Accident
CLM000074,POL000101,CUST001302,AGT00129,Hospitalization,2026-12-19,2027-01-04,212,144452,136016,Approved,3,False,3,False,False,None
CLM000075,POL000114,CUST003152,AGT00283,Trip Cancellation/Medical,2026-07-23,2026-08-16,73,78331,61363,Approved,2,False,2,False,False,None
CLM000076,POL000262,CUST000530,AGT00289,Fire/Theft/Damage,2026-01-08,2026-01-22,176,359417,269933,Approved,4,False,2,False,False,None
CLM000077,POL000422,CUST001814,AGT00008,Hospitalization,2024-03-24,2024-04-01,50,1855624,1466586,Approved,1,False,2,False,False,None
CLM000078,POL000054,CUST001141,AGT00216,Vehicle Damage/Accident,2025-04-24,2025-05-07,55,441335,31003,Partially Approved,2,True,3,True,True,Fake Supporting Documents
CLM000079,POL000188,CUST003187,AGT00306,Vehicle Damage/Accident,2025-06-03,2025-06-06,14,197067,67371,Under Investigation,1,True,1,False,True,Exaggerated Claim Amount
CLM000080,POL000539,CUST000030,AGT00341,Death Claim,2023-11-10,2023-11-12,98,423143,370448,Partially Approved,2,True,3,False,False,None
CLM000081,POL000752,CUST002416,AGT00149,Trip Cancellation/Medical,2022-07-11,2022-07-24,173,170564,13515,Partially Approved,2,False,1,False,True,Exaggerated Claim Amount
CLM000082,POL000592,CUST001533,AGT00104,Vehicle Damage/Accident,2025-11-21,2025-12-16,279,82851,23732,Rejected,1,False,3,True,True,Fake Supporting Documents
CLM000083,POL000190,CUST001362,AGT00085,Vehicle Damage/Accident,2024-09-10,2024-10-02,299,30872,28944,Approved,8,True,0,False,False,None
CLM000084,POL000831,CUST000031,AGT00124,Vehicle Damage/Accident,2026-11-15,2026-12-11,879,12642,10493,Partially Approved,3,True,0,False,False,None
CLM000085,POL000867,CUST001715,AGT00234,Death Claim,2023-12-06,2023-12-09,16,742743,116330,Rejected,6,True,1,False,True,Early Claim Fraud
CLM000086,POL000603,CUST002294,AGT00144,Vehicle Damage/Accident,2023-10-13,2023-11-03,122,62239,21531,Rejected,2,True,2,False,True,Multiple/Duplicate Claims
CLM000087,POL000547,CUST001196,AGT00333,Fire/Theft/Damage,2025-07-14,2025-07-15,132,494915,388350,Approved,1,True,2,False,False,None
CLM000088,POL000058,CUST000399,AGT00025,Fire/Theft/Damage,2025-12-10,2025-12-12,293,449567,367854,Approved,2,True,2,False,False,None
CLM000089,POL000503,CUST001133,AGT00328,Vehicle Damage/Accident,2025-09-03,2025-09-28,55,38574,1413,Under Investigation,1,True,2,False,True,Exaggerated Claim Amount
CLM000090,POL000189,CUST001964,AGT00138,Hospitalization,2023-08-31,2023-09-10,12,1277008,1231193,Approved,1,False,3,False,False,None
CLM000091,POL000765,CUST002867,AGT00345,Fire/Theft/Damage,2023-10-06,2023-10-17,67,632341,466689,Approved,1,False,0,False,False,None
CLM000092,POL000548,CUST001523,AGT00142,Trip Cancellation/Medical,2025-10-31,2025-11-26,743,6693,6160,Approved,2,False,3,False,False,None
CLM000093,POL000870,CUST002828,AGT00372,Hospitalization,2026-10-11,2026-10-14,413,189068,184432,Approved,3,False,3,False,False,None
CLM000094,POL000604,CUST001882,AGT00260,Death Claim,2024-02-14,2024-03-09,90,388027,320850,Approved,2,False,3,False,False,None
CLM000095,POL000568,CUST002831,AGT00266,Vehicle Damage/Accident,2025-01-05,2025-01-31,376,29800,23423,Approved,1,False,1,False,False,None
CLM000096,POL000579,CUST003123,AGT00029,Hospitalization,2026-04-07,2026-04-15,5,40014,36145,Partially Approved,2,False,0,False,False,None
CLM000097,POL000313,CUST002907,AGT00318,Hospitalization,2024-12-16,2024-12-31,67,105918,81961,Approved,1,False,1,False,False,None
CLM000098,POL000169,CUST002228,AGT00310,Vehicle Damage/Accident,2025-02-23,2025-02-28,233,146784,119671,Approved,2,True,2,False,False,None
CLM000099,POL000799,CUST001267,AGT00129,Hospitalization,2025-02-02,2025-02-10,45,226526,219520,Approved,4,False,0,False,False,None
CLM000100,POL000131,CUST002958,AGT00087,Trip Cancellation/Medical,2025-08-13,2025-08-31,39,4797,4207,Approved,1,True,1,False,False,None
CLM000101,POL000678,CUST002845,AGT00043,Vehicle Damage/Accident,2023-04-14,2023-05-02,356,430421,24783,Under Investigation,3,False,1,False,True,Exaggerated Claim Amount
CLM000102,POL000949,CUST000150,AGT00064,Death Claim,2026-04-21,2026-05-03,172,756272,604192,Partially Approved,3,True,3,False,False,None
CLM000103,POL000564,CUST002756,AGT00006,Death Claim,2026-04-19,2026-04-23,812,466147,414022,Partially Approved,2,False,1,False,False,None
CLM000104,POL000152,CUST002718,AGT00363,Hospitalization,2022-12-28,2023-01-05,26,271654,229398,Approved,2,False,1,False,False,None
CLM000105,POL000922,CUST000046,AGT00044,Vehicle Damage/Accident,2025-07-20,2025-07-22,79,62513,56143,Approved,3,False,2,False,False,None
CLM000106,POL000105,CUST000985,AGT00077,Hospitalization,2024-04-11,2024-05-01,67,641627,595707,Approved,2,False,2,False,False,None
CLM000107,POL000367,CUST001081,AGT00252,Death Claim,2023-04-15,2023-05-09,381,196649,166008,Approved,3,False,1,False,False,None
CLM000108,POL000092,CUST000704,AGT00308,Hospitalization,2023-03-31,2023-04-03,53,83823,83494,Partially Approved,5,False,1,False,False,None
CLM000109,POL000713,CUST001702,AGT00308,Vehicle Damage/Accident,2022-12-21,2022-12-29,78,556953,542696,Approved,1,False,1,False,False,None
CLM000110,POL000805,CUST001585,AGT00136,Trip Cancellation/Medical,2023-06-13,2023-06-25,27,18844,3927,Partially Approved,2,False,3,False,True,Exaggerated Claim Amount
CLM000111,POL000885,CUST000444,AGT00005,Vehicle Damage/Accident,2027-03-13,2027-03-15,268,333552,260146,Partially Approved,3,True,3,False,False,None
CLM000112,POL000731,CUST002568,AGT00125,Hospitalization,2023-12-04,2023-12-21,48,257103,97689,Under Investigation,4,False,3,False,True,Staged Accident
CLM000113,POL000432,CUST001301,AGT00211,Vehicle Damage/Accident,2023-08-19,2023-09-02,12,260075,5600,Under Investigation,2,False,2,False,True,Multiple/Duplicate Claims
CLM000114,POL000579,CUST003123,AGT00029,Hospitalization,2026-07-13,2026-07-27,102,39733,12085,Partially Approved,2,False,0,True,True,Fake Supporting Documents
CLM000115,POL000681,CUST002651,AGT00111,Vehicle Damage/Accident,2024-06-28,2024-07-04,89,510911,422751,Partially Approved,4,False,3,False,False,None
CLM000116,POL000305,CUST002847,AGT00049,Hospitalization,2025-07-28,2025-08-05,35,730577,522702,Approved,2,False,3,False,False,None
CLM000117,POL000028,CUST002723,AGT00196,Trip Cancellation/Medical,2024-10-07,2024-11-01,25,80164,2863,Partially Approved,2,True,1,False,True,Early Claim Fraud
CLM000118,POL000288,CUST000891,AGT00209,Vehicle Damage/Accident,2025-05-11,2025-05-21,408,395774,288469,Partially Approved,1,True,3,False,False,None
CLM000119,POL000355,CUST000151,AGT00086,Hospitalization,2023-04-23,2023-05-17,12,793270,566311,Approved,1,False,0,False,False,None
CLM000120,POL000967,CUST000710,AGT00044,Hospitalization,2025-07-01,2025-07-19,18,432568,365281,Approved,1,True,2,False,False,None
CLM000121,POL000839,CUST000059,AGT00281,Vehicle Damage/Accident,2026-06-21,2026-06-22,50,593213,474653,Approved,3,True,3,False,False,None
CLM000122,POL000981,CUST002884,AGT00073,Hospitalization,2025-03-16,2025-03-23,549,85040,83393,Approved,2,False,2,False,False,None
CLM000123,POL000544,CUST002353,AGT00168,Death Claim,2023-06-24,2023-07-01,16,1249788,913380,Approved,1,False,3,False,False,None
CLM000124,POL000678,CUST002845,AGT00043,Vehicle Damage/Accident,2023-02-21,2023-03-06,304,161298,49184,Partially Approved,3,True,2,False,True,Multiple/Duplicate Claims
CLM000125,POL000404,CUST001797,AGT00335,Hospitalization,2024-08-17,2024-09-02,400,1180638,857100,Approved,10,True,2,False,False,None
CLM000126,POL000136,CUST000605,AGT00129,Fire/Theft/Damage,2024-10-20,2024-11-01,85,141467,125306,Partially Approved,1,True,3,False,False,None
CLM000127,POL000068,CUST001551,AGT00306,Hospitalization,2024-12-22,2025-01-20,62,258417,200097,Approved,2,True,3,False,False,None
CLM000128,POL000154,CUST000246,AGT00118,Hospitalization,2022-10-15,2022-11-03,203,207777,196981,Approved,3,False,2,False,False,None
CLM000129,POL000463,CUST001166,AGT00168,Trip Cancellation/Medical,2024-09-07,2024-09-13,218,52294,37570,Approved,4,False,0,False,False,None
CLM000130,POL000326,CUST001337,AGT00010,Hospitalization,2024-09-21,2024-09-28,272,1044504,1029622,Approved,1,True,0,False,False,None
CLM000131,POL000816,CUST001130,AGT00358,Vehicle Damage/Accident,2024-11-12,2024-12-07,319,261036,186425,Approved,6,False,0,False,False,None
CLM000132,POL000096,CUST003185,AGT00266,Hospitalization,2022-11-28,2022-12-15,56,851296,657484,Approved,1,False,0,False,False,None
CLM000133,POL000197,CUST001538,AGT00024,Death Claim,2023-05-17,2023-06-15,209,74384,62427,Approved,2,False,3,False,False,None
CLM000134,POL000108,CUST000476,AGT00300,Death Claim,2025-07-16,2025-08-04,26,1504259,1394173,Approved,1,False,1,False,False,None
CLM000135,POL000046,CUST002697,AGT00317,Fire/Theft/Damage,2022-05-28,2022-06-02,128,130140,128231,Approved,2,True,2,False,False,None
CLM000136,POL000186,CUST001535,AGT00328,Vehicle Damage/Accident,2025-04-07,2025-04-10,170,224458,185943,Approved,4,True,0,False,False,None
CLM000137,POL000454,CUST003042,AGT00053,Trip Cancellation/Medical,2025-04-11,2025-05-05,31,76576,26117,Under Investigation,3,True,0,False,True,Multiple/Duplicate Claims
CLM000138,POL000323,CUST003155,AGT00020,Hospitalization,2024-09-09,2024-10-05,14,834214,765932,Approved,1,False,1,False,False,None
CLM000139,POL000285,CUST003194,AGT00077,Vehicle Damage/Accident,2022-03-21,2022-04-12,38,98878,27858,Rejected,3,False,1,False,True,Multiple/Duplicate Claims
CLM000140,POL000083,CUST002802,AGT00186,Death Claim,2024-11-24,2024-12-12,98,529652,480540,Approved,4,False,3,False,False,None
CLM000141,POL000650,CUST002997,AGT00352,Hospitalization,2027-06-22,2027-07-09,393,234176,166597,Partially Approved,1,True,2,False,False,None
CLM000142,POL000327,CUST001628,AGT00161,Fire/Theft/Damage,2025-05-16,2025-06-11,136,436506,363379,Partially Approved,6,True,2,False,False,None
CLM000143,POL000749,CUST000144,AGT00320,Hospitalization,2023-11-29,2023-12-20,248,411240,384821,Approved,2,False,1,False,False,None
CLM000144,POL000449,CUST001289,AGT00009,Vehicle Damage/Accident,2024-02-04,2024-02-15,34,332535,280083,Approved,2,False,1,False,False,None
CLM000145,POL000321,CUST001007,AGT00063,Vehicle Damage/Accident,2026-04-06,2026-05-01,20,445700,428786,Approved,2,True,1,False,False,None
CLM000146,POL000145,CUST001860,AGT00309,Hospitalization,2024-07-28,2024-08-23,49,1362958,1294934,Approved,1,True,3,False,False,None
CLM000147,POL000278,CUST000470,AGT00208,Vehicle Damage/Accident,2024-06-13,2024-06-22,67,23511,22547,Approved,1,True,2,False,False,None
CLM000148,POL000612,CUST000086,AGT00301,Hospitalization,2022-09-01,2022-09-18,142,1539164,1137440,Approved,3,False,1,False,False,None
CLM000149,POL000014,CUST000679,AGT00343,Vehicle Damage/Accident,2025-07-17,2025-08-05,383,54467,883,Partially Approved,1,False,0,False,True,Multiple/Duplicate Claims
CLM000150,POL000262,CUST000530,AGT00289,Fire/Theft/Damage,2025-10-23,2025-11-05,99,298740,211770,Approved,4,True,2,False,False,None
CLM000151,POL000414,CUST002082,AGT00102,Death Claim,2025-07-01,2025-07-07,131,993124,987999,Approved,3,False,2,False,False,None
CLM000152,POL000494,CUST002188,AGT00094,Trip Cancellation/Medical,2025-09-07,2025-09-28,0,110251,84986,Approved,1,True,0,False,False,None
CLM000153,POL000047,CUST000592,AGT00059,Fire/Theft/Damage,2023-11-13,2023-11-17,6,146815,118938,Approved,1,False,0,False,False,None
CLM000154,POL000737,CUST002974,AGT00363,Vehicle Damage/Accident,2022-04-23,2022-05-22,15,175733,21869,Under Investigation,2,True,2,False,True,Early Claim Fraud
CLM000155,POL000916,CUST002202,AGT00135,Vehicle Damage/Accident,2026-01-30,2026-02-17,216,34409,24497,Approved,3,True,2,False,False,None
CLM000156,POL000656,CUST000704,AGT00221,Hospitalization,2026-05-29,2026-06-10,119,25614,19937,Partially Approved,5,True,1,False,False,None
CLM000157,POL000196,CUST001807,AGT00311,Vehicle Damage/Accident,2022-11-16,2022-12-14,38,114463,31799,Rejected,3,False,3,False,True,Multiple/Duplicate Claims
CLM000158,POL000290,CUST001956,AGT00105,Hospitalization,2026-11-29,2026-12-27,161,1530777,53101,Rejected,3,True,3,False,True,Staged Accident
CLM000159,POL000769,CUST000701,AGT00369,Hospitalization,2024-12-24,2024-12-28,141,581706,46572,Partially Approved,1,False,1,False,True,Staged Accident
CLM000160,POL000973,CUST002279,AGT00001,Fire/Theft/Damage,2022-04-12,2022-04-17,16,388194,118192,Under Investigation,1,True,0,True,True,Fake Supporting Documents
CLM000161,POL000432,CUST001301,AGT00211,Vehicle Damage/Accident,2024-02-07,2024-02-19,184,78863,71928,Approved,2,True,0,False,False,None
CLM000162,POL000520,CUST002616,AGT00141,Vehicle Damage/Accident,2023-09-07,2023-09-25,262,63342,52950,Approved,2,True,0,False,False,None
CLM000163,POL000790,CUST001791,AGT00187,Hospitalization,2023-12-10,2024-01-05,60,169774,12945,Partially Approved,2,False,0,False,True,Staged Accident
CLM000164,POL000324,CUST001831,AGT00338,Vehicle Damage/Accident,2024-10-10,2024-10-27,209,105115,102222,Partially Approved,1,True,1,False,False,None
CLM000165,POL000802,CUST001684,AGT00177,Fire/Theft/Damage,2023-08-13,2023-09-05,40,80393,79465,Approved,1,True,2,False,False,None
CLM000166,POL000956,CUST000855,AGT00285,Vehicle Damage/Accident,2024-09-26,2024-10-19,254,281054,205084,Approved,3,True,1,False,False,None
CLM000167,POL000429,CUST000503,AGT00343,Vehicle Damage/Accident,2025-10-26,2025-11-19,437,348645,336056,Approved,1,True,0,False,False,None
CLM000168,POL000293,CUST000954,AGT00195,Fire/Theft/Damage,2026-04-13,2026-04-23,104,736022,107523,Under Investigation,2,False,1,False,True,Staged Accident
CLM000169,POL000377,CUST001244,AGT00108,Death Claim,2026-09-07,2026-09-13,50,6410546,5251391,Approved,5,False,3,False,False,None
CLM000170,POL000535,CUST001111,AGT00012,Death Claim,2024-06-06,2024-06-23,91,528525,424745,Approved,4,False,3,False,False,None
CLM000171,POL000084,CUST000386,AGT00191,Trip Cancellation/Medical,2022-12-14,2022-12-22,51,197356,43476,Partially Approved,2,True,0,False,True,Staged Accident
CLM000172,POL000767,CUST003168,AGT00100,Vehicle Damage/Accident,2023-05-30,2023-06-01,0,855623,752415,Approved,4,True,1,False,False,None
CLM000173,POL000373,CUST002771,AGT00253,Hospitalization,2023-07-14,2023-07-26,189,848249,297999,Partially Approved,4,False,3,True,True,Fake Supporting Documents
CLM000174,POL000024,CUST001669,AGT00149,Hospitalization,2022-08-04,2022-08-07,7,110552,103349,Approved,2,True,2,False,False,None
CLM000175,POL000987,CUST001947,AGT00105,Hospitalization,2025-02-03,2025-02-27,42,643510,535331,Approved,3,False,0,False,False,None
CLM000176,POL000909,CUST001672,AGT00070,Death Claim,2024-10-24,2024-11-13,230,1510226,201507,Rejected,3,False,1,False,True,Multiple/Duplicate Claims
CLM000177,POL000325,CUST000211,AGT00269,Hospitalization,2025-12-21,2026-01-11,197,54374,44823,Approved,3,False,0,False,False,None
CLM000178,POL000848,CUST001924,AGT00368,Fire/Theft/Damage,2024-12-06,2024-12-31,13,560724,479362,Approved,1,True,3,False,False,None
CLM000179,POL000316,CUST001508,AGT00295,Trip Cancellation/Medical,2023-02-25,2023-03-24,194,27212,19610,Approved,2,True,2,False,False,None
CLM000180,POL000550,CUST002439,AGT00162,Hospitalization,2025-05-02,2025-05-25,480,528343,393795,Approved,1,False,3,False,False,None
CLM000181,POL000944,CUST001996,AGT00293,Vehicle Damage/Accident,2024-02-06,2024-03-03,13,199360,198975,Approved,2,False,0,False,False,None
CLM000182,POL000221,CUST002080,AGT00145,Vehicle Damage/Accident,2024-07-17,2024-08-14,96,337372,324335,Approved,1,False,2,False,False,None
CLM000183,POL000922,CUST000046,AGT00044,Vehicle Damage/Accident,2025-12-23,2025-12-30,235,315779,233675,Approved,3,True,1,False,False,None
CLM000184,POL000214,CUST001124,AGT00319,Hospitalization,2026-10-27,2026-10-28,198,1161254,1015043,Approved,1,True,3,False,False,None
CLM000185,POL000472,CUST003140,AGT00183,Death Claim,2024-09-29,2024-10-16,46,1528424,403847,Under Investigation,1,False,2,False,True,Exaggerated Claim Amount
CLM000186,POL000845,CUST002945,AGT00213,Vehicle Damage/Accident,2024-02-19,2024-02-27,32,144821,124998,Approved,1,True,0,False,False,None
CLM000187,POL000491,CUST001313,AGT00043,Fire/Theft/Damage,2025-04-18,2025-04-28,276,149321,125602,Approved,1,False,1,False,False,None
CLM000188,POL000085,CUST001327,AGT00234,Vehicle Damage/Accident,2026-09-06,2026-09-23,563,97327,26646,Rejected,1,True,0,False,True,Exaggerated Claim Amount
CLM000189,POL000385,CUST002011,AGT00369,Vehicle Damage/Accident,2022-10-18,2022-11-03,262,18508,3985,Rejected,2,False,0,False,True,Multiple/Duplicate Claims
CLM000190,POL000004,CUST003194,AGT00141,Hospitalization,2026-05-31,2026-06-10,594,94235,69513,Approved,3,False,1,False,False,None
CLM000191,POL000707,CUST003115,AGT00122,Death Claim,2024-03-04,2024-03-19,167,3132899,840027,Rejected,3,False,2,False,True,Exaggerated Claim Amount
CLM000192,POL000114,CUST003152,AGT00283,Trip Cancellation/Medical,2027-08-30,2027-09-15,476,157727,153341,Partially Approved,2,False,2,False,False,None
CLM000193,POL000215,CUST001469,AGT00046,Vehicle Damage/Accident,2024-12-08,2024-12-26,211,600652,18886,Partially Approved,1,False,1,False,True,Multiple/Duplicate Claims
CLM000194,POL000336,CUST001643,AGT00026,Fire/Theft/Damage,2023-10-16,2023-10-20,431,199210,59565,Rejected,2,False,1,True,True,Fake Supporting Documents
CLM000195,POL000877,CUST002474,AGT00118,Vehicle Damage/Accident,2026-07-21,2026-08-15,31,267188,266041,Approved,5,True,0,False,False,None
CLM000196,POL000653,CUST002722,AGT00167,Hospitalization,2026-01-18,2026-01-25,304,629091,443241,Approved,4,False,0,False,False,None
CLM000197,POL000167,CUST002858,AGT00123,Vehicle Damage/Accident,2022-06-07,2022-07-06,39,105289,96743,Approved,2,False,3,False,False,None
CLM000198,POL000287,CUST001006,AGT00201,Trip Cancellation/Medical,2024-10-01,2024-10-30,5,337175,263631,Partially Approved,4,False,1,False,False,None
CLM000199,POL000920,CUST002097,AGT00023,Trip Cancellation/Medical,2025-11-26,2025-12-08,131,216783,79786,Rejected,1,True,3,False,True,Staged Accident
CLM000200,POL000495,CUST001977,AGT00278,Hospitalization,2026-07-22,2026-08-14,68,1153657,1089190,Approved,4,False,1,False,False,None
CLM000201,POL000384,CUST001772,AGT00263,Vehicle Damage/Accident,2024-08-10,2024-08-22,8,152159,18376,Under Investigation,3,True,3,False,True,Early Claim Fraud
CLM000202,POL000847,CUST002160,AGT00320,Death Claim,2024-10-11,2024-11-06,706,719518,605818,Approved,1,False,0,False,False,None
CLM000203,POL000517,CUST002746,AGT00073,Death Claim,2027-01-02,2027-01-25,197,1020509,795514,Approved,5,False,0,False,False,None
CLM000204,POL000127,CUST002669,AGT00322,Vehicle Damage/Accident,2027-04-12,2027-05-03,417,23361,18376,Approved,1,True,2,False,False,None
CLM000205,POL000433,CUST002500,AGT00303,Vehicle Damage/Accident,2027-01-02,2027-01-03,1258,228276,226986,Partially Approved,2,False,3,False,False,None
CLM000206,POL000086,CUST001806,AGT00001,Death Claim,2024-02-22,2024-03-14,89,2335465,2257590,Approved,4,False,1,False,False,None
CLM000207,POL000598,CUST000915,AGT00309,Trip Cancellation/Medical,2024-01-05,2024-01-29,52,30753,8756,Rejected,4,False,3,False,True,Staged Accident
CLM000208,POL000907,CUST000241,AGT00048,Hospitalization,2022-06-16,2022-07-14,36,175128,137065,Approved,2,False,0,False,False,None
CLM000209,POL000536,CUST000838,AGT00061,Death Claim,2024-11-27,2024-12-09,130,2019389,1479393,Partially Approved,1,True,2,False,False,None
CLM000210,POL000045,CUST000122,AGT00151,Vehicle Damage/Accident,2026-02-14,2026-03-09,167,87962,23510,Partially Approved,3,True,3,False,True,Staged Accident
CLM000211,POL000970,CUST002085,AGT00145,Vehicle Damage/Accident,2024-01-18,2024-01-25,115,449680,437162,Approved,2,True,0,False,False,None
CLM000212,POL000623,CUST001222,AGT00254,Vehicle Damage/Accident,2024-02-03,2024-02-18,88,43402,37570,Approved,1,True,1,False,False,None
CLM000213,POL000290,CUST001956,AGT00105,Hospitalization,2026-07-24,2026-07-26,33,1721058,223405,Partially Approved,3,False,2,False,True,Exaggerated Claim Amount
CLM000214,POL000907,CUST000241,AGT00048,Hospitalization,2022-08-23,2022-08-24,104,249957,231056,Approved,2,False,0,False,False,None
CLM000215,POL000697,CUST001598,AGT00313,Vehicle Damage/Accident,2023-03-19,2023-03-23,16,341652,260046,Approved,1,True,1,False,False,None
CLM000216,POL000235,CUST002647,AGT00144,Death Claim,2027-03-19,2027-03-27,360,190013,37899,Partially Approved,5,False,3,False,True,Multiple/Duplicate Claims
CLM000217,POL000157,CUST002796,AGT00007,Hospitalization,2024-09-27,2024-10-14,8,915295,109118,Rejected,1,True,1,False,True,Early Claim Fraud
CLM000218,POL000406,CUST001919,AGT00302,Vehicle Damage/Accident,2023-10-31,2023-11-29,86,28517,20752,Approved,5,False,1,False,False,None
CLM000219,POL000673,CUST000712,AGT00342,Hospitalization,2023-08-26,2023-09-13,18,33655,27567,Approved,1,False,1,False,False,None
CLM000220,POL000505,CUST001740,AGT00195,Vehicle Damage/Accident,2024-02-01,2024-02-24,268,23868,21015,Approved,2,False,2,False,False,None
CLM000221,POL000712,CUST001478,AGT00010,Fire/Theft/Damage,2022-07-22,2022-07-27,67,73993,59627,Approved,3,True,0,False,False,None
CLM000222,POL000122,CUST002570,AGT00011,Vehicle Damage/Accident,2026-01-28,2026-02-03,21,139326,14130,Rejected,2,False,0,False,True,Early Claim Fraud
CLM000223,POL000945,CUST000095,AGT00367,Hospitalization,2026-10-05,2026-10-17,136,866288,68712,Rejected,3,False,1,True,True,Fake Supporting Documents
CLM000224,POL000224,CUST001282,AGT00110,Vehicle Damage/Accident,2025-01-18,2025-02-11,446,304986,284115,Approved,2,True,3,False,False,None
CLM000225,POL001000,CUST000631,AGT00214,Hospitalization,2027-09-09,2027-10-07,430,980451,875344,Partially Approved,1,True,3,False,False,None
CLM000226,POL000877,CUST002474,AGT00118,Vehicle Damage/Accident,2026-08-10,2026-08-26,51,45802,39098,Partially Approved,5,True,0,False,False,None
CLM000227,POL000023,CUST002356,AGT00290,Hospitalization,2024-10-05,2024-10-14,228,37432,29059,Approved,2,True,3,False,False,None
CLM000228,POL000197,CUST001538,AGT00024,Death Claim,2022-10-25,2022-11-09,5,233439,195267,Approved,2,True,1,False,False,None
CLM000229,POL000479,CUST002255,AGT00151,Hospitalization,2026-01-29,2026-02-06,25,1968409,269401,Partially Approved,7,False,0,False,True,Early Claim Fraud
CLM000230,POL000285,CUST003194,AGT00077,Vehicle Damage/Accident,2022-06-15,2022-06-27,124,117077,114759,Approved,3,True,0,False,False,None
CLM000231,POL000518,CUST002638,AGT00102,Fire/Theft/Damage,2022-09-20,2022-10-04,46,147100,143009,Approved,1,True,3,False,False,None
CLM000232,POL000308,CUST001433,AGT00261,Trip Cancellation/Medical,2022-11-05,2022-11-22,288,141257,105483,Approved,1,False,0,False,False,None
CLM000233,POL000345,CUST002746,AGT00194,Hospitalization,2027-08-21,2027-09-04,481,208671,197566,Approved,5,True,2,False,False,None
CLM000234,POL000601,CUST002532,AGT00251,Death Claim,2025-10-27,2025-11-23,0,1689399,1538830,Approved,1,False,1,False,False,None
CLM000235,POL000991,CUST002307,AGT00001,Vehicle Damage/Accident,2022-06-25,2022-07-15,47,328083,325643,Approved,3,True,2,False,False,None
CLM000236,POL000890,CUST000623,AGT00176,Trip Cancellation/Medical,2026-06-03,2026-06-08,104,150025,125869,Approved,2,True,0,False,False,None
CLM000237,POL000398,CUST002383,AGT00347,Hospitalization,2024-06-27,2024-07-10,149,2487672,2280330,Approved,1,False,3,False,False,None
CLM000238,POL000785,CUST002859,AGT00271,Hospitalization,2025-11-27,2025-12-22,445,485782,125467,Partially Approved,2,True,2,False,True,Multiple/Duplicate Claims
CLM000239,POL000464,CUST000814,AGT00243,Death Claim,2024-08-20,2024-08-26,400,5014144,3614296,Approved,4,True,2,False,False,None
CLM000240,POL000796,CUST000032,AGT00066,Hospitalization,2026-04-01,2026-04-15,182,257907,184153,Approved,2,False,2,False,False,None
CLM000241,POL000777,CUST002612,AGT00069,Hospitalization,2026-09-22,2026-09-28,53,81581,60095,Partially Approved,2,True,3,False,False,None
CLM000242,POL000115,CUST001330,AGT00130,Fire/Theft/Damage,2024-04-21,2024-04-24,275,397445,313527,Approved,2,False,3,False,False,None
CLM000243,POL000636,CUST000286,AGT00083,Trip Cancellation/Medical,2022-09-21,2022-10-07,40,15567,12106,Partially Approved,2,False,0,False,False,None
CLM000244,POL000450,CUST002007,AGT00093,Vehicle Damage/Accident,2025-03-20,2025-04-01,604,304155,279365,Approved,1,False,3,False,False,None
CLM000245,POL000772,CUST001594,AGT00325,Hospitalization,2026-04-01,2026-04-15,1,248787,227584,Partially Approved,3,False,2,False,False,None
CLM000246,POL000404,CUST001797,AGT00335,Hospitalization,2023-12-12,2023-12-14,151,436429,432683,Approved,10,False,0,False,False,None
CLM000247,POL000681,CUST002651,AGT00111,Vehicle Damage/Accident,2024-04-16,2024-05-04,16,494620,182199,Under Investigation,4,True,3,False,True,Multiple/Duplicate Claims
CLM000248,POL000548,CUST001523,AGT00142,Trip Cancellation/Medical,2024-01-21,2024-01-28,94,4840,4750,Approved,2,False,1,False,False,None
CLM000249,POL000229,CUST003178,AGT00292,Vehicle Damage/Accident,2023-07-04,2023-07-09,181,525667,464613,Approved,1,True,3,False,False,None
CLM000250,POL000646,CUST001919,AGT00023,Vehicle Damage/Accident,2024-06-26,2024-07-08,210,231991,196865,Approved,5,True,3,False,False,None
CLM000251,POL000244,CUST000911,AGT00027,Vehicle Damage/Accident,2025-12-26,2026-01-21,277,549816,495028,Approved,2,False,0,False,False,None
CLM000252,POL000065,CUST001775,AGT00273,Hospitalization,2025-10-14,2025-10-31,161,290005,264144,Partially Approved,1,False,0,False,False,None
CLM000253,POL000237,CUST000689,AGT00340,Vehicle Damage/Accident,2026-07-18,2026-07-30,52,426009,320179,Approved,2,True,0,False,False,None
CLM000254,POL000946,CUST000493,AGT00326,Vehicle Damage/Accident,2026-03-16,2026-04-06,396,277674,256991,Approved,5,True,1,False,False,None
CLM000255,POL000960,CUST000552,AGT00172,Vehicle Damage/Accident,2023-03-18,2023-03-29,299,39379,36132,Approved,2,False,1,False,False,None
CLM000256,POL000003,CUST001130,AGT00256,Hospitalization,2026-03-16,2026-03-17,31,1460985,1459903,Approved,6,True,3,False,False,None
CLM000257,POL000500,CUST001888,AGT00280,Fire/Theft/Damage,2025-05-30,2025-06-08,315,11536,11231,Approved,2,True,3,False,False,None
CLM000258,POL000037,CUST003016,AGT00122,Trip Cancellation/Medical,2027-10-22,2027-10-30,647,123158,111507,Approved,2,True,0,False,False,None
CLM000259,POL000621,CUST000904,AGT00277,Death Claim,2024-11-02,2024-11-16,182,312159,285222,Approved,1,False,0,False,False,None
CLM000260,POL000250,CUST001248,AGT00155,Death Claim,2024-04-05,2024-04-09,59,157500,154947,Partially Approved,3,False,1,False,False,None
CLM000261,POL000003,CUST001130,AGT00256,Hospitalization,2026-07-30,2026-08-10,167,423810,419636,Approved,6,False,1,False,False,None
CLM000262,POL000235,CUST002647,AGT00144,Death Claim,2026-06-07,2026-06-24,75,32547,30857,Approved,5,False,0,False,False,None
CLM000263,POL000417,CUST002631,AGT00164,Hospitalization,2026-02-05,2026-03-04,202,1463232,1361124,Approved,3,False,3,False,False,None
CLM000264,POL000955,CUST002179,AGT00005,Vehicle Damage/Accident,2026-06-26,2026-07-04,141,683244,501097,Approved,1,True,1,False,False,None
CLM000265,POL000251,CUST000153,AGT00068,Vehicle Damage/Accident,2026-01-04,2026-01-25,477,99411,94350,Approved,3,True,0,False,False,None
CLM000266,POL000143,CUST000531,AGT00073,Trip Cancellation/Medical,2025-01-10,2025-01-11,173,443872,344426,Approved,3,True,0,False,False,None
CLM000267,POL000760,CUST000207,AGT00313,Vehicle Damage/Accident,2024-02-14,2024-03-03,43,99313,86316,Approved,3,False,0,False,False,None
CLM000268,POL000056,CUST001806,AGT00156,Trip Cancellation/Medical,2027-02-02,2027-02-07,232,207508,170491,Approved,4,False,1,False,False,None
CLM000269,POL000061,CUST002546,AGT00254,Vehicle Damage/Accident,2023-02-10,2023-03-11,64,153440,123316,Approved,2,True,3,False,False,None
CLM000270,POL000068,CUST001551,AGT00306,Hospitalization,2024-12-17,2025-01-11,57,125287,99361,Partially Approved,2,True,1,False,False,None
CLM000271,POL000079,CUST000916,AGT00337,Death Claim,2026-07-24,2026-08-19,89,1979324,1893477,Approved,2,False,3,False,False,None
CLM000272,POL000327,CUST001628,AGT00161,Fire/Theft/Damage,2025-01-02,2025-01-10,2,444763,413959,Approved,6,True,1,False,False,None
CLM000273,POL000367,CUST001081,AGT00252,Death Claim,2023-12-16,2024-01-12,626,1109896,951219,Approved,3,True,0,False,False,None
CLM000274,POL000708,CUST000629,AGT00088,Trip Cancellation/Medical,2023-09-03,2023-09-29,136,124604,112061,Approved,2,False,0,False,False,None
CLM000275,POL000958,CUST000381,AGT00102,Vehicle Damage/Accident,2023-10-21,2023-10-29,267,332897,331351,Approved,2,True,2,False,False,None
CLM000276,POL000707,CUST003115,AGT00122,Death Claim,2023-11-11,2023-12-10,53,1891713,1549805,Approved,3,False,0,False,False,None
CLM000277,POL000535,CUST001111,AGT00012,Death Claim,2024-11-09,2024-11-18,247,1171104,1013391,Approved,4,False,3,False,False,None
CLM000278,POL000526,CUST000006,AGT00256,Death Claim,2025-11-02,2025-11-20,150,3379352,2906435,Partially Approved,1,False,0,False,False,None
CLM000279,POL000390,CUST000105,AGT00311,Fire/Theft/Damage,2024-05-15,2024-05-22,99,234285,85236,Under Investigation,1,True,2,False,True,Multiple/Duplicate Claims
CLM000280,POL000289,CUST002356,AGT00146,Vehicle Damage/Accident,2025-07-15,2025-07-25,635,204607,164804,Approved,2,False,0,False,False,None
CLM000281,POL000521,CUST001355,AGT00068,Hospitalization,2024-03-24,2024-04-14,122,1190852,1185941,Approved,3,False,0,False,False,None
CLM000282,POL000652,CUST001362,AGT00250,Hospitalization,2025-02-19,2025-03-07,192,143863,113854,Approved,8,False,1,False,False,None
CLM000283,POL000754,CUST000247,AGT00309,Vehicle Damage/Accident,2025-02-06,2025-02-09,2,51768,37928,Approved,1,False,3,False,False,None
CLM000284,POL000253,CUST000092,AGT00217,Death Claim,2025-06-23,2025-07-03,64,778458,589613,Approved,1,True,2,False,False,None
CLM000285,POL000739,CUST003108,AGT00308,Vehicle Damage/Accident,2024-05-07,2024-05-15,395,308631,255505,Approved,2,False,1,False,False,None
CLM000286,POL000885,CUST000444,AGT00005,Vehicle Damage/Accident,2027-03-01,2027-03-19,256,673388,602632,Approved,3,False,2,False,False,None
CLM000287,POL000095,CUST002821,AGT00151,Hospitalization,2023-03-06,2023-03-10,138,1096071,937192,Partially Approved,1,False,0,False,False,None
CLM000288,POL000691,CUST000869,AGT00133,Vehicle Damage/Accident,2023-06-05,2023-07-04,414,31067,25253,Approved,3,False,2,False,False,None
CLM000289,POL000003,CUST001130,AGT00256,Hospitalization,2026-06-12,2026-06-24,119,870612,756222,Approved,6,False,1,False,False,None
CLM000290,POL000696,CUST003139,AGT00115,Hospitalization,2025-10-04,2025-10-25,150,146700,139605,Approved,4,True,0,False,False,None
CLM000291,POL000046,CUST002697,AGT00317,Fire/Theft/Damage,2022-04-16,2022-04-21,86,373496,355448,Approved,2,False,1,False,False,None
CLM000292,POL000804,CUST002026,AGT00326,Vehicle Damage/Accident,2025-11-19,2025-11-23,174,35203,32311,Approved,3,True,3,False,False,None
CLM000293,POL000653,CUST002722,AGT00167,Hospitalization,2025-05-28,2025-06-16,69,535106,527472,Approved,4,False,3,False,False,None
CLM000294,POL000525,CUST001030,AGT00060,Hospitalization,2024-09-14,2024-10-03,87,385620,338212,Approved,2,False,3,False,False,None
CLM000295,POL000698,CUST002181,AGT00059,Vehicle Damage/Accident,2027-10-13,2027-10-18,610,161308,113286,Approved,2,False,2,False,False,None
CLM000296,POL000482,CUST000387,AGT00277,Trip Cancellation/Medical,2023-12-29,2024-01-13,21,173386,136503,Approved,6,False,3,False,False,None
CLM000297,POL000597,CUST000239,AGT00254,Trip Cancellation/Medical,2023-02-21,2023-03-05,20,231046,184482,Approved,1,True,2,False,False,None
CLM000298,POL000418,CUST002513,AGT00160,Death Claim,2025-11-11,2025-12-07,7,1272556,1099740,Approved,1,False,2,False,False,None
CLM000299,POL000043,CUST000307,AGT00243,Vehicle Damage/Accident,2025-06-24,2025-07-07,69,157719,153218,Approved,1,False,1,False,False,None
CLM000300,POL000896,CUST002031,AGT00369,Vehicle Damage/Accident,2023-07-22,2023-07-28,91,43378,368,Rejected,1,False,0,False,True,Multiple/Duplicate Claims
CLM000301,POL000668,CUST000306,AGT00125,Hospitalization,2026-06-01,2026-06-30,17,485073,373337,Approved,2,True,0,False,False,None
CLM000302,POL000696,CUST003139,AGT00115,Hospitalization,2025-09-27,2025-10-14,143,169804,145321,Approved,4,False,1,False,False,None
CLM000303,POL000559,CUST002255,AGT00151,Vehicle Damage/Accident,2026-01-30,2026-02-26,157,205633,184605,Approved,7,True,3,False,False,None
CLM000304,POL000931,CUST000790,AGT00149,Death Claim,2023-05-11,2023-05-31,250,590276,588064,Partially Approved,3,False,1,False,False,None
CLM000305,POL000206,CUST002418,AGT00109,Vehicle Damage/Accident,2025-10-03,2025-10-13,671,181288,128604,Approved,1,False,1,False,False,None
CLM000306,POL000722,CUST001025,AGT00367,Vehicle Damage/Accident,2026-03-23,2026-04-06,173,180930,151829,Approved,3,False,0,False,False,None
CLM000307,POL000275,CUST002743,AGT00206,Death Claim,2022-03-10,2022-03-25,21,935270,189202,Partially Approved,1,True,2,False,True,Early Claim Fraud
CLM000308,POL000595,CUST000893,AGT00125,Hospitalization,2024-09-15,2024-09-25,16,136394,21335,Partially Approved,1,False,1,False,True,Early Claim Fraud
CLM000309,POL000097,CUST000864,AGT00191,Vehicle Damage/Accident,2025-03-27,2025-04-02,270,143783,114913,Approved,2,True,1,False,False,None
CLM000310,POL000179,CUST002165,AGT00263,Hospitalization,2023-02-12,2023-03-13,189,294566,206197,Approved,3,False,2,False,False,None
CLM000311,POL000867,CUST001715,AGT00234,Death Claim,2023-12-21,2024-01-06,31,1799234,1576165,Approved,6,False,0,False,False,None
CLM000312,POL000148,CUST002189,AGT00139,Trip Cancellation/Medical,2024-11-16,2024-11-18,52,37749,36242,Approved,3,False,3,False,False,None
CLM000313,POL000797,CUST000868,AGT00177,Hospitalization,2024-01-02,2024-01-12,249,285973,228003,Approved,1,False,1,False,False,None
CLM000314,POL000384,CUST001772,AGT00263,Vehicle Damage/Accident,2024-12-30,2025-01-04,150,124071,121624,Approved,3,True,3,False,False,None
CLM000315,POL000072,CUST001153,AGT00187,Fire/Theft/Damage,2022-09-02,2022-09-29,158,119775,7995,Partially Approved,1,True,3,False,True,Multiple/Duplicate Claims
CLM000316,POL000217,CUST002103,AGT00191,Hospitalization,2024-04-23,2024-05-02,42,1010160,322026,Rejected,1,True,1,False,True,Multiple/Duplicate Claims
CLM000317,POL000721,CUST002206,AGT00060,Vehicle Damage/Accident,2024-04-30,2024-05-19,178,146801,134559,Approved,1,True,3,False,False,None
CLM000318,POL000833,CUST000869,AGT00367,Vehicle Damage/Accident,2026-09-13,2026-10-02,265,87563,17741,Under Investigation,3,False,1,False,True,Multiple/Duplicate Claims
CLM000319,POL000806,CUST000988,AGT00088,Trip Cancellation/Medical,2026-03-26,2026-04-04,389,137005,110379,Approved,3,False,2,False,False,None
CLM000320,POL000433,CUST002500,AGT00303,Vehicle Damage/Accident,2024-03-20,2024-04-05,240,19991,16812,Approved,2,True,2,False,False,None
CLM000321,POL000636,CUST000286,AGT00083,Trip Cancellation/Medical,2023-01-13,2023-02-11,154,35524,9044,Partially Approved,2,False,2,False,True,Exaggerated Claim Amount
CLM000322,POL000501,CUST002448,AGT00172,Hospitalization,2024-06-28,2024-07-17,201,78533,57349,Approved,2,True,2,False,False,None
CLM000323,POL000862,CUST001942,AGT00299,Vehicle Damage/Accident,2023-01-05,2023-01-25,119,327236,291058,Approved,2,False,0,False,False,None
CLM000324,POL000668,CUST000306,AGT00125,Hospitalization,2026-06-30,2026-07-28,46,1105732,998701,Approved,2,True,2,False,False,None
CLM000325,POL000033,CUST000483,AGT00179,Hospitalization,2027-08-01,2027-08-26,384,103234,89541,Partially Approved,3,False,1,False,False,None
CLM000326,POL000781,CUST002613,AGT00330,Vehicle Damage/Accident,2026-11-28,2026-12-02,136,155031,152046,Approved,2,True,1,False,False,None
CLM000327,POL000216,CUST001492,AGT00313,Trip Cancellation/Medical,2025-06-22,2025-06-27,162,471841,415501,Approved,3,False,1,False,False,None
CLM000328,POL000940,CUST002559,AGT00188,Hospitalization,2025-11-19,2025-12-07,830,250632,223155,Approved,3,True,3,False,False,None
CLM000329,POL000101,CUST001302,AGT00129,Hospitalization,2028-06-15,2028-06-23,756,408866,359772,Approved,3,False,1,False,False,None
CLM000330,POL000470,CUST001715,AGT00093,Death Claim,2022-12-28,2023-01-10,158,1926210,1765574,Approved,6,False,0,False,False,None
CLM000331,POL000180,CUST000357,AGT00340,Vehicle Damage/Accident,2022-08-02,2022-08-11,6,374539,46176,Under Investigation,2,False,0,False,True,Early Claim Fraud
CLM000332,POL000639,CUST000430,AGT00074,Death Claim,2024-01-17,2024-01-27,90,36115,34969,Approved,1,False,0,False,False,None
CLM000333,POL000333,CUST002719,AGT00029,Death Claim,2025-05-22,2025-05-26,498,338485,241254,Approved,2,True,0,False,False,None
CLM000334,POL000488,CUST001360,AGT00338,Death Claim,2023-08-20,2023-09-08,61,798071,712057,Approved,3,True,0,False,False,None
CLM000335,POL000460,CUST001005,AGT00326,Hospitalization,2029-05-08,2029-05-12,1299,402348,355934,Partially Approved,1,False,0,False,False,None
CLM000336,POL000377,CUST001244,AGT00108,Death Claim,2026-08-03,2026-09-01,15,1574898,1200759,Approved,5,True,2,False,False,None
CLM000337,POL000681,CUST002651,AGT00111,Vehicle Damage/Accident,2024-08-29,2024-09-11,151,380837,54931,Under Investigation,4,False,0,False,True,Staged Accident
CLM000338,POL000817,CUST000283,AGT00034,Hospitalization,2024-09-08,2024-10-01,130,25765,19108,Approved,1,True,3,False,False,None
CLM000339,POL000878,CUST001841,AGT00111,Vehicle Damage/Accident,2025-10-01,2025-10-18,53,155110,45794,Rejected,2,True,0,True,True,Fake Supporting Documents
CLM000340,POL000135,CUST003090,AGT00128,Death Claim,2027-03-23,2027-04-19,534,732422,231938,Under Investigation,2,False,1,False,True,Multiple/Duplicate Claims
CLM000341,POL000804,CUST002026,AGT00326,Vehicle Damage/Accident,2025-11-18,2025-11-29,173,101751,97347,Partially Approved,3,True,1,False,False,None
CLM000342,POL000605,CUST003080,AGT00098,Vehicle Damage/Accident,2023-10-22,2023-10-24,47,513790,369495,Approved,2,True,3,False,False,None
CLM000343,POL000733,CUST000275,AGT00300,Death Claim,2023-08-08,2023-09-03,87,235798,185521,Approved,3,True,0,False,False,None
CLM000344,POL000410,CUST001505,AGT00281,Death Claim,2023-04-13,2023-04-18,229,6766584,6541898,Approved,2,False,2,False,False,None
CLM000345,POL000155,CUST002904,AGT00187,Vehicle Damage/Accident,2024-01-28,2024-02-22,63,271911,209642,Approved,2,False,2,False,False,None
CLM000346,POL000280,CUST000534,AGT00127,Hospitalization,2024-06-03,2024-06-16,381,464179,463617,Approved,1,False,2,False,False,None
CLM000347,POL000479,CUST002255,AGT00151,Hospitalization,2026-02-05,2026-02-27,32,1982789,1540730,Approved,7,False,2,False,False,None
CLM000348,POL000199,CUST003102,AGT00227,Hospitalization,2025-06-29,2025-07-02,55,215755,198868,Approved,1,True,0,False,False,None
CLM000349,POL000849,CUST000317,AGT00010,Death Claim,2026-08-15,2026-09-03,28,1218849,243313,Rejected,2,False,3,False,True,Multiple/Duplicate Claims
CLM000350,POL000753,CUST000759,AGT00194,Fire/Theft/Damage,2026-06-24,2026-07-23,19,181225,37645,Rejected,2,False,2,False,True,Early Claim Fraud
CLM000351,POL000417,CUST002631,AGT00164,Hospitalization,2025-09-20,2025-10-13,64,397227,308465,Approved,3,False,0,False,False,None
CLM000352,POL000098,CUST001060,AGT00308,Vehicle Damage/Accident,2029-05-01,2029-05-20,1278,109043,27333,Rejected,2,True,0,False,True,Exaggerated Claim Amount
CLM000353,POL000250,CUST001248,AGT00155,Death Claim,2024-02-23,2024-03-10,17,139105,111439,Approved,3,False,0,False,False,None
CLM000354,POL000914,CUST002346,AGT00077,Fire/Theft/Damage,2022-09-15,2022-10-01,43,980688,29116,Partially Approved,3,True,0,False,True,Multiple/Duplicate Claims
CLM000355,POL000105,CUST000985,AGT00077,Hospitalization,2024-04-01,2024-04-27,57,405623,308946,Partially Approved,2,True,0,False,False,None
CLM000356,POL000773,CUST002471,AGT00183,Hospitalization,2026-03-20,2026-03-23,173,1242027,439624,Under Investigation,1,False,1,True,True,Fake Supporting Documents
CLM000357,POL000641,CUST000031,AGT00253,Death Claim,2024-08-27,2024-09-22,246,491550,419623,Approved,3,False,0,False,False,None
CLM000358,POL000327,CUST001628,AGT00161,Fire/Theft/Damage,2025-09-07,2025-10-05,250,658771,542718,Approved,6,False,0,False,False,None
CLM000359,POL000890,CUST000623,AGT00176,Trip Cancellation/Medical,2026-02-20,2026-03-15,1,36873,4164,Partially Approved,2,False,0,False,True,Early Claim Fraud
CLM000360,POL000482,CUST000387,AGT00277,Trip Cancellation/Medical,2024-06-14,2024-07-09,189,23674,19849,Approved,6,False,1,False,False,None
CLM000361,POL000771,CUST002202,AGT00349,Vehicle Damage/Accident,2025-05-08,2025-05-17,179,287302,260832,Approved,3,True,1,False,False,None
CLM000362,POL000804,CUST002026,AGT00326,Vehicle Damage/Accident,2025-10-07,2025-10-26,131,133837,132427,Partially Approved,3,False,3,False,False,None
CLM000363,POL000931,CUST000790,AGT00149,Death Claim,2022-11-27,2022-12-21,85,1597330,1496468,Approved,3,False,3,False,False,None
CLM000364,POL000947,CUST002813,AGT00365,Fire/Theft/Damage,2023-11-22,2023-11-23,287,177583,132910,Approved,2,False,0,False,False,None
CLM000365,POL000377,CUST001244,AGT00108,Death Claim,2026-10-02,2026-10-16,75,2091730,1635336,Approved,5,False,2,False,False,None
CLM000366,POL000652,CUST001362,AGT00250,Hospitalization,2024-09-27,2024-10-25,47,161030,25337,Partially Approved,8,True,0,False,True,Exaggerated Claim Amount
CLM000367,POL000015,CUST001271,AGT00036,Trip Cancellation/Medical,2022-11-04,2022-11-28,66,119742,6517,Under Investigation,1,True,3,False,True,Multiple/Duplicate Claims
CLM000368,POL000900,CUST001635,AGT00023,Vehicle Damage/Accident,2022-10-04,2022-10-15,104,193802,150236,Approved,1,True,2,False,False,None
CLM000369,POL000696,CUST003139,AGT00115,Hospitalization,2025-06-19,2025-07-07,43,75474,57349,Approved,4,False,2,False,False,None
CLM000370,POL000481,CUST000579,AGT00378,Trip Cancellation/Medical,2026-12-26,2027-01-15,168,198808,5101,Rejected,1,False,3,False,True,Exaggerated Claim Amount
CLM000371,POL000016,CUST001890,AGT00043,Hospitalization,2024-12-25,2025-01-01,388,407562,144477,Under Investigation,1,False,0,True,True,Fake Supporting Documents
CLM000372,POL000733,CUST000275,AGT00300,Death Claim,2023-10-22,2023-10-28,162,584066,461531,Partially Approved,3,True,3,False,False,None
CLM000373,POL000902,CUST001185,AGT00217,Vehicle Damage/Accident,2026-02-28,2026-03-12,106,147991,109169,Approved,2,True,2,False,False,None
CLM000374,POL000575,CUST000086,AGT00202,Vehicle Damage/Accident,2025-04-17,2025-05-12,286,404511,76696,Rejected,3,False,1,False,True,Staged Accident
CLM000375,POL000753,CUST000759,AGT00194,Fire/Theft/Damage,2027-02-08,2027-03-04,248,149149,135207,Partially Approved,2,False,0,False,False,None
CLM000376,POL000485,CUST001394,AGT00154,Trip Cancellation/Medical,2024-01-09,2024-01-11,82,46183,35603,Partially Approved,2,False,3,False,False,None
CLM000377,POL000279,CUST002897,AGT00250,Vehicle Damage/Accident,2022-07-18,2022-07-31,166,634083,476546,Approved,1,True,3,False,False,None
CLM000378,POL000333,CUST002719,AGT00029,Death Claim,2024-09-01,2024-09-21,235,463193,333641,Approved,2,False,3,False,False,None
CLM000379,POL000940,CUST002559,AGT00188,Hospitalization,2023-10-01,2023-10-02,50,479549,407612,Approved,3,False,1,False,False,None
CLM000380,POL000257,CUST003018,AGT00077,Death Claim,2022-10-06,2022-10-29,82,961706,916116,Partially Approved,1,False,1,False,False,None
CLM000381,POL000185,CUST001305,AGT00321,Vehicle Damage/Accident,2024-06-10,2024-06-25,20,889278,638239,Approved,1,True,0,False,False,None
CLM000382,POL000588,CUST003082,AGT00087,Fire/Theft/Damage,2027-12-20,2028-01-09,791,38239,2044,Rejected,3,True,0,False,True,Staged Accident
CLM000383,POL000027,CUST000281,AGT00108,Death Claim,2025-08-29,2025-09-06,16,1548998,1386640,Approved,3,False,0,False,False,None
CLM000384,POL000025,CUST001931,AGT00315,Vehicle Damage/Accident,2026-01-11,2026-01-29,33,267088,234433,Approved,1,True,3,False,False,None
CLM000385,POL000854,CUST001882,AGT00362,Hospitalization,2024-05-06,2024-05-21,117,199978,192636,Approved,2,False,1,False,False,None
CLM000386,POL000062,CUST000942,AGT00097,Trip Cancellation/Medical,2026-12-08,2026-12-16,360,60509,58083,Approved,2,False,0,False,False,None
CLM000387,POL000994,CUST001546,AGT00257,Hospitalization,2022-11-06,2022-11-08,79,291751,22885,Partially Approved,1,False,1,False,True,Exaggerated Claim Amount
CLM000388,POL000658,CUST000365,AGT00134,Hospitalization,2025-02-13,2025-02-24,263,2452655,471187,Rejected,2,True,2,False,True,Exaggerated Claim Amount
CLM000389,POL000233,CUST002414,AGT00174,Trip Cancellation/Medical,2024-06-17,2024-06-25,202,80544,72590,Approved,2,False,0,False,False,None
CLM000390,POL000464,CUST000814,AGT00243,Death Claim,2024-01-16,2024-02-14,183,5119155,1908702,Under Investigation,4,False,1,False,True,Exaggerated Claim Amount
CLM000391,POL000349,CUST000487,AGT00005,Hospitalization,2024-05-10,2024-05-23,335,552099,37415,Under Investigation,2,False,0,False,True,Multiple/Duplicate Claims
CLM000392,POL000286,CUST000762,AGT00005,Death Claim,2022-01-11,2022-01-12,2,2734398,563774,Rejected,1,False,1,False,True,Early Claim Fraud
CLM000393,POL000414,CUST002082,AGT00102,Death Claim,2026-06-11,2026-07-10,476,1351441,85276,Under Investigation,3,False,1,True,True,Fake Supporting Documents
CLM000394,POL000596,CUST002249,AGT00265,Vehicle Damage/Accident,2027-06-06,2027-06-24,318,81043,75295,Approved,1,True,3,False,False,None
CLM000395,POL000687,CUST002349,AGT00356,Hospitalization,2027-08-05,2027-08-10,500,868816,731058,Approved,2,False,2,False,False,None
CLM000396,POL000406,CUST001919,AGT00302,Vehicle Damage/Accident,2024-05-16,2024-05-17,284,116799,100936,Approved,5,True,0,False,False,None
CLM000397,POL000381,CUST002560,AGT00197,Hospitalization,2026-04-02,2026-04-14,379,657609,580467,Approved,1,True,1,False,False,None
CLM000398,POL000170,CUST001652,AGT00290,Hospitalization,2023-12-28,2024-01-02,40,1322101,966439,Approved,3,True,0,False,False,None
CLM000399,POL000290,CUST001956,AGT00105,Hospitalization,2026-08-29,2026-09-19,69,90091,86198,Approved,3,False,1,False,False,None
CLM000400,POL000959,CUST003181,AGT00206,Hospitalization,2024-11-02,2024-11-18,68,916701,879061,Approved,1,False,2,False,False,None
CLM000401,POL000516,CUST001100,AGT00108,Death Claim,2025-10-10,2025-11-02,20,1048528,881258,Approved,1,False,1,False,False,None
CLM000402,POL000287,CUST001006,AGT00201,Trip Cancellation/Medical,2025-05-19,2025-06-06,235,78590,69792,Approved,4,False,1,False,False,None
CLM000403,POL000307,CUST002234,AGT00152,Fire/Theft/Damage,2024-11-03,2024-11-05,26,157082,4215,Partially Approved,1,False,0,True,True,Fake Supporting Documents
CLM000404,POL000562,CUST002973,AGT00273,Hospitalization,2023-05-22,2023-06-06,9,1847898,1398704,Approved,2,False,2,False,False,None
CLM000405,POL000782,CUST002261,AGT00357,Vehicle Damage/Accident,2024-05-19,2024-06-16,268,373831,274308,Approved,1,True,1,False,False,None
CLM000406,POL000008,CUST001797,AGT00049,Vehicle Damage/Accident,2024-05-27,2024-06-18,423,78115,55164,Approved,10,True,0,False,False,None
CLM000407,POL000357,CUST001239,AGT00371,Hospitalization,2026-05-23,2026-06-03,260,84989,82767,Approved,2,False,1,False,False,None
CLM000408,POL000581,CUST001487,AGT00048,Trip Cancellation/Medical,2024-01-31,2024-02-29,314,162604,130687,Approved,2,False,0,False,False,None
CLM000409,POL000904,CUST001968,AGT00248,Fire/Theft/Damage,2026-10-29,2026-11-08,162,284179,206242,Approved,1,True,2,False,False,None
CLM000410,POL000139,CUST001172,AGT00013,Vehicle Damage/Accident,2024-04-07,2024-04-10,393,617657,5954,Under Investigation,1,True,3,True,True,Fake Supporting Documents
CLM000411,POL000511,CUST002430,AGT00296,Vehicle Damage/Accident,2025-09-08,2025-09-21,123,584424,422355,Approved,1,True,2,False,False,None
CLM000412,POL000248,CUST003006,AGT00377,Fire/Theft/Damage,2024-09-06,2024-09-19,801,1080144,783725,Partially Approved,3,True,0,False,False,None
CLM000413,POL000541,CUST003150,AGT00204,Vehicle Damage/Accident,2025-06-20,2025-07-14,19,287941,243789,Approved,3,True,2,False,False,None
CLM000414,POL000183,CUST001678,AGT00048,Fire/Theft/Damage,2024-09-09,2024-09-12,298,146695,125079,Approved,7,False,0,False,False,None
CLM000415,POL000725,CUST000507,AGT00257,Fire/Theft/Damage,2026-02-15,2026-02-25,184,47493,13986,Rejected,2,True,0,False,True,Multiple/Duplicate Claims
CLM000416,POL000423,CUST002405,AGT00370,Vehicle Damage/Accident,2023-02-09,2023-02-13,156,118032,16880,Partially Approved,2,True,2,False,True,Multiple/Duplicate Claims
CLM000417,POL000397,CUST000321,AGT00221,Vehicle Damage/Accident,2026-12-08,2026-12-22,232,153407,138139,Approved,1,True,3,False,False,None
CLM000418,POL000832,CUST000704,AGT00214,Trip Cancellation/Medical,2024-02-07,2024-03-07,330,558841,463781,Approved,5,True,2,False,False,None
CLM000419,POL000305,CUST002847,AGT00049,Hospitalization,2026-06-15,2026-07-08,357,483970,432214,Approved,2,False,0,False,False,None
CLM000420,POL000019,CUST001360,AGT00238,Hospitalization,2022-04-10,2022-04-27,34,77745,19236,Under Investigation,3,True,3,False,True,Exaggerated Claim Amount
CLM000421,POL000383,CUST001492,AGT00269,Hospitalization,2025-01-10,2025-01-11,39,394362,328263,Approved,3,False,0,False,False,None
CLM000422,POL000963,CUST001144,AGT00336,Vehicle Damage/Accident,2023-08-04,2023-08-29,2,611445,500160,Approved,3,True,3,False,False,None
CLM000423,POL000226,CUST001926,AGT00144,Vehicle Damage/Accident,2022-11-07,2022-11-22,25,75140,8079,Partially Approved,3,True,2,False,True,Exaggerated Claim Amount
CLM000424,POL000230,CUST001572,AGT00161,Death Claim,2023-12-11,2024-01-08,55,204006,157405,Approved,2,True,2,False,False,None
CLM000425,POL000851,CUST001169,AGT00338,Hospitalization,2027-01-16,2027-02-07,229,1473625,1066223,Partially Approved,3,False,0,False,False,None
CLM000426,POL000608,CUST002259,AGT00367,Hospitalization,2022-11-27,2022-12-18,116,975334,830763,Approved,3,True,3,False,False,None
CLM000427,POL000495,CUST001977,AGT00278,Hospitalization,2027-01-25,2027-01-27,255,654137,563333,Approved,4,False,0,False,False,None
CLM000428,POL000484,CUST001866,AGT00038,Vehicle Damage/Accident,2024-03-19,2024-04-06,119,264983,212210,Partially Approved,4,False,3,False,False,None
CLM000429,POL000627,CUST001227,AGT00197,Vehicle Damage/Accident,2025-09-25,2025-10-02,145,90106,279,Under Investigation,1,True,0,False,True,Staged Accident
CLM000430,POL000359,CUST002692,AGT00268,Death Claim,2023-05-28,2023-06-19,21,2283590,1980074,Approved,2,False,2,False,False,None
CLM000431,POL000692,CUST000214,AGT00287,Death Claim,2024-04-23,2024-05-21,269,3646692,3525268,Approved,2,False,1,False,False,None
CLM000432,POL000373,CUST002771,AGT00253,Hospitalization,2023-09-18,2023-10-01,255,878646,765323,Approved,4,False,0,False,False,None
CLM000433,POL000078,CUST002262,AGT00194,Hospitalization,2024-05-01,2024-05-25,66,198447,150219,Approved,2,False,1,False,False,None
CLM000434,POL000327,CUST001628,AGT00161,Fire/Theft/Damage,2025-03-12,2025-03-15,71,202649,201106,Approved,6,True,2,False,False,None
CLM000435,POL000276,CUST000540,AGT00178,Death Claim,2026-07-18,2026-07-21,44,2034855,1964857,Partially Approved,1,False,1,False,False,None
CLM000436,POL000352,CUST000541,AGT00011,Death Claim,2026-05-22,2026-06-04,302,706455,196565,Partially Approved,1,False,3,False,True,Staged Accident
CLM000437,POL000878,CUST001841,AGT00111,Vehicle Damage/Accident,2026-04-13,2026-05-04,247,77733,60081,Approved,2,False,1,False,False,None
CLM000438,POL000182,CUST002487,AGT00358,Trip Cancellation/Medical,2022-09-11,2022-10-07,169,31262,23971,Approved,1,False,0,False,False,None
CLM000439,POL000505,CUST001740,AGT00195,Vehicle Damage/Accident,2023-06-27,2023-07-01,49,16909,1104,Partially Approved,2,True,1,True,True,Fake Supporting Documents
CLM000440,POL000607,CUST001416,AGT00008,Hospitalization,2023-12-30,2024-01-15,33,762843,37244,Under Investigation,3,False,3,False,True,Multiple/Duplicate Claims
CLM000441,POL000598,CUST000915,AGT00309,Trip Cancellation/Medical,2023-11-23,2023-12-21,9,20488,18263,Approved,4,False,2,False,False,None
CLM000442,POL000389,CUST001144,AGT00208,Hospitalization,2022-05-16,2022-05-24,8,216552,193173,Approved,3,False,3,False,False,None
CLM000443,POL000607,CUST001416,AGT00008,Hospitalization,2024-01-03,2024-01-25,37,1812136,1367684,Approved,3,True,0,False,False,None
CLM000444,POL000335,CUST000335,AGT00195,Hospitalization,2025-08-28,2025-09-05,19,124410,113396,Approved,1,True,3,False,False,None
CLM000445,POL000446,CUST000959,AGT00174,Trip Cancellation/Medical,2022-07-15,2022-07-31,146,485873,442932,Approved,7,True,1,False,False,None
CLM000446,POL000509,CUST000021,AGT00167,Fire/Theft/Damage,2026-07-15,2026-08-07,79,979894,788823,Approved,1,True,1,False,False,None
CLM000447,POL000657,CUST000663,AGT00207,Trip Cancellation/Medical,2024-01-05,2024-01-07,105,27217,22998,Approved,1,True,3,False,False,None
CLM000448,POL000248,CUST003006,AGT00377,Fire/Theft/Damage,2022-12-07,2022-12-16,162,937999,890938,Approved,3,False,1,False,False,None
CLM000449,POL000693,CUST001618,AGT00159,Death Claim,2026-05-26,2026-06-22,193,395058,338543,Partially Approved,3,False,1,False,False,None
CLM000450,POL000293,CUST000954,AGT00195,Fire/Theft/Damage,2026-07-06,2026-07-19,188,790718,700138,Approved,2,False,0,False,False,None
CLM000451,POL000531,CUST002778,AGT00125,Vehicle Damage/Accident,2022-12-05,2022-12-27,54,31501,25951,Approved,1,True,0,False,False,None
CLM000452,POL000138,CUST000294,AGT00029,Fire/Theft/Damage,2025-04-06,2025-05-03,298,446822,332828,Approved,1,True,0,False,False,None
CLM000453,POL000556,CUST000047,AGT00057,Trip Cancellation/Medical,2026-10-24,2026-11-20,449,308621,308441,Approved,2,False,2,False,False,None
CLM000454,POL000738,CUST002895,AGT00095,Vehicle Damage/Accident,2023-03-10,2023-04-01,68,28645,24619,Approved,3,True,2,False,False,None
CLM000455,POL000945,CUST000095,AGT00367,Hospitalization,2026-05-25,2026-06-06,3,431493,345597,Partially Approved,3,False,0,False,False,None
CLM000456,POL000345,CUST002746,AGT00194,Hospitalization,2027-06-13,2027-06-15,412,76547,69974,Approved,5,True,3,False,False,None
CLM000457,POL000037,CUST003016,AGT00122,Trip Cancellation/Medical,2027-04-20,2027-04-29,462,75230,66672,Approved,2,False,3,False,False,None
CLM000458,POL000314,CUST002056,AGT00354,Death Claim,2022-10-01,2022-10-02,9,333150,256483,Approved,1,True,3,False,False,None
CLM000459,POL000220,CUST001152,AGT00007,Fire/Theft/Damage,2022-03-28,2022-04-03,0,131837,126969,Approved,2,True,0,False,False,None
CLM000460,POL000640,CUST001605,AGT00008,Vehicle Damage/Accident,2023-02-19,2023-03-15,305,139583,100677,Approved,2,True,2,False,False,None
CLM000461,POL000143,CUST000531,AGT00073,Trip Cancellation/Medical,2024-09-23,2024-09-25,64,306610,270340,Approved,3,False,1,False,False,None
CLM000462,POL000404,CUST001797,AGT00335,Hospitalization,2024-09-28,2024-10-01,442,453026,382066,Approved,10,True,3,False,False,None
CLM000463,POL000695,CUST002531,AGT00336,Trip Cancellation/Medical,2025-11-25,2025-12-21,43,178377,40666,Under Investigation,2,False,0,False,True,Multiple/Duplicate Claims
CLM000464,POL000909,CUST001672,AGT00070,Death Claim,2025-02-26,2025-03-13,355,586869,556301,Partially Approved,3,False,0,False,False,None
CLM000465,POL000404,CUST001797,AGT00335,Hospitalization,2023-07-26,2023-08-21,12,1061875,952377,Approved,10,False,1,False,False,None
CLM000466,POL000555,CUST000172,AGT00250,Fire/Theft/Damage,2024-12-16,2024-12-23,54,696672,646407,Approved,2,True,2,False,False,None
CLM000467,POL000479,CUST002255,AGT00151,Hospitalization,2027-10-17,2027-10-30,651,279327,230276,Approved,7,True,2,False,False,None
CLM000468,POL000722,CUST001025,AGT00367,Vehicle Damage/Accident,2025-11-17,2025-12-03,47,416924,513,Under Investigation,3,False,0,False,True,Staged Accident
CLM000469,POL000937,CUST001497,AGT00098,Death Claim,2022-02-28,2022-03-13,25,257121,206575,Approved,1,False,1,False,False,None
CLM000470,POL000560,CUST000453,AGT00161,Death Claim,2025-05-09,2025-06-05,350,843303,724661,Approved,1,True,2,False,False,None
CLM000471,POL000824,CUST000959,AGT00003,Fire/Theft/Damage,2025-03-10,2025-03-22,22,28411,27845,Partially Approved,7,False,1,False,False,None
CLM000472,POL000220,CUST001152,AGT00007,Fire/Theft/Damage,2022-04-15,2022-05-02,18,139031,100791,Approved,2,True,1,False,False,None
CLM000473,POL000367,CUST001081,AGT00252,Death Claim,2022-06-08,2022-06-29,70,497061,364168,Approved,3,True,0,False,False,None
CLM000474,POL000196,CUST001807,AGT00311,Vehicle Damage/Accident,2023-04-08,2023-04-19,181,41331,12387,Under Investigation,3,True,1,False,True,Multiple/Duplicate Claims
CLM000475,POL000984,CUST000401,AGT00045,Death Claim,2027-01-19,2027-02-10,223,2633122,2610522,Approved,1,True,1,False,False,None
CLM000476,POL000684,CUST000743,AGT00369,Vehicle Damage/Accident,2025-12-07,2026-01-02,383,1335921,453128,Partially Approved,1,True,1,False,True,Exaggerated Claim Amount
CLM000477,POL000749,CUST000144,AGT00320,Hospitalization,2023-08-13,2023-08-20,140,785453,663909,Approved,2,False,3,False,False,None
CLM000478,POL000969,CUST002020,AGT00048,Vehicle Damage/Accident,2023-10-04,2023-10-17,89,371660,316586,Approved,2,True,1,False,False,None
CLM000479,POL000687,CUST002349,AGT00356,Hospitalization,2026-06-11,2026-06-21,80,618988,481055,Approved,2,False,1,False,False,None
CLM000480,POL000946,CUST000493,AGT00326,Vehicle Damage/Accident,2026-01-16,2026-01-26,337,496209,411763,Approved,5,True,0,False,False,None
CLM000481,POL000032,CUST000608,AGT00088,Hospitalization,2026-01-23,2026-02-05,231,124283,103080,Partially Approved,1,False,2,False,False,None
CLM000482,POL000736,CUST000951,AGT00151,Fire/Theft/Damage,2026-11-11,2026-12-04,424,216274,153733,Partially Approved,1,False,2,False,False,None
CLM000483,POL000054,CUST001141,AGT00216,Vehicle Damage/Accident,2026-10-19,2026-11-07,598,218719,182837,Approved,2,True,1,False,False,None
CLM000484,POL000423,CUST002405,AGT00370,Vehicle Damage/Accident,2022-11-09,2022-12-02,64,33373,8655,Under Investigation,2,True,0,False,True,Staged Accident
CLM000485,POL000981,CUST002884,AGT00073,Hospitalization,2024-01-27,2024-02-13,135,91231,82083,Approved,2,True,0,False,False,None
CLM000486,POL000698,CUST002181,AGT00059,Vehicle Damage/Accident,2026-08-08,2026-09-04,179,82291,70353,Approved,2,False,1,False,False,None
CLM000487,POL000234,CUST001545,AGT00311,Hospitalization,2026-02-07,2026-02-27,32,470776,451241,Approved,1,False,1,False,False,None
CLM000488,POL000829,CUST001393,AGT00002,Vehicle Damage/Accident,2026-05-20,2026-05-27,9,149344,121008,Approved,1,True,2,False,False,None
CLM000489,POL000743,CUST001637,AGT00170,Vehicle Damage/Accident,2023-09-29,2023-10-22,364,287974,236978,Approved,1,False,2,False,False,None
CLM000490,POL000110,CUST000210,AGT00087,Hospitalization,2025-09-13,2025-09-17,138,289851,252589,Approved,1,False,2,False,False,None
CLM000491,POL000987,CUST001947,AGT00105,Hospitalization,2025-05-24,2025-06-10,152,1928953,1467579,Partially Approved,3,False,1,False,False,None
CLM000492,POL000879,CUST001796,AGT00178,Hospitalization,2025-08-07,2025-08-31,145,220502,180381,Approved,2,True,2,False,False,None
CLM000493,POL000100,CUST001299,AGT00140,Death Claim,2022-11-04,2022-11-08,253,268767,243462,Approved,2,False,0,False,False,None
CLM000494,POL000712,CUST001478,AGT00010,Fire/Theft/Damage,2022-06-13,2022-07-01,28,74863,61652,Approved,3,False,3,False,False,None
CLM000495,POL000211,CUST002278,AGT00328,Death Claim,2025-03-17,2025-04-06,171,4460290,1709306,Under Investigation,1,False,3,True,True,Fake Supporting Documents
CLM000496,POL000733,CUST000275,AGT00300,Death Claim,2023-09-04,2023-09-12,114,537274,475267,Approved,3,False,3,False,False,None
CLM000497,POL000403,CUST001569,AGT00094,Fire/Theft/Damage,2023-07-26,2023-08-03,409,102271,76307,Partially Approved,1,False,0,False,False,None
CLM000498,POL000837,CUST001267,AGT00093,Death Claim,2023-09-09,2023-09-30,131,747381,632458,Approved,4,True,3,False,False,None
CLM000499,POL000150,CUST000189,AGT00344,Vehicle Damage/Accident,2025-12-04,2025-12-20,515,375850,349327,Partially Approved,3,False,1,False,False,None
CLM000500,POL000675,CUST001466,AGT00135,Vehicle Damage/Accident,2022-09-14,2022-09-29,78,32775,29268,Approved,2,True,1,False,False,None
CLM000501,POL000394,CUST000889,AGT00213,Hospitalization,2027-07-18,2027-08-05,613,89635,86549,Approved,1,False,3,False,False,None
CLM000502,POL000655,CUST002485,AGT00008,Hospitalization,2024-09-21,2024-10-14,374,759590,270324,Partially Approved,2,True,3,False,True,Multiple/Duplicate Claims
CLM000503,POL000258,CUST002602,AGT00285,Vehicle Damage/Accident,2023-11-14,2023-12-03,157,22486,16155,Partially Approved,1,True,2,False,False,None
CLM000504,POL000245,CUST001355,AGT00008,Hospitalization,2023-08-05,2023-08-11,78,1346552,988037,Partially Approved,3,False,0,False,False,None
CLM000505,POL000150,CUST000189,AGT00344,Vehicle Damage/Accident,2024-09-29,2024-10-08,84,133549,119516,Approved,3,False,2,False,False,None
CLM000506,POL000624,CUST002095,AGT00088,Fire/Theft/Damage,2025-05-27,2025-06-25,266,66202,51076,Approved,2,False,0,False,False,None
CLM000507,POL000099,CUST000079,AGT00268,Death Claim,2024-12-17,2025-01-02,156,6185466,5420636,Approved,2,False,2,False,False,None
CLM000508,POL000103,CUST002360,AGT00216,Vehicle Damage/Accident,2025-02-15,2025-03-08,92,52390,49124,Approved,1,False,1,False,False,None
CLM000509,POL000723,CUST000217,AGT00299,Hospitalization,2023-10-19,2023-10-28,181,1640227,552915,Rejected,1,True,0,True,True,Fake Supporting Documents
CLM000510,POL000012,CUST003142,AGT00160,Vehicle Damage/Accident,2024-09-20,2024-10-10,237,170007,140195,Approved,1,False,3,False,False,None
CLM000511,POL000893,CUST000234,AGT00176,Death Claim,2025-07-08,2025-08-02,4,3528147,3153743,Partially Approved,2,False,0,False,False,None
CLM000512,POL000226,CUST001926,AGT00144,Vehicle Damage/Accident,2022-10-29,2022-11-15,16,13460,4179,Partially Approved,3,True,0,False,True,Multiple/Duplicate Claims
CLM000513,POL000958,CUST000381,AGT00102,Vehicle Damage/Accident,2023-02-13,2023-02-17,17,195500,179266,Approved,2,True,2,False,False,None
CLM000514,POL000813,CUST000869,AGT00198,Fire/Theft/Damage,2024-05-16,2024-05-31,47,52062,47329,Approved,3,True,3,False,False,None
CLM000515,POL000442,CUST002759,AGT00301,Hospitalization,2022-12-20,2022-12-31,100,1252832,1070320,Approved,2,False,2,False,False,None
CLM000516,POL000148,CUST002189,AGT00139,Trip Cancellation/Medical,2025-07-15,2025-07-29,293,15021,11771,Partially Approved,3,False,3,False,False,None
CLM000517,POL000179,CUST002165,AGT00263,Hospitalization,2022-10-23,2022-11-09,77,221219,207784,Approved,3,False,2,False,False,None
CLM000518,POL000007,CUST001639,AGT00309,Hospitalization,2022-04-01,2022-04-29,3,1414006,1206380,Partially Approved,2,True,3,False,False,None
CLM000519,POL000152,CUST002718,AGT00363,Hospitalization,2023-03-30,2023-04-12,118,614455,441026,Partially Approved,2,True,0,False,False,None
CLM000520,POL000835,CUST000233,AGT00376,Hospitalization,2027-06-15,2027-06-24,1024,401529,391725,Partially Approved,3,False,1,False,False,None
CLM000521,POL000582,CUST000442,AGT00344,Hospitalization,2025-10-02,2025-10-26,77,542436,504636,Approved,1,True,3,False,False,None
CLM000522,POL000353,CUST001536,AGT00062,Death Claim,2026-02-13,2026-03-01,585,366855,321160,Approved,1,False,2,False,False,None
CLM000523,POL000565,CUST001009,AGT00009,Hospitalization,2022-09-10,2022-09-18,19,62748,52146,Approved,1,False,0,False,False,None
CLM000524,POL000674,CUST003127,AGT00014,Trip Cancellation/Medical,2024-01-12,2024-01-26,34,123747,122258,Approved,2,False,2,False,False,None
CLM000525,POL000417,CUST002631,AGT00164,Hospitalization,2026-03-06,2026-03-21,231,459976,104741,Rejected,3,False,0,False,True,Staged Accident
CLM000526,POL000605,CUST003080,AGT00098,Vehicle Damage/Accident,2024-01-08,2024-01-15,125,231223,72129,Rejected,2,True,0,False,True,Staged Accident
CLM000527,POL000663,CUST001202,AGT00167,Hospitalization,2024-12-30,2025-01-24,260,460085,412211,Approved,1,False,3,False,False,None
CLM000528,POL000570,CUST002732,AGT00008,Fire/Theft/Damage,2024-12-23,2025-01-19,358,265236,208004,Approved,1,True,2,False,False,None
CLM000529,POL000196,CUST001807,AGT00311,Vehicle Damage/Accident,2022-11-30,2022-12-11,52,126497,45595,Partially Approved,3,True,0,True,True,Fake Supporting Documents
CLM000530,POL000325,CUST000211,AGT00269,Hospitalization,2025-12-30,2026-01-28,206,392602,307013,Approved,3,False,2,False,False,None
CLM000531,POL000482,CUST000387,AGT00277,Trip Cancellation/Medical,2024-05-24,2024-05-27,168,177993,140247,Approved,6,False,0,False,False,None
CLM000532,POL000208,CUST002583,AGT00054,Hospitalization,2023-01-16,2023-01-23,355,266812,245979,Approved,3,False,3,False,False,None
CLM000533,POL000936,CUST002264,AGT00163,Vehicle Damage/Accident,2022-12-24,2023-01-15,101,71730,53224,Approved,1,True,1,False,False,None
CLM000534,POL000303,CUST000184,AGT00209,Vehicle Damage/Accident,2025-12-16,2025-12-21,9,179961,167953,Approved,1,True,1,False,False,None
CLM000535,POL000299,CUST000844,AGT00006,Fire/Theft/Damage,2026-08-24,2026-09-02,153,386547,331277,Approved,1,True,1,False,False,None
CLM000536,POL000957,CUST002196,AGT00033,Vehicle Damage/Accident,2025-06-15,2025-07-05,574,136972,111683,Approved,1,False,1,False,False,None
CLM000537,POL000426,CUST001177,AGT00138,Vehicle Damage/Accident,2022-08-18,2022-09-06,2,411347,325013,Approved,1,True,3,False,False,None
CLM000538,POL000062,CUST000942,AGT00097,Trip Cancellation/Medical,2026-01-31,2026-02-13,49,121580,103824,Approved,2,False,3,False,False,None
CLM000539,POL000195,CUST001166,AGT00112,Death Claim,2023-02-22,2023-03-21,68,1307368,1039691,Partially Approved,4,False,3,False,False,None
CLM000540,POL000567,CUST002903,AGT00320,Trip Cancellation/Medical,2024-07-12,2024-07-31,261,47611,39461,Approved,2,False,2,False,False,None
CLM000541,POL000363,CUST002101,AGT00250,Death Claim,2023-01-13,2023-01-29,70,172636,61732,Rejected,1,False,0,True,True,Fake Supporting Documents
CLM000542,POL000561,CUST001419,AGT00369,Death Claim,2026-03-30,2026-04-01,49,445091,395151,Partially Approved,1,True,0,False,False,None
CLM000543,POL000618,CUST000620,AGT00302,Hospitalization,2024-03-14,2024-03-15,188,1051386,319304,Under Investigation,2,False,1,False,True,Staged Accident
CLM000544,POL000945,CUST000095,AGT00367,Hospitalization,2026-05-30,2026-06-02,8,425406,61481,Under Investigation,3,False,1,False,True,Early Claim Fraud
CLM000545,POL000078,CUST002262,AGT00194,Hospitalization,2024-03-29,2024-04-22,33,845351,798452,Approved,2,True,0,False,False,None
CLM000546,POL000887,CUST001499,AGT00337,Death Claim,2025-01-25,2025-02-06,94,859408,653585,Approved,1,True,0,False,False,None
CLM000547,POL000929,CUST002442,AGT00367,Hospitalization,2022-04-03,2022-04-09,79,281004,280592,Approved,1,True,0,False,False,None
CLM000548,POL000284,CUST002468,AGT00100,Death Claim,2026-06-04,2026-06-06,76,2487528,2096317,Approved,3,True,3,False,False,None
CLM000549,POL000057,CUST003199,AGT00103,Fire/Theft/Damage,2026-08-16,2026-09-09,20,33517,30683,Approved,1,False,3,False,False,None
CLM000550,POL000681,CUST002651,AGT00111,Vehicle Damage/Accident,2024-06-19,2024-07-05,80,97280,87875,Approved,4,False,3,False,False,None
CLM000551,POL000376,CUST000333,AGT00111,Fire/Theft/Damage,2023-11-10,2023-12-09,287,373606,324979,Approved,4,False,1,False,False,None
CLM000552,POL000376,CUST000333,AGT00111,Fire/Theft/Damage,2023-05-03,2023-05-08,96,1161296,372481,Rejected,4,False,3,False,True,Multiple/Duplicate Claims
CLM000553,POL000719,CUST002808,AGT00081,Vehicle Damage/Accident,2022-08-19,2022-08-31,158,109657,83908,Approved,3,True,0,False,False,None
CLM000554,POL000772,CUST001594,AGT00325,Hospitalization,2026-05-02,2026-05-06,32,580546,479832,Approved,3,False,1,False,False,None
CLM000555,POL000788,CUST001741,AGT00196,Vehicle Damage/Accident,2025-11-05,2025-11-19,13,35376,26118,Approved,1,True,1,False,False,None
CLM000556,POL000373,CUST002771,AGT00253,Hospitalization,2024-01-22,2024-02-08,381,996171,751661,Approved,4,True,3,False,False,None
CLM000557,POL000857,CUST001179,AGT00276,Death Claim,2026-04-25,2026-05-07,72,523618,478528,Approved,1,True,1,False,False,None
CLM000558,POL000675,CUST001466,AGT00135,Vehicle Damage/Accident,2022-09-13,2022-09-26,77,284504,199566,Approved,2,True,0,False,False,None
CLM000559,POL000244,CUST000911,AGT00027,Vehicle Damage/Accident,2026-04-06,2026-04-23,378,113864,110100,Approved,2,False,1,False,False,None
CLM000560,POL000762,CUST002567,AGT00241,Death Claim,2023-12-20,2024-01-09,221,872323,776328,Approved,2,False,2,False,False,None
CLM000561,POL000821,CUST002161,AGT00193,Vehicle Damage/Accident,2022-12-09,2023-01-06,254,61016,50781,Partially Approved,2,True,0,False,False,None
CLM000562,POL000039,CUST002836,AGT00109,Vehicle Damage/Accident,2024-11-18,2024-12-03,206,62739,22057,Rejected,3,True,0,False,True,Multiple/Duplicate Claims
CLM000563,POL000309,CUST003141,AGT00344,Fire/Theft/Damage,2024-10-15,2024-11-13,20,501675,370177,Approved,2,False,3,False,False,None
CLM000564,POL000633,CUST000340,AGT00088,Death Claim,2026-05-19,2026-05-28,570,617029,602509,Approved,1,False,0,False,False,None
CLM000565,POL000086,CUST001806,AGT00001,Death Claim,2025-01-29,2025-02-24,431,1414427,1292357,Approved,4,True,0,False,False,None
CLM000566,POL000099,CUST000079,AGT00268,Death Claim,2024-08-31,2024-09-10,48,1027831,823208,Approved,2,False,1,False,False,None
CLM000567,POL000374,CUST000684,AGT00379,Trip Cancellation/Medical,2024-01-14,2024-01-20,293,39263,28319,Partially Approved,1,False,2,False,False,None
CLM000568,POL000758,CUST002423,AGT00228,Vehicle Damage/Accident,2024-04-15,2024-05-02,94,80993,64608,Approved,1,True,1,False,False,None
CLM000569,POL000495,CUST001977,AGT00278,Hospitalization,2026-12-08,2026-12-20,207,2421625,275748,Rejected,4,True,2,False,True,Exaggerated Claim Amount
CLM000570,POL000860,CUST000360,AGT00084,Vehicle Damage/Accident,2024-06-26,2024-07-20,32,19865,18591,Approved,1,True,0,False,False,None
CLM000571,POL000906,CUST003189,AGT00038,Trip Cancellation/Medical,2025-11-23,2025-12-21,139,42841,39237,Approved,1,True,1,False,False,None
CLM000572,POL000208,CUST002583,AGT00054,Hospitalization,2022-02-19,2022-02-28,24,654406,166641,Rejected,3,True,1,True,True,Fake Supporting Documents
CLM000573,POL000625,CUST001764,AGT00041,Vehicle Damage/Accident,2024-04-18,2024-04-20,138,268507,259311,Approved,1,False,3,False,False,None
CLM000574,POL000983,CUST002241,AGT00257,Hospitalization,2023-12-02,2023-12-18,50,465806,351312,Approved,1,False,1,False,False,None
CLM000575,POL000083,CUST002802,AGT00186,Death Claim,2024-12-04,2024-12-20,108,1241834,1037663,Approved,4,False,2,False,False,None
CLM000576,POL000577,CUST001983,AGT00254,Trip Cancellation/Medical,2023-03-31,2023-04-22,198,59974,54767,Partially Approved,3,False,2,False,False,None
CLM000577,POL000001,CUST000680,AGT00223,Hospitalization,2025-11-11,2025-12-04,377,104972,75615,Approved,3,True,0,False,False,None
CLM000578,POL000437,CUST002452,AGT00265,Hospitalization,2023-07-14,2023-08-10,32,1653861,1342609,Approved,1,True,3,False,False,None
CLM000579,POL000686,CUST001979,AGT00297,Fire/Theft/Damage,2023-10-15,2023-11-13,402,161176,140464,Approved,2,True,3,False,False,None
CLM000580,POL000250,CUST001248,AGT00155,Death Claim,2024-05-04,2024-05-05,88,458661,371534,Approved,3,False,1,False,False,None
CLM000581,POL000410,CUST001505,AGT00281,Death Claim,2023-07-27,2023-08-23,334,1745079,1472950,Approved,2,True,0,False,False,None
CLM000582,POL000738,CUST002895,AGT00095,Vehicle Damage/Accident,2023-05-10,2023-05-31,129,132926,117298,Approved,3,True,2,False,False,None
CLM000583,POL000386,CUST002612,AGT00115,Death Claim,2027-07-05,2027-08-01,356,955204,774209,Approved,2,True,3,False,False,None
CLM000584,POL000796,CUST000032,AGT00066,Hospitalization,2026-04-14,2026-04-25,195,724212,529981,Approved,2,True,0,False,False,None
CLM000585,POL000084,CUST000386,AGT00191,Trip Cancellation/Medical,2023-02-28,2023-03-21,127,279142,207076,Approved,2,True,1,False,False,None
CLM000586,POL000490,CUST000906,AGT00049,Vehicle Damage/Accident,2026-04-11,2026-04-14,67,348065,298674,Partially Approved,1,False,3,False,False,None
CLM000587,POL000239,CUST002059,AGT00085,Fire/Theft/Damage,2024-06-30,2024-07-02,624,981797,738725,Approved,2,True,1,False,False,None
CLM000588,POL000923,CUST002828,AGT00001,Hospitalization,2026-10-21,2026-11-04,290,136599,16168,Partially Approved,3,True,2,True,True,Fake Supporting Documents
CLM000589,POL000540,CUST002176,AGT00303,Hospitalization,2024-06-25,2024-06-26,86,466647,443433,Approved,2,False,2,False,False,None
CLM000590,POL000380,CUST001822,AGT00217,Death Claim,2024-08-14,2024-08-20,32,654114,526371,Approved,1,False,0,False,False,None
CLM000591,POL000799,CUST001267,AGT00129,Hospitalization,2025-09-17,2025-09-24,272,885129,840249,Approved,4,False,1,False,False,None
CLM000592,POL000943,CUST001845,AGT00157,Fire/Theft/Damage,2025-03-31,2025-04-02,827,83387,71709,Approved,1,False,0,False,False,None
CLM000593,POL000391,CUST002722,AGT00087,Vehicle Damage/Accident,2025-10-07,2025-10-09,58,62421,46673,Approved,4,True,2,False,False,None
CLM000594,POL000328,CUST001361,AGT00288,Vehicle Damage/Accident,2025-12-17,2026-01-01,445,39217,34678,Partially Approved,1,True,3,False,False,None
CLM000595,POL000480,CUST002717,AGT00367,Vehicle Damage/Accident,2024-12-14,2025-01-04,24,120642,40161,Rejected,1,True,2,False,True,Early Claim Fraud
CLM000596,POL000971,CUST001722,AGT00221,Trip Cancellation/Medical,2024-04-01,2024-04-06,547,260411,188841,Partially Approved,1,False,0,False,False,None
CLM000597,POL000304,CUST001284,AGT00104,Vehicle Damage/Accident,2025-03-27,2025-04-09,246,141666,112530,Partially Approved,1,False,1,False,False,None
CLM000598,POL000282,CUST000467,AGT00223,Hospitalization,2025-01-07,2025-01-26,76,1523724,1069067,Approved,1,False,2,False,False,None
CLM000599,POL000695,CUST002531,AGT00336,Trip Cancellation/Medical,2025-12-17,2026-01-05,65,178464,141866,Approved,2,False,0,False,False,None
CLM000600,POL000345,CUST002746,AGT00194,Hospitalization,2026-10-29,2026-11-13,185,137035,109714,Approved,5,False,1,False,False,None
CLM000601,POL000135,CUST003090,AGT00128,Death Claim,2026-03-16,2026-03-17,162,1572799,1398316,Approved,2,True,0,False,False,None
CLM000602,POL000468,CUST000008,AGT00022,Death Claim,2025-09-09,2025-09-12,452,360110,273580,Partially Approved,1,False,2,False,False,None
CLM000603,POL000361,CUST001137,AGT00277,Fire/Theft/Damage,2027-03-31,2027-04-25,261,130295,92382,Approved,1,False,1,False,False,None
CLM000604,POL000569,CUST001134,AGT00152,Death Claim,2023-05-30,2023-06-17,139,107134,85138,Approved,2,False,2,False,False,None
CLM000605,POL000115,CUST001330,AGT00130,Fire/Theft/Damage,2024-11-04,2024-11-21,472,689779,653693,Approved,2,False,2,False,False,None
CLM000606,POL000186,CUST001535,AGT00328,Vehicle Damage/Accident,2025-03-29,2025-04-23,161,213766,175233,Approved,4,False,2,False,False,None
CLM000607,POL000478,CUST000483,AGT00035,Vehicle Damage/Accident,2023-12-03,2023-12-24,341,186616,153870,Approved,3,True,2,False,False,None
CLM000608,POL000888,CUST000927,AGT00328,Death Claim,2025-06-25,2025-07-03,330,1622744,1364254,Approved,1,False,2,False,False,None
CLM000609,POL000001,CUST000680,AGT00223,Hospitalization,2026-01-25,2026-02-05,452,48030,44453,Approved,3,True,0,False,False,None
CLM000610,POL000850,CUST001889,AGT00027,Vehicle Damage/Accident,2024-10-13,2024-11-02,12,147942,124864,Partially Approved,2,True,3,False,False,None
CLM000611,POL000968,CUST001947,AGT00280,Vehicle Damage/Accident,2025-12-28,2026-01-05,157,704828,512681,Approved,3,False,3,False,False,None
CLM000612,POL000541,CUST003150,AGT00204,Vehicle Damage/Accident,2025-09-22,2025-10-20,113,62782,47834,Approved,3,True,2,False,False,None
CLM000613,POL000744,CUST001456,AGT00108,Trip Cancellation/Medical,2024-08-04,2024-08-25,121,191394,144764,Approved,1,False,2,False,False,None
CLM000614,POL000662,CUST001173,AGT00024,Vehicle Damage/Accident,2025-07-13,2025-07-19,110,661543,563872,Approved,1,True,2,False,False,None
CLM000615,POL000992,CUST001359,AGT00328,Hospitalization,2023-08-06,2023-08-12,327,1593603,1129830,Approved,1,False,1,False,False,None
CLM000616,POL000424,CUST002575,AGT00353,Hospitalization,2023-08-13,2023-08-19,69,62568,49121,Partially Approved,3,False,2,False,False,None
CLM000617,POL000702,CUST003036,AGT00218,Hospitalization,2026-09-04,2026-09-06,111,44497,39253,Approved,2,True,1,False,False,None
CLM000618,POL000270,CUST002528,AGT00012,Death Claim,2024-11-23,2024-12-03,40,3943172,3179754,Approved,1,False,0,False,False,None
CLM000619,POL000760,CUST000207,AGT00313,Vehicle Damage/Accident,2024-02-23,2024-03-04,52,154378,140841,Approved,3,True,3,False,False,None
CLM000620,POL000898,CUST000387,AGT00002,Vehicle Damage/Accident,2026-09-10,2026-09-19,194,226108,184813,Approved,6,True,2,False,False,None
CLM000621,POL000419,CUST000348,AGT00197,Vehicle Damage/Accident,2022-11-18,2022-12-11,22,744456,739823,Approved,2,True,3,False,False,None
CLM000622,POL000327,CUST001628,AGT00161,Fire/Theft/Damage,2025-02-06,2025-02-09,37,865027,334528,Under Investigation,6,True,0,False,True,Exaggerated Claim Amount
CLM000623,POL000195,CUST001166,AGT00112,Death Claim,2023-04-30,2023-05-02,135,636860,598617,Approved,4,False,3,False,False,None
CLM000624,POL000893,CUST000234,AGT00176,Death Claim,2025-07-12,2025-07-16,8,1895060,1869130,Partially Approved,2,False,0,False,False,None
CLM000625,POL000255,CUST001665,AGT00027,Trip Cancellation/Medical,2022-09-24,2022-10-02,24,31826,24233,Approved,1,False,2,False,False,None
CLM000626,POL000079,CUST000916,AGT00337,Death Claim,2027-04-19,2027-04-28,358,3178592,2941077,Approved,2,False,0,False,False,None
CLM000627,POL000875,CUST002725,AGT00080,Hospitalization,2027-05-30,2027-06-25,336,1942788,1547425,Approved,1,False,2,False,False,None
CLM000628,POL000098,CUST001060,AGT00308,Vehicle Damage/Accident,2026-01-15,2026-01-17,76,162785,149369,Approved,2,False,3,False,False,None
CLM000629,POL000150,CUST000189,AGT00344,Vehicle Damage/Accident,2024-09-21,2024-10-07,76,275900,224077,Approved,3,True,0,False,False,None
CLM000630,POL000786,CUST002898,AGT00104,Death Claim,2026-08-27,2026-09-02,496,1252720,985672,Approved,1,False,1,False,False,None
CLM000631,POL000814,CUST002064,AGT00292,Trip Cancellation/Medical,2026-05-05,2026-05-13,4,76271,75328,Approved,1,False,1,False,False,None
CLM000632,POL000850,CUST001889,AGT00027,Vehicle Damage/Accident,2025-03-06,2025-03-09,156,57424,43812,Partially Approved,2,True,1,False,False,None
CLM000633,POL000447,CUST001231,AGT00181,Fire/Theft/Damage,2023-11-09,2023-11-20,163,316447,293526,Approved,2,False,2,False,False,None
CLM000634,POL000123,CUST002629,AGT00045,Death Claim,2027-04-10,2027-05-05,279,1231305,1111131,Approved,1,True,0,False,False,None
CLM000635,POL000610,CUST002992,AGT00014,Hospitalization,2024-01-31,2024-02-20,545,1566607,1239253,Approved,3,True,1,False,False,None
CLM000636,POL000676,CUST000403,AGT00044,Fire/Theft/Damage,2025-02-24,2025-03-01,79,133553,111851,Approved,1,True,2,False,False,None
CLM000637,POL000558,CUST001811,AGT00215,Vehicle Damage/Accident,2022-09-26,2022-10-08,103,374970,278558,Approved,2,True,1,False,False,None
CLM000638,POL000359,CUST002692,AGT00268,Death Claim,2023-11-23,2023-12-16,200,3139553,3065342,Approved,2,False,3,False,False,None
CLM000639,POL000239,CUST002059,AGT00085,Fire/Theft/Damage,2024-06-21,2024-07-18,615,194196,192338,Approved,2,False,3,False,False,None
CLM000640,POL000742,CUST001101,AGT00001,Death Claim,2026-12-13,2026-12-24,398,1650869,1518368,Partially Approved,3,False,3,False,False,None
CLM000641,POL000805,CUST001585,AGT00136,Trip Cancellation/Medical,2023-11-30,2023-12-05,197,21909,20919,Approved,2,True,1,False,False,None
CLM000642,POL000756,CUST003117,AGT00325,Trip Cancellation/Medical,2023-10-22,2023-11-11,349,116122,84163,Approved,2,False,2,False,False,None
CLM000643,POL000530,CUST000258,AGT00324,Trip Cancellation/Medical,2026-08-01,2026-08-21,16,182113,59338,Partially Approved,1,False,1,False,True,Multiple/Duplicate Claims
CLM000644,POL000683,CUST000449,AGT00165,Fire/Theft/Damage,2024-05-20,2024-06-10,85,350242,279928,Approved,1,False,2,False,False,None
CLM000645,POL000872,CUST001033,AGT00188,Death Claim,2025-10-18,2025-10-21,2,746647,649198,Approved,1,True,1,False,False,None
CLM000646,POL000669,CUST001402,AGT00281,Fire/Theft/Damage,2025-02-06,2025-02-15,35,236121,53337,Rejected,1,False,2,False,True,Multiple/Duplicate Claims
CLM000647,POL000204,CUST000660,AGT00171,Trip Cancellation/Medical,2023-08-07,2023-09-04,179,29032,25229,Approved,1,True,1,False,False,None
CLM000648,POL000658,CUST000365,AGT00134,Hospitalization,2025-06-20,2025-07-08,390,874601,783913,Partially Approved,2,True,0,False,False,None
CLM000649,POL000991,CUST002307,AGT00001,Vehicle Damage/Accident,2022-11-05,2022-11-17,180,709466,524796,Approved,3,True,0,False,False,None
CLM000650,POL000143,CUST000531,AGT00073,Trip Cancellation/Medical,2025-02-02,2025-02-25,196,73273,54186,Approved,3,False,2,False,False,None
CLM000651,POL000187,CUST001490,AGT00317,Fire/Theft/Damage,2025-10-09,2025-10-13,19,514173,365385,Approved,3,False,3,False,False,None
CLM000652,POL000488,CUST001360,AGT00338,Death Claim,2024-01-02,2024-01-26,196,2336002,2168435,Approved,3,False,3,False,False,None
CLM000653,POL000122,CUST002570,AGT00011,Vehicle Damage/Accident,2026-04-26,2026-05-03,109,155909,124618,Approved,2,True,3,False,False,None
CLM000654,POL000350,CUST001278,AGT00331,Fire/Theft/Damage,2024-03-24,2024-04-17,189,35787,27471,Partially Approved,1,False,2,False,False,None
CLM000655,POL000100,CUST001299,AGT00140,Death Claim,2022-05-06,2022-05-26,71,113682,106113,Partially Approved,2,True,0,False,False,None
CLM000656,POL000284,CUST002468,AGT00100,Death Claim,2026-08-23,2026-09-03,156,4745172,1851167,Partially Approved,3,False,2,True,True,Fake Supporting Documents
CLM000657,POL000949,CUST000150,AGT00064,Death Claim,2026-02-07,2026-02-09,99,2332364,1931558,Approved,3,True,1,False,False,None
CLM000658,POL000527,CUST000191,AGT00006,Vehicle Damage/Accident,2025-08-08,2025-08-31,147,43906,40544,Approved,3,True,1,False,False,None
CLM000659,POL000384,CUST001772,AGT00263,Vehicle Damage/Accident,2024-08-30,2024-09-11,28,98274,15901,Partially Approved,3,False,1,False,True,Early Claim Fraud
CLM000660,POL000555,CUST000172,AGT00250,Fire/Theft/Damage,2025-01-21,2025-01-30,90,202743,66212,Under Investigation,2,False,1,True,True,Fake Supporting Documents
CLM000661,POL000801,CUST001166,AGT00177,Vehicle Damage/Accident,2023-12-04,2023-12-10,84,83943,62725,Approved,4,True,1,False,False,None
CLM000662,POL000898,CUST000387,AGT00002,Vehicle Damage/Accident,2026-10-25,2026-11-01,239,28748,21684,Approved,6,True,1,False,False,None
CLM000663,POL000187,CUST001490,AGT00317,Fire/Theft/Damage,2026-04-28,2026-05-04,220,97893,85633,Approved,3,False,3,False,False,None
CLM000664,POL000008,CUST001797,AGT00049,Vehicle Damage/Accident,2024-06-04,2024-06-22,431,239495,169339,Approved,10,True,3,False,False,None
CLM000665,POL000624,CUST002095,AGT00088,Fire/Theft/Damage,2025-03-01,2025-03-14,179,101021,97054,Approved,2,False,1,False,False,None
CLM000666,POL000545,CUST000546,AGT00095,Fire/Theft/Damage,2025-02-16,2025-02-25,67,666074,206480,Rejected,1,True,2,False,True,Exaggerated Claim Amount
CLM000667,POL000419,CUST000348,AGT00197,Vehicle Damage/Accident,2023-07-29,2023-08-19,275,814882,672265,Approved,2,False,0,False,False,None
CLM000668,POL000914,CUST002346,AGT00077,Fire/Theft/Damage,2022-12-04,2023-01-01,123,1481686,1152054,Approved,3,False,1,False,False,None
CLM000669,POL000090,CUST000389,AGT00068,Vehicle Damage/Accident,2025-07-16,2025-08-04,38,69701,67122,Approved,1,False,1,False,False,None
CLM000670,POL000496,CUST002348,AGT00257,Vehicle Damage/Accident,2025-04-23,2025-04-27,247,150169,134063,Approved,1,False,2,False,False,None
CLM000671,POL000661,CUST000176,AGT00016,Fire/Theft/Damage,2022-04-02,2022-04-06,25,758329,633183,Partially Approved,1,False,3,False,False,None
CLM000672,POL000960,CUST000552,AGT00172,Vehicle Damage/Accident,2022-06-27,2022-07-10,35,36311,9552,Rejected,2,False,2,False,True,Staged Accident
CLM000673,POL000924,CUST001652,AGT00015,Hospitalization,2023-07-22,2023-08-19,255,1942349,245536,Rejected,3,False,0,True,True,Fake Supporting Documents
CLM000674,POL000724,CUST002976,AGT00280,Fire/Theft/Damage,2026-05-07,2026-06-01,264,766863,643915,Approved,1,False,0,False,False,None
CLM000675,POL000116,CUST002106,AGT00172,Vehicle Damage/Accident,2026-04-30,2026-05-11,281,674774,544738,Approved,1,True,2,False,False,None
CLM000676,POL000685,CUST001565,AGT00366,Vehicle Damage/Accident,2025-03-28,2025-04-18,62,271575,55423,Under Investigation,2,True,1,True,True,Fake Supporting Documents
CLM000677,POL000020,CUST001446,AGT00208,Death Claim,2025-08-26,2025-08-28,362,1608631,388190,Under Investigation,1,False,3,True,True,Fake Supporting Documents
CLM000678,POL000891,CUST001480,AGT00004,Death Claim,2027-02-20,2027-02-26,230,359969,260362,Approved,1,False,1,False,False,None
CLM000679,POL000132,CUST001668,AGT00129,Vehicle Damage/Accident,2025-06-26,2025-07-08,323,276330,196526,Approved,2,True,1,False,False,None
CLM000680,POL000292,CUST002382,AGT00051,Death Claim,2024-10-07,2024-10-30,221,205064,154255,Partially Approved,1,False,1,False,False,None
CLM000681,POL000354,CUST002061,AGT00146,Death Claim,2025-01-05,2025-01-13,155,556643,431671,Approved,3,True,1,False,False,None
CLM000682,POL000237,CUST000689,AGT00340,Vehicle Damage/Accident,2026-06-16,2026-06-21,20,133522,14033,Rejected,2,False,3,False,True,Early Claim Fraud
CLM000683,POL000589,CUST002542,AGT00334,Fire/Theft/Damage,2025-07-19,2025-08-12,223,73882,29004,Under Investigation,2,True,2,False,True,Multiple/Duplicate Claims
CLM000684,POL000223,CUST002567,AGT00254,Vehicle Damage/Accident,2025-03-19,2025-04-12,211,104757,103446,Partially Approved,2,True,0,False,False,None
CLM000685,POL000436,CUST002575,AGT00316,Trip Cancellation/Medical,2024-05-03,2024-05-23,67,35173,28205,Partially Approved,3,False,0,False,False,None
CLM000686,POL000638,CUST000850,AGT00047,Fire/Theft/Damage,2025-05-31,2025-06-23,239,415839,341204,Approved,1,True,3,False,False,None
CLM000687,POL000039,CUST002836,AGT00109,Vehicle Damage/Accident,2024-09-16,2024-10-14,143,229110,4592,Under Investigation,3,True,2,False,True,Exaggerated Claim Amount
CLM000688,POL000327,CUST001628,AGT00161,Fire/Theft/Damage,2025-05-27,2025-06-25,147,235761,205906,Approved,6,True,3,False,False,None
CLM000689,POL000209,CUST001130,AGT00262,Vehicle Damage/Accident,2023-10-10,2023-10-19,82,165218,141817,Partially Approved,6,True,1,False,False,None
CLM000690,POL000106,CUST001976,AGT00034,Vehicle Damage/Accident,2025-05-27,2025-06-22,22,117637,102658,Approved,1,False,3,False,False,None
CLM000691,POL000652,CUST001362,AGT00250,Hospitalization,2024-09-24,2024-09-28,44,629637,551083,Partially Approved,8,True,2,False,False,None
CLM000692,POL000249,CUST000412,AGT00150,Fire/Theft/Damage,2023-02-04,2023-02-13,263,374160,347864,Approved,2,False,0,False,False,None
CLM000693,POL000567,CUST002903,AGT00320,Trip Cancellation/Medical,2023-12-21,2024-01-02,57,34231,30822,Approved,2,False,3,False,False,None
CLM000694,POL000630,CUST001048,AGT00192,Hospitalization,2025-05-15,2025-05-19,0,1059967,1046393,Approved,1,True,0,False,False,None
CLM000695,POL000862,CUST001942,AGT00299,Vehicle Damage/Accident,2025-07-20,2025-08-06,1046,311409,68699,Partially Approved,2,True,0,True,True,Fake Supporting Documents
CLM000696,POL000688,CUST002755,AGT00265,Vehicle Damage/Accident,2025-03-03,2025-03-23,42,75559,62455,Approved,1,True,0,False,False,None
CLM000697,POL000354,CUST002061,AGT00146,Death Claim,2025-02-10,2025-02-12,191,203588,144693,Approved,3,True,2,False,False,None
CLM000698,POL000470,CUST001715,AGT00093,Death Claim,2023-11-05,2023-11-27,470,1660666,1167983,Partially Approved,6,False,1,False,False,None
CLM000699,POL000725,CUST000507,AGT00257,Fire/Theft/Damage,2026-01-26,2026-02-08,164,60910,44888,Approved,2,True,1,False,False,None
CLM000700,POL000265,CUST001474,AGT00278,Death Claim,2024-09-05,2024-09-20,288,675238,487838,Approved,1,True,2,False,False,None
CLM000701,POL000652,CUST001362,AGT00250,Hospitalization,2026-06-16,2026-06-24,674,618836,502500,Approved,8,True,1,False,False,None
CLM000702,POL000977,CUST003028,AGT00240,Death Claim,2026-07-29,2026-08-04,354,1909985,1367286,Approved,1,False,1,False,False,None
CLM000703,POL000464,CUST000814,AGT00243,Death Claim,2023-12-10,2023-12-19,146,1434549,1273125,Approved,4,False,1,False,False,None
CLM000704,POL000837,CUST001267,AGT00093,Death Claim,2023-07-21,2023-08-12,81,2862882,2167351,Approved,4,False,3,False,False,None
CLM000705,POL000851,CUST001169,AGT00338,Hospitalization,2026-09-27,2026-10-08,118,505044,431403,Approved,3,False,1,False,False,None
CLM000706,POL000441,CUST002825,AGT00227,Fire/Theft/Damage,2023-02-09,2023-03-04,331,45135,32990,Approved,1,True,3,False,False,None
CLM000707,POL000284,CUST002468,AGT00100,Death Claim,2027-02-28,2027-03-12,345,4791394,4543768,Approved,3,False,0,False,False,None
CLM000708,POL000785,CUST002859,AGT00271,Hospitalization,2025-08-10,2025-08-31,336,274495,256374,Partially Approved,2,False,3,False,False,None
CLM000709,POL000534,CUST000010,AGT00138,Hospitalization,2024-07-20,2024-08-13,163,495376,404200,Approved,2,False,1,False,False,None
CLM000710,POL000931,CUST000790,AGT00149,Death Claim,2022-12-28,2022-12-30,116,1686075,1640851,Approved,3,False,2,False,False,None
CLM000711,POL000369,CUST000198,AGT00222,Hospitalization,2024-04-24,2024-04-26,67,349107,263823,Partially Approved,1,False,0,False,False,None
CLM000712,POL000699,CUST001673,AGT00128,Vehicle Damage/Accident,2024-05-08,2024-05-19,0,358636,338617,Approved,3,False,0,False,False,None
CLM000713,POL000719,CUST002808,AGT00081,Vehicle Damage/Accident,2022-11-29,2022-12-07,260,423969,119593,Under Investigation,3,False,3,False,True,Staged Accident
CLM000714,POL000659,CUST000923,AGT00078,Hospitalization,2026-08-16,2026-08-22,58,880404,703331,Approved,1,True,2,False,False,None
CLM000715,POL000495,CUST001977,AGT00278,Hospitalization,2026-07-25,2026-08-12,71,1372231,995290,Approved,4,True,1,False,False,None
CLM000716,POL000946,CUST000493,AGT00326,Vehicle Damage/Accident,2026-01-12,2026-02-03,333,744921,559728,Approved,5,True,3,False,False,None
CLM000717,POL000154,CUST000246,AGT00118,Hospitalization,2022-04-04,2022-05-03,9,146685,18911,Partially Approved,3,True,3,False,True,Early Claim Fraud
CLM000718,POL000620,CUST000132,AGT00229,Hospitalization,2023-08-09,2023-08-20,472,111738,98560,Approved,1,False,0,False,False,None
CLM000719,POL000316,CUST001508,AGT00295,Trip Cancellation/Medical,2022-08-15,2022-09-08,0,197600,152375,Approved,2,True,3,False,False,None
CLM000720,POL000300,CUST002298,AGT00370,Trip Cancellation/Medical,2025-01-05,2025-01-11,503,53231,45180,Approved,1,False,2,False,False,None
CLM000721,POL000440,CUST000339,AGT00375,Vehicle Damage/Accident,2022-09-02,2022-09-11,109,538582,394431,Partially Approved,1,True,3,False,False,None
CLM000722,POL000995,CUST001825,AGT00204,Hospitalization,2026-03-20,2026-04-11,19,145933,106480,Approved,1,False,3,False,False,None
CLM000723,POL000811,CUST000520,AGT00228,Vehicle Damage/Accident,2025-06-01,2025-06-15,201,29521,28704,Approved,1,True,2,False,False,None
CLM000724,POL000151,CUST000158,AGT00048,Hospitalization,2025-07-15,2025-08-03,407,217951,182502,Approved,2,True,3,False,False,None
CLM000725,POL000970,CUST002085,AGT00145,Vehicle Damage/Accident,2024-01-06,2024-01-31,103,138099,111648,Approved,2,True,1,False,False,None
CLM000726,POL000406,CUST001919,AGT00302,Vehicle Damage/Accident,2024-03-04,2024-03-30,211,330810,122224,Under Investigation,5,True,3,True,True,Fake Supporting Documents
CLM000727,POL000175,CUST002345,AGT00353,Vehicle Damage/Accident,2027-12-15,2028-01-05,698,407778,120085,Rejected,1,False,1,False,True,Multiple/Duplicate Claims
CLM000728,POL000055,CUST001811,AGT00043,Vehicle Damage/Accident,2026-08-05,2026-08-11,49,47406,18836,Partially Approved,2,False,2,False,True,Staged Accident
CLM000729,POL000779,CUST002931,AGT00371,Vehicle Damage/Accident,2027-02-13,2027-03-05,309,521089,407437,Approved,1,True,1,False,False,None
CLM000730,POL000311,CUST001797,AGT00107,Vehicle Damage/Accident,2023-06-03,2023-06-22,62,37749,32823,Approved,10,True,2,False,False,None
CLM000731,POL000154,CUST000246,AGT00118,Hospitalization,2022-07-04,2022-07-14,100,287894,87315,Under Investigation,3,True,1,False,True,Multiple/Duplicate Claims
CLM000732,POL000897,CUST002838,AGT00338,Death Claim,2023-04-02,2023-04-16,59,231058,162863,Approved,1,False,1,False,False,None
CLM000733,POL000500,CUST001888,AGT00280,Fire/Theft/Damage,2024-11-02,2024-11-07,106,69895,62641,Approved,2,False,2,False,False,None
CLM000734,POL000996,CUST000308,AGT00262,Vehicle Damage/Accident,2025-03-06,2025-03-18,0,365461,342251,Approved,1,True,2,False,False,None
CLM000735,POL000501,CUST002448,AGT00172,Hospitalization,2024-02-13,2024-03-03,65,160718,142201,Approved,2,False,1,False,False,None
CLM000736,POL000190,CUST001362,AGT00085,Vehicle Damage/Accident,2024-03-01,2024-03-30,106,10324,9921,Approved,8,True,2,False,False,None
CLM000737,POL000506,CUST002355,AGT00283,Vehicle Damage/Accident,2026-02-01,2026-02-03,180,311533,243906,Approved,2,False,0,False,False,None
CLM000738,POL000149,CUST002494,AGT00010,Vehicle Damage/Accident,2022-09-17,2022-10-02,182,259034,196242,Approved,2,True,3,False,False,None
CLM000739,POL000008,CUST001797,AGT00049,Vehicle Damage/Accident,2023-09-04,2023-09-10,157,106273,96621,Approved,10,True,1,False,False,None
CLM000740,POL000660,CUST002161,AGT00309,Hospitalization,2023-09-10,2023-09-18,62,497755,376585,Partially Approved,2,False,0,False,False,None
CLM000741,POL000685,CUST001565,AGT00366,Vehicle Damage/Accident,2026-07-09,2026-07-23,530,53162,38666,Approved,2,True,0,False,False,None
CLM000742,POL000593,CUST000267,AGT00347,Fire/Theft/Damage,2026-04-15,2026-04-18,89,453487,330585,Approved,2,False,0,False,False,None
CLM000743,POL000591,CUST002292,AGT00079,Death Claim,2026-08-24,2026-08-30,44,1513936,1408744,Approved,1,False,2,False,False,None
CLM000744,POL000469,CUST003141,AGT00304,Hospitalization,2026-02-23,2026-03-06,145,290413,205792,Approved,2,False,3,False,False,None
CLM000745,POL000321,CUST001007,AGT00063,Vehicle Damage/Accident,2026-11-20,2026-11-29,248,737396,250220,Rejected,2,True,1,False,True,Exaggerated Claim Amount
CLM000746,POL000572,CUST002912,AGT00374,Vehicle Damage/Accident,2022-11-01,2022-11-18,2,252855,186798,Approved,3,True,3,False,False,None
CLM000747,POL000451,CUST003108,AGT00059,Vehicle Damage/Accident,2023-09-26,2023-10-15,58,490132,454094,Approved,2,True,1,False,False,None
CLM000748,POL000607,CUST001416,AGT00008,Hospitalization,2024-10-05,2024-11-03,313,2116553,598329,Partially Approved,3,True,3,False,True,Multiple/Duplicate Claims
CLM000749,POL000824,CUST000959,AGT00003,Fire/Theft/Damage,2025-06-23,2025-06-25,127,1142002,26629,Under Investigation,7,True,3,False,True,Exaggerated Claim Amount
CLM000750,POL000128,CUST001068,AGT00176,Hospitalization,2022-10-25,2022-11-22,94,288943,267307,Approved,1,True,0,False,False,None
CLM000751,POL000634,CUST000412,AGT00005,Fire/Theft/Damage,2024-05-08,2024-05-16,480,227927,210857,Approved,2,False,2,False,False,None
CLM000752,POL000287,CUST001006,AGT00201,Trip Cancellation/Medical,2024-10-12,2024-11-06,16,303210,83033,Partially Approved,4,False,1,False,True,Staged Accident
CLM000753,POL000853,CUST000690,AGT00232,Vehicle Damage/Accident,2023-01-12,2023-01-22,172,772446,604635,Approved,2,True,1,False,False,None
CLM000754,POL000087,CUST001586,AGT00355,Trip Cancellation/Medical,2026-04-04,2026-04-26,75,427873,374766,Approved,1,True,1,False,False,None
CLM000755,POL000894,CUST001618,AGT00346,Vehicle Damage/Accident,2024-06-04,2024-06-07,13,638310,625581,Partially Approved,3,True,0,False,False,None
CLM000756,POL000081,CUST001799,AGT00041,Vehicle Damage/Accident,2025-08-05,2025-08-15,43,372348,266411,Approved,1,False,0,False,False,None
CLM000757,POL000534,CUST000010,AGT00138,Hospitalization,2024-08-03,2024-08-27,177,146645,114395,Approved,2,False,0,False,False,None
CLM000758,POL000252,CUST001236,AGT00043,Hospitalization,2025-04-23,2025-05-19,5,1701663,1336640,Approved,2,False,0,False,False,None
CLM000759,POL000190,CUST001362,AGT00085,Vehicle Damage/Accident,2024-04-25,2024-05-18,161,22515,20028,Approved,8,False,0,False,False,None
CLM000760,POL000824,CUST000959,AGT00003,Fire/Theft/Damage,2026-09-04,2026-09-06,565,202470,181281,Approved,7,False,3,False,False,None
CLM000761,POL000598,CUST000915,AGT00309,Trip Cancellation/Medical,2024-08-25,2024-09-21,285,153336,56752,Partially Approved,4,True,1,True,True,Fake Supporting Documents
CLM000762,POL000484,CUST001866,AGT00038,Vehicle Damage/Accident,2024-02-05,2024-02-12,76,472858,361656,Approved,4,True,3,False,False,None
CLM000763,POL000379,CUST001366,AGT00340,Vehicle Damage/Accident,2023-06-01,2023-06-02,26,178637,174789,Approved,1,True,0,False,False,None
CLM000764,POL000456,CUST000924,AGT00262,Death Claim,2022-11-10,2022-12-04,112,1864915,1728570,Approved,1,True,2,False,False,None
CLM000765,POL000879,CUST001796,AGT00178,Hospitalization,2025-06-12,2025-06-24,89,212647,208453,Approved,2,False,0,False,False,None
CLM000766,POL000008,CUST001797,AGT00049,Vehicle Damage/Accident,2024-12-31,2025-01-05,641,25939,24613,Approved,10,True,0,False,False,None
CLM000767,POL000318,CUST000775,AGT00118,Vehicle Damage/Accident,2027-09-27,2027-10-06,826,98401,15742,Rejected,1,False,0,False,True,Staged Accident
CLM000768,POL000334,CUST000843,AGT00362,Hospitalization,2025-11-18,2025-11-30,95,2239080,1649244,Approved,1,True,1,False,False,None
CLM000769,POL000230,CUST001572,AGT00161,Death Claim,2023-11-14,2023-11-25,28,793153,705006,Approved,2,False,1,False,False,None
CLM000770,POL000664,CUST000936,AGT00098,Fire/Theft/Damage,2023-10-02,2023-10-14,434,364232,293424,Approved,1,False,2,False,False,None
CLM000771,POL000508,CUST000435,AGT00257,Death Claim,2025-03-06,2025-03-09,283,1675200,1386435,Approved,1,False,1,False,False,None
CLM000772,POL000790,CUST001791,AGT00187,Hospitalization,2024-02-16,2024-02-28,128,651479,539270,Approved,2,False,0,False,False,None
CLM000773,POL000527,CUST000191,AGT00006,Vehicle Damage/Accident,2025-06-03,2025-06-26,81,53138,52126,Approved,3,True,2,False,False,None
CLM000774,POL000980,CUST002970,AGT00074,Hospitalization,2022-08-02,2022-08-26,107,1154964,832334,Approved,1,True,2,False,False,None
CLM000775,POL000475,CUST003191,AGT00258,Fire/Theft/Damage,2024-07-21,2024-07-22,417,103119,78157,Approved,1,False,2,False,False,None
CLM000776,POL000924,CUST001652,AGT00015,Hospitalization,2022-12-15,2022-12-21,36,198317,174991,Approved,3,False,0,False,False,None
CLM000777,POL000406,CUST001919,AGT00302,Vehicle Damage/Accident,2024-05-27,2024-06-07,295,432732,417641,Approved,5,False,1,False,False,None
CLM000778,POL000287,CUST001006,AGT00201,Trip Cancellation/Medical,2024-09-29,2024-10-01,3,187936,183309,Approved,4,True,3,False,False,None
CLM000779,POL000969,CUST002020,AGT00048,Vehicle Damage/Accident,2024-10-04,2024-10-12,455,346561,300679,Approved,2,True,1,False,False,None
CLM000780,POL000760,CUST000207,AGT00313,Vehicle Damage/Accident,2024-05-05,2024-05-27,124,127623,90659,Approved,3,True,3,False,False,None
CLM000781,POL000767,CUST003168,AGT00100,Vehicle Damage/Accident,2023-07-15,2023-07-26,46,661393,109350,Under Investigation,4,True,0,False,True,Multiple/Duplicate Claims
CLM000782,POL000446,CUST000959,AGT00174,Trip Cancellation/Medical,2022-02-19,2022-03-18,0,423223,412917,Approved,7,False,1,False,False,None
CLM000783,POL000343,CUST000619,AGT00340,Trip Cancellation/Medical,2023-04-21,2023-05-03,147,352605,299708,Partially Approved,1,False,0,False,False,None
CLM000784,POL000325,CUST000211,AGT00269,Hospitalization,2025-07-27,2025-08-15,50,492000,451648,Approved,3,True,0,False,False,None
CLM000785,POL000877,CUST002474,AGT00118,Vehicle Damage/Accident,2026-12-16,2027-01-05,179,779403,200834,Rejected,5,False,2,False,True,Exaggerated Claim Amount
CLM000786,POL000167,CUST002858,AGT00123,Vehicle Damage/Accident,2022-06-27,2022-07-20,59,31968,22617,Approved,2,True,1,False,False,None
CLM000787,POL000593,CUST000267,AGT00347,Fire/Theft/Damage,2026-02-01,2026-02-10,16,539828,471544,Approved,2,True,2,False,False,None
CLM000788,POL000296,CUST001673,AGT00288,Death Claim,2025-07-04,2025-07-15,126,2822883,2683134,Partially Approved,3,True,1,False,False,None
CLM000789,POL000581,CUST001487,AGT00048,Trip Cancellation/Medical,2023-08-19,2023-09-14,149,160109,159641,Approved,2,True,0,False,False,None
CLM000790,POL000183,CUST001678,AGT00048,Fire/Theft/Damage,2024-03-03,2024-03-21,108,124801,119058,Approved,7,False,2,False,False,None
CLM000791,POL000839,CUST000059,AGT00281,Vehicle Damage/Accident,2026-08-20,2026-08-29,110,203292,176091,Approved,3,False,0,False,False,None
CLM000792,POL000576,CUST001678,AGT00340,Death Claim,2022-06-30,2022-07-15,160,940347,829967,Approved,7,True,3,False,False,None
CLM000793,POL000776,CUST001231,AGT00191,Hospitalization,2022-09-11,2022-10-03,134,338711,320843,Approved,2,True,0,False,False,None
CLM000794,POL000839,CUST000059,AGT00281,Vehicle Damage/Accident,2026-05-27,2026-06-14,25,606164,63685,Under Investigation,3,True,3,False,True,Early Claim Fraud
CLM000795,POL000086,CUST001806,AGT00001,Death Claim,2024-01-03,2024-01-11,39,3731239,3677111,Approved,4,False,3,False,False,None
CLM000796,POL000556,CUST000047,AGT00057,Trip Cancellation/Medical,2025-08-28,2025-09-01,27,504554,433596,Partially Approved,2,False,2,False,False,None
CLM000797,POL000806,CUST000988,AGT00088,Trip Cancellation/Medical,2025-09-30,2025-10-27,212,11776,11606,Approved,3,False,2,False,False,None
CLM000798,POL000885,CUST000444,AGT00005,Vehicle Damage/Accident,2026-10-31,2026-11-13,135,685131,636730,Approved,3,True,1,False,False,None
CLM000799,POL000149,CUST002494,AGT00010,Vehicle Damage/Accident,2022-06-28,2022-07-13,101,577273,171273,Rejected,2,True,1,False,True,Multiple/Duplicate Claims
CLM000800,POL000772,CUST001594,AGT00325,Hospitalization,2027-01-13,2027-01-21,288,80423,60283,Approved,3,False,2,False,False,None
CLM000801,POL000928,CUST002321,AGT00204,Hospitalization,2024-01-15,2024-01-31,70,410449,330860,Approved,1,False,1,False,False,None
CLM000802,POL000823,CUST001935,AGT00232,Hospitalization,2026-10-17,2026-10-28,151,736610,573963,Approved,1,False,0,False,False,None
CLM000803,POL000861,CUST000332,AGT00225,Hospitalization,2025-07-01,2025-07-24,13,247923,35965,Rejected,1,False,0,False,True,Early Claim Fraud
CLM000804,POL000956,CUST000855,AGT00285,Vehicle Damage/Accident,2024-09-17,2024-10-10,245,69456,61202,Approved,3,True,0,False,False,None
CLM000805,POL000059,CUST002563,AGT00202,Vehicle Damage/Accident,2026-08-04,2026-08-31,213,126830,2087,Partially Approved,1,True,0,False,True,Exaggerated Claim Amount
CLM000806,POL000606,CUST002200,AGT00367,Hospitalization,2023-04-22,2023-05-05,291,394497,282825,Approved,1,False,0,False,False,None
CLM000807,POL000835,CUST000233,AGT00376,Hospitalization,2025-09-17,2025-09-24,388,625792,621217,Approved,3,False,3,False,False,None
CLM000808,POL000005,CUST000318,AGT00171,Hospitalization,2024-06-11,2024-06-29,255,1592203,1317606,Partially Approved,1,True,0,False,False,None
CLM000809,POL000083,CUST002802,AGT00186,Death Claim,2025-07-18,2025-07-26,334,500752,478379,Approved,4,False,1,False,False,None
CLM000810,POL000840,CUST002819,AGT00170,Vehicle Damage/Accident,2023-06-20,2023-06-22,76,331897,239691,Approved,2,True,2,False,False,None
CLM000811,POL000383,CUST001492,AGT00269,Hospitalization,2025-02-15,2025-02-18,75,790189,745163,Approved,3,True,2,False,False,None
CLM000812,POL000549,CUST002070,AGT00322,Hospitalization,2026-07-28,2026-08-07,519,532189,400217,Approved,1,False,1,False,False,None
CLM000813,POL000479,CUST002255,AGT00151,Hospitalization,2027-03-22,2027-03-29,442,1984623,541021,Under Investigation,7,True,1,False,True,Multiple/Duplicate Claims
CLM000814,POL000027,CUST000281,AGT00108,Death Claim,2026-01-03,2026-01-26,143,1587540,1426471,Approved,3,False,1,False,False,None
CLM000815,POL000525,CUST001030,AGT00060,Hospitalization,2024-09-09,2024-10-07,82,132598,129010,Approved,2,False,2,False,False,None
CLM000816,POL000902,CUST001185,AGT00217,Vehicle Damage/Accident,2026-11-10,2026-11-17,361,376115,299463,Partially Approved,2,True,1,False,False,None
CLM000817,POL000577,CUST001983,AGT00254,Trip Cancellation/Medical,2022-11-23,2022-11-27,70,12521,9173,Partially Approved,3,True,1,False,False,None
CLM000818,POL000414,CUST002082,AGT00102,Death Claim,2025-03-22,2025-04-12,30,1719776,1649901,Partially Approved,3,False,3,False,False,None
CLM000819,POL000715,CUST001739,AGT00037,Hospitalization,2022-08-02,2022-08-25,183,609873,487577,Approved,2,True,3,False,False,None
CLM000820,POL000180,CUST000357,AGT00340,Vehicle Damage/Accident,2022-08-03,2022-08-11,7,593326,456718,Approved,2,False,3,False,False,None
CLM000821,POL000809,CUST002647,AGT00023,Death Claim,2023-06-19,2023-07-08,85,347560,293987,Partially Approved,5,False,2,False,False,None
CLM000822,POL000991,CUST002307,AGT00001,Vehicle Damage/Accident,2023-03-01,2023-03-23,296,83201,61888,Approved,3,True,1,False,False,None
CLM000823,POL000464,CUST000814,AGT00243,Death Claim,2023-09-17,2023-09-29,62,1474307,194293,Partially Approved,4,False,0,False,True,Staged Accident
CLM000824,POL000783,CUST003138,AGT00340,Trip Cancellation/Medical,2026-12-31,2027-01-25,482,267913,218505,Approved,2,False,2,False,False,None
CLM000825,POL000901,CUST000038,AGT00106,Death Claim,2025-07-20,2025-07-30,561,3950242,3093737,Partially Approved,2,True,3,False,False,None
CLM000826,POL000527,CUST000191,AGT00006,Vehicle Damage/Accident,2026-01-12,2026-01-26,304,388853,324722,Approved,3,False,3,False,False,None
CLM000827,POL000001,CUST000680,AGT00223,Hospitalization,2026-12-29,2027-01-25,790,243259,198352,Approved,3,True,2,False,False,None
CLM000828,POL000271,CUST002336,AGT00066,Vehicle Damage/Accident,2025-05-26,2025-06-07,136,300279,279973,Approved,1,True,2,False,False,None
CLM000829,POL000484,CUST001866,AGT00038,Vehicle Damage/Accident,2024-04-20,2024-05-11,151,206065,201021,Approved,4,False,1,False,False,None
CLM000830,POL000956,CUST000855,AGT00285,Vehicle Damage/Accident,2024-12-06,2024-12-26,325,26145,19093,Approved,3,False,2,False,False,None
CLM000831,POL000048,CUST002918,AGT00313,Vehicle Damage/Accident,2023-05-19,2023-06-13,122,321549,304503,Approved,2,False,0,False,False,None
CLM000832,POL000694,CUST001664,AGT00320,Vehicle Damage/Accident,2024-12-19,2024-12-23,93,169034,165574,Approved,2,True,0,False,False,None
CLM000833,POL000999,CUST002845,AGT00104,Hospitalization,2023-06-10,2023-06-29,171,392882,355944,Approved,3,False,2,False,False,None
CLM000834,POL000183,CUST001678,AGT00048,Fire/Theft/Damage,2024-05-26,2024-06-24,192,276920,276622,Approved,7,False,0,False,False,None
CLM000835,POL000840,CUST002819,AGT00170,Vehicle Damage/Accident,2023-12-11,2023-12-18,250,820178,656563,Approved,2,False,1,False,False,None
CLM000836,POL000373,CUST002771,AGT00253,Hospitalization,2023-07-23,2023-08-13,198,630328,60161,Rejected,4,False,2,True,True,Fake Supporting Documents
CLM000837,POL000726,CUST000761,AGT00159,Trip Cancellation/Medical,2023-06-17,2023-06-18,246,46528,41973,Approved,1,False,0,False,False,None
CLM000838,POL000539,CUST000030,AGT00341,Death Claim,2024-02-22,2024-03-01,202,362468,288897,Approved,2,False,3,False,False,None
CLM000839,POL000507,CUST001084,AGT00311,Trip Cancellation/Medical,2026-09-07,2026-09-18,117,22966,20931,Approved,1,True,1,False,False,None
CLM000840,POL000738,CUST002895,AGT00095,Vehicle Damage/Accident,2023-01-27,2023-01-28,26,255144,217608,Approved,3,True,2,False,False,None
CLM000841,POL000670,CUST000602,AGT00330,Vehicle Damage/Accident,2025-09-11,2025-10-06,277,101374,76708,Partially Approved,1,True,2,False,False,None
CLM000842,POL000972,CUST001285,AGT00280,Death Claim,2024-01-18,2024-01-19,5,1240086,932747,Approved,1,False,2,False,False,None
CLM000843,POL000506,CUST002355,AGT00283,Vehicle Damage/Accident,2028-01-02,2028-01-06,880,562040,513715,Approved,2,True,3,False,False,None
CLM000844,POL000572,CUST002912,AGT00374,Vehicle Damage/Accident,2023-09-12,2023-10-08,317,681689,622776,Partially Approved,3,True,0,False,False,None
CLM000845,POL000066,CUST001422,AGT00257,Fire/Theft/Damage,2023-04-27,2023-05-01,200,896904,770648,Approved,1,False,2,False,False,None
CLM000846,POL000686,CUST001979,AGT00297,Fire/Theft/Damage,2024-05-11,2024-05-22,611,48362,6312,Under Investigation,2,False,0,False,True,Staged Accident
CLM000847,POL000052,CUST002601,AGT00375,Fire/Theft/Damage,2025-12-06,2025-12-31,170,255808,192882,Approved,3,False,1,False,False,None
CLM000848,POL000998,CUST001922,AGT00251,Vehicle Damage/Accident,2026-01-28,2026-01-29,10,7428,6156,Approved,1,False,3,False,False,None
CLM000849,POL000470,CUST001715,AGT00093,Death Claim,2022-12-17,2022-12-27,147,258397,248427,Approved,6,False,3,False,False,None
CLM000850,POL000243,CUST001146,AGT00365,Trip Cancellation/Medical,2023-01-24,2023-02-22,58,245758,235047,Approved,2,False,1,False,False,None
CLM000851,POL000337,CUST001111,AGT00311,Hospitalization,2024-05-25,2024-06-19,83,88096,79134,Approved,4,False,1,False,False,None
CLM000852,POL000803,CUST000601,AGT00100,Vehicle Damage/Accident,2024-01-26,2024-01-30,110,140251,140139,Approved,1,True,2,False,False,None
CLM000853,POL000756,CUST003117,AGT00325,Trip Cancellation/Medical,2023-08-02,2023-08-25,268,146993,13245,Rejected,2,True,1,False,True,Multiple/Duplicate Claims
CLM000854,POL000121,CUST003042,AGT00230,Hospitalization,2026-03-27,2026-04-21,125,684885,509259,Approved,3,False,3,False,False,None
CLM000855,POL000554,CUST002347,AGT00309,Trip Cancellation/Medical,2025-08-18,2025-09-14,115,116832,95771,Approved,1,False,0,False,False,None
CLM000856,POL000696,CUST003139,AGT00115,Hospitalization,2025-07-10,2025-07-17,64,92988,68772,Approved,4,False,0,False,False,None
CLM000857,POL000045,CUST000122,AGT00151,Vehicle Damage/Accident,2026-01-17,2026-01-19,139,48315,10820,Under Investigation,3,False,0,False,True,Staged Accident
CLM000858,POL000052,CUST002601,AGT00375,Fire/Theft/Damage,2025-08-09,2025-08-31,51,270425,252283,Approved,3,False,0,False,False,None
CLM000859,POL000151,CUST000158,AGT00048,Hospitalization,2024-07-27,2024-08-09,54,78409,58550,Approved,2,False,0,False,False,None
CLM000860,POL000413,CUST000005,AGT00323,Fire/Theft/Damage,2025-08-02,2025-08-24,254,254163,245045,Approved,1,True,0,False,False,None
CLM000861,POL000541,CUST003150,AGT00204,Vehicle Damage/Accident,2025-08-15,2025-09-03,75,33004,28737,Partially Approved,3,True,3,False,False,None
CLM000862,POL000569,CUST001134,AGT00152,Death Claim,2023-01-20,2023-01-24,9,298361,275889,Approved,2,False,1,False,False,None
CLM000863,POL000498,CUST000664,AGT00070,Trip Cancellation/Medical,2023-08-02,2023-08-08,75,87725,62595,Approved,1,False,3,False,False,None
CLM000864,POL000787,CUST001687,AGT00234,Trip Cancellation/Medical,2024-11-05,2024-12-02,183,175176,127554,Partially Approved,1,False,2,False,False,None
CLM000865,POL000209,CUST001130,AGT00262,Vehicle Damage/Accident,2024-05-17,2024-06-08,302,109713,97234,Approved,6,True,0,False,False,None
CLM000866,POL000008,CUST001797,AGT00049,Vehicle Damage/Accident,2024-11-08,2024-11-25,588,265636,252741,Partially Approved,10,False,1,False,False,None
CLM000867,POL000946,CUST000493,AGT00326,Vehicle Damage/Accident,2025-10-17,2025-11-12,246,189268,182106,Approved,5,True,1,False,False,None
CLM000868,POL000391,CUST002722,AGT00087,Vehicle Damage/Accident,2025-11-18,2025-12-12,100,819089,50090,Partially Approved,4,True,0,False,True,Exaggerated Claim Amount
CLM000869,POL000247,CUST002396,AGT00285,Hospitalization,2026-07-10,2026-07-19,63,419507,318943,Approved,1,False,1,False,False,None
CLM000870,POL000395,CUST002924,AGT00033,Vehicle Damage/Accident,2026-08-17,2026-08-19,24,275742,95928,Under Investigation,1,False,0,False,True,Early Claim Fraud
CLM000871,POL000707,CUST003115,AGT00122,Death Claim,2024-03-14,2024-04-03,177,1714304,1653289,Partially Approved,3,True,2,False,False,None
CLM000872,POL000834,CUST001385,AGT00115,Vehicle Damage/Accident,2023-07-08,2023-08-04,128,379716,278700,Approved,1,True,0,False,False,None
CLM000873,POL000339,CUST000062,AGT00241,Vehicle Damage/Accident,2025-12-13,2025-12-19,203,626972,567924,Partially Approved,1,True,2,False,False,None
CLM000874,POL000412,CUST001960,AGT00238,Hospitalization,2026-07-10,2026-07-28,48,1157624,365108,Rejected,1,False,1,False,True,Exaggerated Claim Amount
CLM000875,POL000952,CUST001239,AGT00331,Vehicle Damage/Accident,2024-10-20,2024-11-16,70,61690,50982,Approved,2,False,3,False,False,None
CLM000876,POL000540,CUST002176,AGT00303,Hospitalization,2024-06-01,2024-06-24,62,213014,177249,Approved,2,True,1,False,False,None
CLM000877,POL000345,CUST002746,AGT00194,Hospitalization,2027-02-08,2027-03-02,287,103053,101359,Partially Approved,5,True,3,False,False,None
CLM000878,POL000843,CUST000302,AGT00302,Vehicle Damage/Accident,2026-06-01,2026-06-25,33,180394,172895,Approved,1,False,0,False,False,None
CLM000879,POL000296,CUST001673,AGT00288,Death Claim,2025-08-15,2025-08-30,168,2323788,2229663,Approved,3,False,1,False,False,None
CLM000880,POL000235,CUST002647,AGT00144,Death Claim,2026-04-02,2026-04-25,9,160715,47016,Under Investigation,5,False,1,False,True,Early Claim Fraud
CLM000881,POL000642,CUST000603,AGT00151,Vehicle Damage/Accident,2023-11-27,2023-12-13,143,311905,51409,Partially Approved,1,False,2,True,True,Fake Supporting Documents
CLM000882,POL000588,CUST003082,AGT00087,Fire/Theft/Damage,2025-10-31,2025-11-26,11,129127,10690,Partially Approved,3,False,0,False,True,Early Claim Fraud
CLM000883,POL000445,CUST000987,AGT00270,Vehicle Damage/Accident,2025-01-05,2025-01-06,34,213386,158674,Approved,2,True,3,False,False,None
CLM000884,POL000233,CUST002414,AGT00174,Trip Cancellation/Medical,2023-12-19,2023-12-29,21,10402,8890,Approved,2,True,0,False,False,None
CLM000885,POL000742,CUST001101,AGT00001,Death Claim,2026-01-25,2026-02-04,76,601103,468491,Approved,3,True,2,False,False,None
CLM000886,POL000844,CUST002851,AGT00245,Hospitalization,2025-01-18,2025-02-08,75,911668,777855,Approved,1,True,2,False,False,None
CLM000887,POL000882,CUST001715,AGT00125,Hospitalization,2025-09-02,2025-09-08,315,869980,688571,Approved,6,True,2,False,False,None
CLM000888,POL000921,CUST001678,AGT00246,Death Claim,2026-01-16,2026-02-08,46,2225911,2157054,Approved,7,False,0,False,False,None
CLM000889,POL000997,CUST000262,AGT00358,Vehicle Damage/Accident,2024-05-28,2024-06-01,16,156217,154733,Approved,1,True,2,False,False,None
CLM000890,POL000863,CUST000528,AGT00130,Hospitalization,2022-10-28,2022-11-11,166,1226395,167404,Under Investigation,3,False,0,True,True,Fake Supporting Documents
CLM000891,POL000310,CUST002886,AGT00309,Hospitalization,2026-06-29,2026-07-24,209,1664433,1200150,Approved,2,False,2,False,False,None
CLM000892,POL000913,CUST001930,AGT00258,Vehicle Damage/Accident,2025-01-10,2025-01-27,62,126213,113465,Approved,1,True,1,False,False,None
CLM000893,POL000944,CUST001996,AGT00293,Vehicle Damage/Accident,2024-07-08,2024-07-11,166,181360,147443,Approved,2,True,3,False,False,None
CLM000894,POL000908,CUST001050,AGT00033,Death Claim,2025-11-06,2025-12-02,269,200531,199686,Approved,1,True,0,False,False,None
CLM000895,POL000701,CUST002259,AGT00088,Vehicle Damage/Accident,2024-09-20,2024-09-22,76,458177,333008,Approved,3,True,3,False,False,None
CLM000896,POL000478,CUST000483,AGT00035,Vehicle Damage/Accident,2023-05-10,2023-05-28,134,120141,88392,Approved,3,True,0,False,False,None
CLM000897,POL000514,CUST003145,AGT00340,Vehicle Damage/Accident,2024-09-18,2024-10-05,28,277689,252648,Approved,2,True,0,False,False,None
CLM000898,POL000336,CUST001643,AGT00026,Fire/Theft/Damage,2022-08-15,2022-08-28,4,543539,206775,Partially Approved,2,False,1,False,True,Early Claim Fraud
CLM000899,POL000577,CUST001983,AGT00254,Trip Cancellation/Medical,2024-08-30,2024-09-18,716,16328,13737,Approved,3,False,1,False,False,None
CLM000900,POL000052,CUST002601,AGT00375,Fire/Theft/Damage,2025-08-22,2025-09-01,64,689122,539706,Approved,3,False,0,False,False,None
CLM000901,POL000546,CUST001129,AGT00254,Hospitalization,2022-07-06,2022-07-27,58,777394,616429,Approved,1,False,2,False,False,None
CLM000902,POL000301,CUST003167,AGT00076,Fire/Theft/Damage,2027-07-13,2027-08-04,651,661325,203059,Rejected,1,False,0,False,True,Multiple/Duplicate Claims
CLM000903,POL000752,CUST002416,AGT00149,Trip Cancellation/Medical,2022-09-10,2022-10-04,234,66268,50866,Partially Approved,2,True,0,False,False,None
CLM000904,POL000641,CUST000031,AGT00253,Death Claim,2024-05-31,2024-06-04,158,151548,144757,Approved,3,False,1,False,False,None
CLM000905,POL000243,CUST001146,AGT00365,Trip Cancellation/Medical,2023-07-01,2023-07-18,216,131303,94475,Approved,2,False,1,False,False,None
CLM000906,POL000356,CUST001074,AGT00118,Hospitalization,2026-08-21,2026-09-18,222,73495,15365,Partially Approved,1,True,3,False,True,Staged Accident
CLM000907,POL000820,CUST001059,AGT00337,Vehicle Damage/Accident,2025-07-30,2025-08-15,259,505658,467370,Approved,1,True,3,False,False,None
CLM000908,POL000835,CUST000233,AGT00376,Hospitalization,2024-09-06,2024-10-01,12,64567,45270,Approved,3,False,2,False,False,None
CLM000909,POL000610,CUST002992,AGT00014,Hospitalization,2022-11-07,2022-11-26,95,745680,718395,Partially Approved,3,True,3,False,False,None
CLM000910,POL000588,CUST003082,AGT00087,Fire/Theft/Damage,2025-12-21,2026-01-14,62,28224,25737,Approved,3,False,3,False,False,None
CLM000911,POL000824,CUST000959,AGT00003,Fire/Theft/Damage,2025-03-01,2025-03-15,13,25248,18229,Approved,7,False,3,False,False,None
CLM000912,POL000442,CUST002759,AGT00301,Hospitalization,2022-12-15,2023-01-04,95,1264584,1224748,Approved,2,False,2,False,False,None
CLM000913,POL000877,CUST002474,AGT00118,Vehicle Damage/Accident,2026-12-09,2027-01-05,172,661998,560177,Partially Approved,5,True,0,False,False,None
CLM000914,POL000731,CUST002568,AGT00125,Hospitalization,2023-11-21,2023-12-06,35,454310,406912,Partially Approved,4,False,0,False,False,None
CLM000915,POL000818,CUST003176,AGT00253,Death Claim,2022-04-22,2022-05-11,65,158993,153366,Partially Approved,2,True,2,False,False,None
CLM000916,POL000613,CUST003127,AGT00287,Death Claim,2022-11-02,2022-11-05,183,4703801,4536104,Approved,2,True,0,False,False,None
CLM000917,POL000119,CUST001535,AGT00176,Vehicle Damage/Accident,2022-11-04,2022-11-24,155,445837,366755,Approved,4,True,3,False,False,None
CLM000918,POL000409,CUST002724,AGT00321,Fire/Theft/Damage,2027-07-28,2027-08-17,365,269081,207544,Approved,2,False,3,False,False,None
CLM000919,POL000652,CUST001362,AGT00250,Hospitalization,2025-05-19,2025-06-04,281,1244008,185909,Partially Approved,8,True,3,False,True,Exaggerated Claim Amount
CLM000920,POL000371,CUST001599,AGT00290,Fire/Theft/Damage,2027-04-22,2027-05-20,606,81165,75465,Approved,1,False,3,False,False,None
CLM000921,POL000737,CUST002974,AGT00363,Vehicle Damage/Accident,2022-09-18,2022-09-25,163,50181,16497,Rejected,2,False,0,False,True,Multiple/Duplicate Claims
CLM000922,POL000767,CUST003168,AGT00100,Vehicle Damage/Accident,2023-12-31,2024-01-18,215,885174,638802,Approved,4,True,2,False,False,None
CLM000923,POL000073,CUST000864,AGT00042,Trip Cancellation/Medical,2024-10-15,2024-10-23,354,404354,284869,Approved,2,False,2,False,False,None
CLM000924,POL000449,CUST001289,AGT00009,Vehicle Damage/Accident,2024-11-25,2024-12-22,329,157225,28000,Under Investigation,2,False,2,False,True,Multiple/Duplicate Claims
CLM000925,POL000824,CUST000959,AGT00003,Fire/Theft/Damage,2025-10-02,2025-10-16,228,157104,128193,Approved,7,True,1,False,False,None
CLM000926,POL000818,CUST003176,AGT00253,Death Claim,2022-06-20,2022-07-08,124,375324,293854,Approved,2,False,2,False,False,None
CLM000927,POL000471,CUST000575,AGT00176,Trip Cancellation/Medical,2025-01-10,2025-01-11,57,68228,51615,Approved,1,True,1,False,False,None
CLM000928,POL000156,CUST002992,AGT00190,Hospitalization,2023-01-16,2023-02-09,377,164769,132465,Approved,3,False,2,False,False,None
CLM000929,POL000771,CUST002202,AGT00349,Vehicle Damage/Accident,2025-08-06,2025-08-26,269,254886,252704,Approved,3,True,3,False,False,None
CLM000930,POL000934,CUST002613,AGT00183,Vehicle Damage/Accident,2022-12-26,2023-01-01,327,78627,78086,Approved,2,True,2,False,False,None
CLM000931,POL000576,CUST001678,AGT00340,Death Claim,2022-02-17,2022-03-02,27,414207,331139,Approved,7,False,1,False,False,None
CLM000932,POL000310,CUST002886,AGT00309,Hospitalization,2026-02-08,2026-02-09,68,1280176,1266231,Approved,2,True,3,False,False,None
CLM000933,POL000036,CUST002165,AGT00208,Fire/Theft/Damage,2026-07-13,2026-08-01,99,1086201,118953,Rejected,3,False,1,False,True,Exaggerated Claim Amount
CLM000934,POL000248,CUST003006,AGT00377,Fire/Theft/Damage,2023-05-22,2023-05-29,328,233316,223130,Partially Approved,3,False,0,False,False,None
CLM000935,POL000428,CUST000149,AGT00366,Vehicle Damage/Accident,2026-12-30,2027-01-22,402,93306,71248,Approved,1,True,0,False,False,None
CLM000936,POL000044,CUST000532,AGT00326,Hospitalization,2023-10-30,2023-11-26,60,174706,165611,Approved,1,False,0,False,False,None
CLM000937,POL000453,CUST001512,AGT00107,Hospitalization,2026-03-15,2026-04-08,208,432381,348550,Partially Approved,1,False,3,False,False,None
CLM000938,POL000119,CUST001535,AGT00176,Vehicle Damage/Accident,2022-06-16,2022-07-02,14,282487,214327,Approved,4,False,3,False,False,None
CLM000939,POL000349,CUST000487,AGT00005,Hospitalization,2023-09-12,2023-09-26,94,554334,543487,Approved,2,False,1,False,False,None
CLM000940,POL000693,CUST001618,AGT00159,Death Claim,2026-03-14,2026-03-16,120,1567121,1197680,Partially Approved,3,False,3,False,False,None
CLM000941,POL000909,CUST001672,AGT00070,Death Claim,2024-11-24,2024-12-01,261,1608531,1604591,Approved,3,False,2,False,False,None
CLM000942,POL000940,CUST002559,AGT00188,Hospitalization,2024-09-15,2024-10-05,400,196587,144014,Approved,3,False,1,False,False,None
CLM000943,POL000388,CUST001213,AGT00164,Death Claim,2024-02-06,2024-02-28,74,3306907,2324776,Partially Approved,1,False,2,False,False,None
CLM000944,POL000070,CUST000840,AGT00134,Fire/Theft/Damage,2026-01-30,2026-02-19,135,175336,168539,Approved,1,True,3,False,False,None
CLM000945,POL000947,CUST002813,AGT00365,Fire/Theft/Damage,2023-08-14,2023-08-29,187,291582,255420,Approved,2,True,2,False,False,None
CLM000946,POL000870,CUST002828,AGT00372,Hospitalization,2025-11-03,2025-11-28,71,462041,381871,Approved,3,False,3,False,False,None
CLM000947,POL000454,CUST003042,AGT00053,Trip Cancellation/Medical,2027-04-12,2027-04-26,762,49779,15656,Rejected,3,False,3,True,True,Fake Supporting Documents
CLM000948,POL000267,CUST001611,AGT00110,Fire/Theft/Damage,2023-06-18,2023-06-19,375,179456,156569,Approved,1,False,2,False,False,None
CLM000949,POL000731,CUST002568,AGT00125,Hospitalization,2023-12-19,2024-01-05,63,95336,33530,Rejected,4,False,0,False,True,Staged Accident
CLM000950,POL000438,CUST000290,AGT00183,Hospitalization,2022-07-21,2022-08-06,127,478668,404515,Approved,1,False,3,False,False,None
CLM000951,POL000366,CUST002639,AGT00324,Death Claim,2024-01-08,2024-01-13,47,73663,65495,Approved,2,False,1,False,False,None
CLM000952,POL000702,CUST003036,AGT00218,Hospitalization,2026-09-23,2026-10-14,130,172174,153575,Approved,2,True,1,False,False,None
CLM000953,POL000768,CUST001318,AGT00016,Hospitalization,2023-02-17,2023-03-16,206,445321,440057,Approved,2,False,0,False,False,None
CLM000954,POL000187,CUST001490,AGT00317,Fire/Theft/Damage,2025-10-06,2025-10-30,16,895304,802654,Approved,3,True,2,False,False,None
CLM000955,POL000227,CUST001244,AGT00190,Vehicle Damage/Accident,2024-11-30,2024-12-23,367,104008,21614,Under Investigation,5,True,0,False,True,Staged Accident
CLM000956,POL000061,CUST002546,AGT00254,Vehicle Damage/Accident,2023-05-19,2023-06-15,162,74225,59297,Partially Approved,2,True,2,False,False,None
CLM000957,POL000168,CUST003031,AGT00183,Hospitalization,2025-03-16,2025-03-19,821,944842,796641,Partially Approved,1,False,0,False,False,None
CLM000958,POL000132,CUST001668,AGT00129,Vehicle Damage/Accident,2024-08-11,2024-09-04,4,73960,57525,Approved,2,False,3,False,False,None
CLM000959,POL000155,CUST002904,AGT00187,Vehicle Damage/Accident,2024-10-11,2024-10-31,320,104256,33121,Rejected,2,True,1,False,True,Multiple/Duplicate Claims
CLM000960,POL000784,CUST001909,AGT00299,Fire/Theft/Damage,2024-09-20,2024-10-09,282,611335,582378,Approved,1,True,0,False,False,None
CLM000961,POL000722,CUST001025,AGT00367,Vehicle Damage/Accident,2025-10-26,2025-10-28,25,396859,380162,Approved,3,True,1,False,False,None
CLM000962,POL000007,CUST001639,AGT00309,Hospitalization,2022-06-10,2022-07-05,73,135468,933,Partially Approved,2,False,2,False,True,Multiple/Duplicate Claims
CLM000963,POL000523,CUST000426,AGT00125,Vehicle Damage/Accident,2024-10-15,2024-10-29,388,391787,91115,Partially Approved,1,True,0,False,True,Staged Accident
CLM000964,POL000712,CUST001478,AGT00010,Fire/Theft/Damage,2022-09-24,2022-10-22,131,29345,24301,Approved,3,False,0,False,False,None
CLM000965,POL000251,CUST000153,AGT00068,Vehicle Damage/Accident,2024-12-15,2025-01-07,92,162171,144457,Approved,3,True,0,False,False,None
CLM000966,POL000576,CUST001678,AGT00340,Death Claim,2023-03-21,2023-04-11,424,763254,718844,Partially Approved,7,True,0,False,False,None
CLM000967,POL000692,CUST000214,AGT00287,Death Claim,2023-08-15,2023-09-09,17,3296355,3037110,Approved,2,False,1,False,False,None
CLM000968,POL000640,CUST001605,AGT00008,Vehicle Damage/Accident,2022-08-13,2022-09-01,115,345079,90174,Under Investigation,2,True,3,False,True,Multiple/Duplicate Claims
CLM000969,POL000262,CUST000530,AGT00289,Fire/Theft/Damage,2026-01-22,2026-02-04,190,381406,350641,Approved,4,False,1,False,False,None
CLM000970,POL000120,CUST001868,AGT00116,Hospitalization,2026-10-23,2026-11-05,168,338467,310030,Approved,1,False,3,False,False,None
CLM000971,POL000048,CUST002918,AGT00313,Vehicle Damage/Accident,2023-03-13,2023-04-11,55,611375,446118,Approved,2,True,0,False,False,None
CLM000972,POL000069,CUST000436,AGT00052,Hospitalization,2024-05-21,2024-05-27,149,764837,569860,Approved,1,False,3,False,False,None
CLM000973,POL000889,CUST002151,AGT00143,Hospitalization,2025-05-26,2025-06-19,221,211662,198194,Approved,1,False,1,False,False,None
CLM000974,POL000262,CUST000530,AGT00289,Fire/Theft/Damage,2025-12-21,2025-12-30,158,68345,59302,Approved,4,False,0,False,False,None
CLM000975,POL000742,CUST001101,AGT00001,Death Claim,2026-06-05,2026-06-25,207,1068572,1011391,Partially Approved,3,False,1,False,False,None
CLM000976,POL000764,CUST003186,AGT00019,Hospitalization,2024-01-13,2024-01-14,53,1357151,1025223,Approved,1,True,1,False,False,None
CLM000977,POL000445,CUST000987,AGT00270,Vehicle Damage/Accident,2025-10-19,2025-11-12,321,115968,82242,Approved,2,True,1,False,False,None
CLM000978,POL000962,CUST000295,AGT00314,Vehicle Damage/Accident,2022-10-15,2022-10-25,107,88037,65902,Approved,1,False,3,False,False,None
CLM000979,POL000479,CUST002255,AGT00151,Hospitalization,2028-02-27,2028-03-01,784,534767,446942,Approved,7,False,0,False,False,None
CLM000980,POL000231,CUST000416,AGT00017,Vehicle Damage/Accident,2025-12-20,2025-12-26,4,728126,164015,Rejected,1,True,0,False,True,Early Claim Fraud
CLM000981,POL000224,CUST001282,AGT00110,Vehicle Damage/Accident,2024-01-24,2024-02-09,86,402961,385758,Approved,2,True,1,False,False,None
CLM000982,POL000457,CUST000023,AGT00001,Death Claim,2022-08-30,2022-09-19,35,4152105,3798595,Approved,1,True,2,False,False,None
CLM000983,POL000719,CUST002808,AGT00081,Vehicle Damage/Accident,2022-08-06,2022-08-12,145,253422,252691,Approved,3,True,1,False,False,None
CLM000984,POL000853,CUST000690,AGT00232,Vehicle Damage/Accident,2022-09-12,2022-09-24,50,772258,120968,Partially Approved,2,True,3,False,True,Staged Accident
CLM000985,POL000366,CUST002639,AGT00324,Death Claim,2024-07-19,2024-07-22,240,250327,185008,Approved,2,False,3,False,False,None
CLM000986,POL000949,CUST000150,AGT00064,Death Claim,2026-11-19,2026-12-12,384,1300433,943212,Approved,3,False,0,False,False,None
CLM000987,POL000028,CUST002723,AGT00196,Trip Cancellation/Medical,2024-10-24,2024-11-11,42,127944,110228,Partially Approved,2,False,2,False,False,None
CLM000988,POL000877,CUST002474,AGT00118,Vehicle Damage/Accident,2026-07-21,2026-08-11,31,651425,256150,Rejected,5,True,3,False,True,Staged Accident
CLM000989,POL000731,CUST002568,AGT00125,Hospitalization,2024-10-25,2024-10-28,374,532729,482167,Approved,4,False,0,False,False,None
CLM000990,POL000901,CUST000038,AGT00106,Death Claim,2024-03-26,2024-03-31,80,4225233,3125858,Approved,2,True,2,False,False,None
CLM000991,POL000849,CUST000317,AGT00010,Death Claim,2026-10-28,2026-11-16,102,822232,601016,Approved,2,False,2,False,False,None
CLM000992,POL000101,CUST001302,AGT00129,Hospitalization,2026-07-04,2026-07-29,44,150775,126356,Approved,3,False,0,False,False,None
CLM000993,POL000058,CUST000399,AGT00025,Fire/Theft/Damage,2025-05-30,2025-06-23,99,251992,204811,Approved,2,False,3,False,False,None
CLM000994,POL000024,CUST001669,AGT00149,Hospitalization,2022-09-13,2022-10-01,47,223722,57850,Rejected,2,False,1,False,True,Staged Accident
CLM000995,POL000415,CUST001169,AGT00036,Vehicle Damage/Accident,2026-10-21,2026-10-29,197,422217,29162,Under Investigation,3,True,3,False,True,Multiple/Duplicate Claims
CLM000996,POL000227,CUST001244,AGT00190,Vehicle Damage/Accident,2024-04-01,2024-04-25,124,55423,40748,Approved,5,True,3,False,False,None
CLM000997,POL000169,CUST002228,AGT00310,Vehicle Damage/Accident,2025-04-10,2025-04-20,279,332140,313439,Approved,2,True,3,False,False,None
CLM000998,POL000489,CUST002939,AGT00231,Death Claim,2023-02-26,2023-03-17,67,1755888,1526304,Approved,1,False,0,False,False,None
CLM000999,POL000246,CUST001567,AGT00338,Hospitalization,2023-02-05,2023-02-15,126,445729,379345,Approved,1,False,0,False,False,None
CLM001000,POL000836,CUST001058,AGT00237,Hospitalization,2025-12-29,2026-01-19,54,57839,42131,Approved,1,False,1,False,False,None
