record_id,agent_id,agent_name,customer_id,policy_id,license_status,license_expiry_date,premium_collected,premium_deposited_with_insurer,customer_aware_of_agent_status,complaint_count,agent_office_city,fraud_flag,fraud_type
GB000001,AGT00311,Ikbal Rama,CUST000518,POL000474,Fake/Cloned,05-07-2024,134832,FALSE,TRUE,4,Bengaluru,TRUE,Premium Pocketing - No Remittance
GB000002,AGT00116,Theodore Contractor,CUST001868,POL000120,Valid,18-04-2024,105725,TRUE,TRUE,1,Lucknow,FALSE,None
GB000003,AGT00109,Chatresh Sastry,CUST002836,POL000039,Never Issued,21-04-2026,144720,TRUE,TRUE,3,Chandigarh,TRUE,Fake/Cloned Agent Identity
GB000004,AGT00299,Ishaan Bail,CUST001077,POL000825,Suspended,16-11-2022,35161,TRUE,FALSE,4,Delhi,TRUE,Fake/Cloned Agent Identity
GB000005,AGT00144,Manbir Roy,CUST002294,POL000603,Fake/Cloned,18-07-2022,111803,TRUE,TRUE,2,Chennai,TRUE,Fake/Cloned Agent Identity
GB000006,AGT00311,Ikbal Rama,CUST000141,,Never Issued,13-06-2021,88298,TRUE,FALSE,1,Bengaluru,TRUE,Expired License Sales
GB000007,AGT00377,Isha Sen,CUST001715,,Valid,22-12-2026,19083,TRUE,TRUE,0,Bengaluru,FALSE,None
GB000008,AGT00371,Ojas Bora,CUST002821,,Fake/Cloned,10-06-2023,149576,TRUE,TRUE,4,Coimbatore,FALSE,None
GB000009,AGT00250,Prisha Puri,CUST002223,,Suspended,20-11-2023,51723,TRUE,FALSE,3,Jaipur,TRUE,Fake/Cloned Agent Identity
GB000010,AGT00143,Isaiah Madan,CUST002468,,Valid,28-06-2025,113660,TRUE,TRUE,0,Kochi,FALSE,None
GB000011,AGT00020,Shravya Dyal,CUST000676,,Valid,23-08-2023,143768,TRUE,TRUE,0,Coimbatore,FALSE,None
GB000012,AGT00280,George Anne,CUST001464,,Valid,27-02-2021,106071,TRUE,TRUE,1,Pune,FALSE,None
GB000013,AGT00371,Ojas Bora,CUST002580,,Never Issued,29-05-2020,88258,TRUE,FALSE,7,Coimbatore,FALSE,None
GB000014,AGT00022,Azad Dalal,CUST000918,,Valid,22-02-2024,96735,TRUE,TRUE,1,Hyderabad,FALSE,None
GB000015,AGT00001,Manya Lad,CUST000023,POL000457,Expired,06-12-2022,63071,FALSE,FALSE,8,Hyderabad,TRUE,Premium Pocketing - No Remittance
GB000016,AGT00318,Janaki Luthra,CUST002907,POL000313,Valid,17-06-2026,95968,TRUE,TRUE,0,Indore,FALSE,None
GB000017,AGT00037,Samesh Sura,CUST001739,POL000715,Valid,18-05-2020,55094,TRUE,TRUE,0,Indore,FALSE,None
GB000018,AGT00027,Tarak Patla,CUST001823,,Suspended,13-02-2025,43415,TRUE,FALSE,3,Nagpur,FALSE,None
GB000019,AGT00348,Tanveer Radhakrishnan,CUST002409,,Valid,23-08-2025,89251,TRUE,TRUE,0,Bengaluru,FALSE,None
GB000020,AGT00027,Tarak Patla,CUST002494,,Fake/Cloned,18-06-2025,28124,TRUE,FALSE,1,Nagpur,TRUE,Expired License Sales
GB000021,AGT00043,Nimrat Memon,CUST000148,POL000528,Suspended,06-11-2024,24403,TRUE,FALSE,8,Indore,TRUE,Unlicensed Selling
GB000022,AGT00211,Anvi Raman,CUST001301,POL000432,Valid,28-03-2025,3422,TRUE,TRUE,0,Mumbai,FALSE,None
GB000023,AGT00290,Thomas Sawhney,CUST001599,POL000371,Valid,22-03-2024,130457,TRUE,TRUE,1,Indore,FALSE,None
GB000024,AGT00150,Alka Palla,CUST002604,,Valid,23-04-2024,106894,TRUE,TRUE,0,Ahmedabad,FALSE,None
GB000025,AGT00156,Wishi Din,CUST000708,,Valid,03-07-2020,145527,TRUE,TRUE,1,Pune,FALSE,None
GB000026,AGT00236,Kavya Balan,CUST001731,,Valid,12-02-2023,76068,TRUE,TRUE,1,Chandigarh,FALSE,None
GB000027,AGT00191,Gunbir Mannan,CUST002103,POL000217,Fake/Cloned,27-11-2025,145613,TRUE,FALSE,4,Coimbatore,TRUE,Fake/Cloned Agent Identity
GB000028,AGT00005,Farhan Raja,CUST000444,POL000885,Expired,19-05-2024,147553,FALSE,FALSE,0,Nagpur,TRUE,Premium Pocketing - No Remittance
GB000029,AGT00043,Nimrat Memon,CUST000148,POL000528,Suspended,12-01-2022,43478,TRUE,TRUE,2,Indore,FALSE,None
GB000030,AGT00217,Isha Dewan,CUST000092,POL000253,Valid,17-05-2026,39593,TRUE,TRUE,1,Nagpur,FALSE,None
GB000031,AGT00304,Leena Sawhney,CUST001881,,Valid,26-03-2020,73296,TRUE,TRUE,1,Pune,FALSE,None
GB000032,AGT00293,Chatura Pal,CUST001996,POL000944,Valid,17-05-2020,42670,TRUE,TRUE,1,Coimbatore,FALSE,None
GB000033,AGT00281,Nitara Yadav,CUST002300,POL000362,Valid,17-03-2020,21954,TRUE,TRUE,0,Delhi,FALSE,None
GB000034,AGT00298,Wahab Sarraf,CUST001745,POL000718,Valid,14-06-2025,34341,TRUE,TRUE,1,Indore,FALSE,None
GB000035,AGT00010,Anvi Butala,CUST001478,POL000712,Suspended,06-03-2023,28419,FALSE,TRUE,6,Indore,TRUE,Premium Pocketing - No Remittance
GB000036,AGT00340,Pooja Mandal,CUST002692,POL000895,Fake/Cloned,14-02-2022,50659,TRUE,FALSE,5,Lucknow,TRUE,Expired License Sales
GB000037,AGT00339,Kamya Sagar,CUST000561,,Valid,13-10-2022,134294,TRUE,TRUE,0,Coimbatore,FALSE,None
GB000038,AGT00197,Vedhika Iyer,CUST000271,POL000583,Expired,06-04-2020,57840,TRUE,FALSE,6,Pune,TRUE,Unlicensed Selling
GB000039,AGT00097,Sneha Varghese,CUST000997,,Valid,21-09-2022,67323,TRUE,TRUE,0,Pune,FALSE,None
GB000040,AGT00222,Max Pandey,CUST000198,POL000369,Never Issued,03-04-2024,94901,TRUE,FALSE,2,Mumbai,FALSE,None
GB000041,AGT00208,Yasti Iyer,CUST000059,,Fake/Cloned,29-10-2022,103971,TRUE,TRUE,2,Chandigarh,FALSE,None
GB000042,AGT00087,Chaman Butala,CUST000210,POL000110,Expired,23-03-2020,117921,TRUE,FALSE,2,Ahmedabad,FALSE,None
GB000043,AGT00226,Pranit Tripathi,CUST002933,,Valid,25-09-2025,26162,TRUE,TRUE,1,Ahmedabad,FALSE,None
GB000044,AGT00305,Udarsh Jha,CUST001878,POL000346,Valid,15-03-2024,77893,TRUE,TRUE,0,Kochi,FALSE,None
GB000045,AGT00309,Tarak Bala,CUST002886,POL000310,Fake/Cloned,05-03-2021,46569,TRUE,FALSE,1,Jaipur,TRUE,Expired License Sales
GB000046,AGT00017,Anthony Sachdev,CUST002408,POL000178,Valid,18-01-2023,118937,TRUE,TRUE,0,Lucknow,FALSE,None
GB000047,AGT00077,Charles Lad,CUST001191,,Suspended,27-05-2021,28277,TRUE,FALSE,5,Pune,FALSE,None
GB000048,AGT00251,Farhan Datta,CUST001422,POL000378,Fake/Cloned,06-04-2025,105375,TRUE,FALSE,8,Pune,TRUE,Fake/Cloned Agent Identity
GB000049,AGT00330,Viraj Contractor,CUST000967,,Valid,24-08-2024,86956,TRUE,TRUE,1,Lucknow,FALSE,None
GB000050,AGT00195,Laban Kapoor,CUST002993,,Expired,15-08-2024,58899,TRUE,FALSE,8,Delhi,FALSE,None
GB000051,AGT00264,Forum Bhatia,CUST001926,POL000513,Valid,29-03-2025,13167,TRUE,TRUE,1,Nagpur,FALSE,None
GB000052,AGT00006,Kalpit Setty,CUST002756,POL000564,Valid,19-10-2021,46350,TRUE,TRUE,1,Pune,FALSE,None
GB000053,AGT00228,Netra Bir,CUST000520,POL000811,Never Issued,08-10-2021,147662,TRUE,FALSE,3,Kolkata,TRUE,Unlicensed Selling
GB000054,AGT00369,Upma Chaudhuri,CUST001419,POL000561,Expired,08-03-2022,28883,TRUE,FALSE,6,Lucknow,TRUE,Unlicensed Selling
GB000055,AGT00250,Prisha Puri,CUST002101,POL000363,Suspended,17-03-2020,15374,TRUE,TRUE,0,Jaipur,TRUE,Unlicensed Selling
GB000056,AGT00353,Edhitha Luthra,CUST001625,,Suspended,29-10-2025,25551,TRUE,TRUE,7,Jaipur,FALSE,None
GB000057,AGT00209,Varsha Mann,CUST001807,,Valid,09-12-2024,95188,TRUE,TRUE,1,Chandigarh,FALSE,None
GB000058,AGT00324,Tejas Rege,CUST000263,,Valid,11-01-2022,121766,TRUE,TRUE,1,Lucknow,FALSE,None
GB000059,AGT00046,Quincy Parmar,CUST002157,POL000985,Valid,10-05-2023,149917,TRUE,TRUE,0,Indore,FALSE,None
GB000060,AGT00045,Pranit Naidu,CUST001455,,Valid,10-01-2024,88834,TRUE,TRUE,1,Lucknow,TRUE,Expired License Sales
GB000061,AGT00044,Mitali Balan,CUST000046,POL000922,Valid,16-04-2020,7352,TRUE,TRUE,1,Pune,FALSE,None
GB000062,AGT00186,Joshua Memon,CUST002802,POL000083,Valid,22-08-2022,101475,TRUE,TRUE,0,Nagpur,FALSE,None
GB000063,AGT00126,William Garde,CUST002244,,Valid,08-08-2023,112566,TRUE,TRUE,1,Hyderabad,FALSE,None
GB000064,AGT00270,Inaya Sankar,CUST000354,,Valid,31-12-2024,58080,TRUE,TRUE,1,Jaipur,FALSE,None
GB000065,AGT00344,Naveen Pillay,CUST003141,POL000309,Valid,16-11-2021,9594,TRUE,TRUE,1,Ahmedabad,FALSE,None
GB000066,AGT00232,Warjas Cheema,CUST002934,,Valid,29-07-2022,9475,TRUE,TRUE,1,Kolkata,FALSE,None
GB000067,AGT00084,Wridesh Sridhar,CUST002675,POL000730,Valid,07-11-2020,130599,TRUE,TRUE,1,Delhi,FALSE,None
GB000068,AGT00356,Tamanna Murty,CUST000941,,Valid,24-09-2021,89035,TRUE,TRUE,0,Kochi,FALSE,None
GB000069,AGT00197,Vedhika Iyer,CUST000271,POL000583,Never Issued,29-10-2021,96983,FALSE,FALSE,1,Pune,TRUE,Premium Pocketing - No Remittance
GB000070,AGT00270,Inaya Sankar,CUST000987,POL000445,Valid,21-08-2021,76923,TRUE,TRUE,1,Jaipur,FALSE,None
GB000071,AGT00340,Pooja Mandal,CUST002963,,Fake/Cloned,20-12-2023,3670,TRUE,FALSE,5,Lucknow,FALSE,None
GB000072,AGT00375,Jagat Nayar,CUST000047,,Valid,18-02-2021,60263,TRUE,TRUE,1,Kolkata,FALSE,None
GB000073,AGT00191,Gunbir Mannan,CUST000864,POL000097,Fake/Cloned,22-03-2024,36316,TRUE,TRUE,6,Coimbatore,FALSE,None
GB000074,AGT00309,Tarak Bala,CUST000753,,Never Issued,10-02-2022,19710,TRUE,FALSE,6,Jaipur,TRUE,Expired License Sales
GB000075,AGT00210,Harish Tailor,CUST001333,,Valid,18-01-2021,101510,TRUE,TRUE,0,Kolkata,FALSE,None
GB000076,AGT00185,Chasmum Kibe,CUST000230,,Valid,30-11-2024,6179,TRUE,TRUE,1,Chennai,FALSE,None
GB000077,AGT00200,Yug Jayaraman,CUST001925,,Valid,01-05-2021,26063,TRUE,TRUE,1,Lucknow,FALSE,None
GB000078,AGT00184,Oviya Chakrabarti,CUST000757,,Valid,14-11-2024,59009,TRUE,TRUE,1,Chennai,FALSE,None
GB000079,AGT00156,Wishi Din,CUST002364,,Valid,30-04-2026,72011,TRUE,TRUE,1,Pune,FALSE,None
GB000080,AGT00272,Christopher Bal,CUST000849,POL000578,Valid,30-01-2020,141753,TRUE,TRUE,1,Nagpur,FALSE,None
GB000081,AGT00098,Mugdha Guha,CUST000762,,Valid,09-05-2020,73501,TRUE,TRUE,0,Kochi,FALSE,None
GB000082,AGT00230,Gopal Cherian,CUST003116,POL000740,Valid,29-12-2022,34566,TRUE,TRUE,1,Chandigarh,FALSE,None
GB000083,AGT00267,Faris Srinivas,CUST001101,,Valid,28-04-2020,118488,TRUE,TRUE,0,Pune,FALSE,None
GB000084,AGT00340,Pooja Mandal,CUST003138,POL000783,Suspended,02-07-2026,86849,FALSE,FALSE,5,Lucknow,TRUE,Premium Pocketing - No Remittance
GB000085,AGT00126,William Garde,CUST001206,POL000006,Valid,26-07-2020,62217,TRUE,TRUE,1,Hyderabad,FALSE,None
GB000086,AGT00330,Viraj Contractor,CUST001095,POL000163,Valid,31-03-2020,25939,TRUE,TRUE,1,Lucknow,FALSE,None
GB000087,AGT00363,Abha Mangat,CUST002110,,Valid,29-04-2020,80854,TRUE,TRUE,0,Hyderabad,FALSE,None
GB000088,AGT00244,Logan Ahluwalia,CUST001530,POL000858,Valid,08-09-2022,142409,TRUE,TRUE,0,Chandigarh,FALSE,None
GB000089,AGT00298,Wahab Sarraf,CUST001745,POL000718,Valid,25-07-2020,143095,TRUE,TRUE,1,Indore,FALSE,None
GB000090,AGT00151,Mahika Sahni,CUST001788,POL000193,Fake/Cloned,09-02-2021,79406,TRUE,FALSE,5,Ahmedabad,FALSE,None
GB000091,AGT00367,Sudiksha Aurora,CUST002717,POL000480,Never Issued,11-12-2025,104326,TRUE,FALSE,2,Kolkata,TRUE,Expired License Sales
GB000092,AGT00251,Farhan Datta,CUST001422,POL000378,Expired,21-04-2020,106888,FALSE,FALSE,3,Pune,TRUE,Premium Pocketing - No Remittance
GB000093,AGT00118,Dominic Wali,CUST001531,POL000241,Never Issued,05-09-2021,61916,TRUE,FALSE,3,Kochi,FALSE,None
GB000094,AGT00151,Mahika Sahni,CUST000238,,Expired,02-08-2022,15274,FALSE,TRUE,3,Ahmedabad,TRUE,Premium Pocketing - No Remittance
GB000095,AGT00231,Vamakshi Naik,CUST002170,POL000748,Valid,10-11-2023,86285,TRUE,TRUE,0,Chennai,FALSE,None
GB000096,AGT00089,Falan Talwar,CUST000078,,Valid,06-12-2021,25398,TRUE,TRUE,0,Bengaluru,FALSE,None
GB000097,AGT00288,Faraj Bose,CUST001361,POL000328,Valid,11-11-2024,82506,TRUE,TRUE,0,Delhi,FALSE,None
GB000098,AGT00087,Chaman Butala,CUST000059,POL000050,Never Issued,03-01-2026,31135,TRUE,FALSE,5,Ahmedabad,TRUE,Unlicensed Selling
GB000099,AGT00222,Max Pandey,CUST000203,POL000002,Fake/Cloned,19-12-2025,113096,FALSE,FALSE,8,Mumbai,TRUE,Premium Pocketing - No Remittance
GB000100,AGT00258,Zarna Tella,CUST001930,POL000913,Valid,13-04-2020,128843,TRUE,TRUE,0,Jaipur,FALSE,None
GB000101,AGT00330,Viraj Contractor,CUST001344,POL000789,Valid,31-01-2022,12412,TRUE,TRUE,0,Lucknow,FALSE,None
GB000102,AGT00278,Rishi Oza,CUST002782,,Valid,01-08-2022,147365,TRUE,TRUE,1,Kolkata,FALSE,None
GB000103,AGT00306,Qarin Sankar,CUST003187,POL000188,Valid,27-04-2022,145266,TRUE,TRUE,0,Delhi,FALSE,None
GB000104,AGT00349,Mason Raj,CUST002607,,Valid,17-06-2020,114283,TRUE,TRUE,1,Chennai,FALSE,None
GB000105,AGT00223,Tripti Dey,CUST001587,POL000142,Valid,11-09-2022,92182,TRUE,TRUE,0,Pune,FALSE,None
GB000106,AGT00326,Devansh Sastry,CUST002992,,Valid,12-01-2023,95301,TRUE,TRUE,1,Lucknow,FALSE,None
GB000107,AGT00088,Xavier Jha,CUST002094,POL000711,Never Issued,16-04-2020,38219,TRUE,FALSE,8,Bengaluru,TRUE,Fake/Cloned Agent Identity
GB000108,AGT00311,Ikbal Rama,CUST002698,,Never Issued,03-06-2022,36507,TRUE,FALSE,3,Bengaluru,TRUE,Fake/Cloned Agent Identity
GB000109,AGT00087,Chaman Butala,CUST002958,POL000131,Expired,09-09-2025,57591,TRUE,TRUE,8,Ahmedabad,FALSE,None
GB000110,AGT00358,Janaki Buch,CUST001985,,Valid,03-09-2020,88468,TRUE,TRUE,1,Ahmedabad,FALSE,None
GB000111,AGT00125,Yahvi Sood,CUST003096,,Suspended,02-04-2024,90836,FALSE,FALSE,8,Chandigarh,TRUE,Premium Pocketing - No Remittance
GB000112,AGT00068,Hiral Ratta,CUST000153,POL000251,Valid,25-06-2025,89765,TRUE,TRUE,1,Jaipur,FALSE,None
GB000113,AGT00055,Oviya Saran,CUST001053,,Valid,02-09-2025,138939,TRUE,TRUE,1,Indore,FALSE,None
GB000114,AGT00073,Champak Anne,CUST002746,POL000517,Valid,12-05-2021,75644,TRUE,TRUE,0,Pune,FALSE,None
GB000115,AGT00170,Isha Kothari,CUST001159,,Valid,03-05-2022,4943,TRUE,TRUE,1,Chandigarh,FALSE,None
GB000116,AGT00195,Laban Kapoor,CUST000351,,Never Issued,30-10-2020,147595,FALSE,TRUE,2,Delhi,TRUE,Premium Pocketing - No Remittance
GB000117,AGT00350,Faras Kapur,CUST001654,POL000594,Valid,22-11-2023,102764,TRUE,TRUE,1,Delhi,FALSE,None
GB000118,AGT00144,Manbir Roy,CUST002294,POL000603,Suspended,11-11-2020,68028,FALSE,FALSE,1,Chennai,TRUE,Premium Pocketing - No Remittance
GB000119,AGT00086,Upkaar Chanda,CUST000151,POL000355,Valid,27-02-2025,140990,TRUE,TRUE,0,Delhi,FALSE,None
GB000120,AGT00283,Faraj Bhandari,CUST000913,,Valid,04-10-2020,27185,TRUE,TRUE,1,Ahmedabad,FALSE,None
GB000121,AGT00051,Udyati Nagy,CUST000350,,Valid,25-06-2021,22402,TRUE,TRUE,0,Chennai,FALSE,None
GB000122,AGT00340,Pooja Mandal,CUST001305,,Expired,27-02-2022,95860,FALSE,TRUE,7,Lucknow,TRUE,Premium Pocketing - No Remittance
GB000123,AGT00152,Dayamai Halder,CUST002349,POL000051,Expired,21-12-2020,24134,TRUE,FALSE,7,Ahmedabad,TRUE,Unlicensed Selling
GB000124,AGT00229,Ayushman Dutt,CUST002524,,Valid,27-03-2024,31505,TRUE,TRUE,0,Lucknow,FALSE,None
GB000125,AGT00073,Champak Anne,CUST000292,,Valid,11-05-2023,116250,TRUE,TRUE,0,Pune,FALSE,None
GB000126,AGT00054,Harshil Mall,CUST002583,POL000208,Valid,06-09-2020,2268,TRUE,TRUE,1,Ahmedabad,FALSE,None
GB000127,AGT00306,Qarin Sankar,CUST002973,POL000093,Valid,12-04-2020,72097,TRUE,TRUE,0,Delhi,FALSE,None
GB000128,AGT00161,Teerth Mandal,CUST000453,POL000560,Valid,31-01-2024,56197,TRUE,TRUE,1,Chandigarh,FALSE,None
GB000129,AGT00373,Pahal Pandya,CUST001213,,Valid,13-09-2025,143343,TRUE,TRUE,1,Jaipur,FALSE,None
GB000130,AGT00196,Charvi Mukhopadhyay,CUST001741,POL000788,Valid,15-06-2021,103958,TRUE,TRUE,1,Kolkata,FALSE,None
GB000131,AGT00325,Fariq Malhotra,CUST002936,,Valid,12-07-2021,118859,TRUE,TRUE,0,Kochi,FALSE,None
GB000132,AGT00371,Ojas Bora,CUST000468,,Never Issued,07-06-2024,8512,TRUE,FALSE,1,Coimbatore,TRUE,Fake/Cloned Agent Identity
GB000133,AGT00109,Chatresh Sastry,CUST002418,POL000206,Never Issued,15-07-2023,64968,TRUE,FALSE,6,Chandigarh,FALSE,None
GB000134,AGT00307,Dalaja Balay,CUST001266,,Valid,23-02-2022,122534,TRUE,TRUE,0,Chandigarh,FALSE,None
GB000135,AGT00006,Kalpit Setty,CUST000844,POL000299,Valid,18-01-2020,61757,TRUE,TRUE,1,Pune,FALSE,None
GB000136,AGT00254,Arin Kapur,CUST001089,POL000793,Expired,01-02-2023,108753,TRUE,FALSE,6,Kolkata,TRUE,Unlicensed Selling
GB000137,AGT00284,Reva Gole,CUST000382,POL000665,Valid,31-05-2020,131282,TRUE,TRUE,1,Coimbatore,FALSE,None
GB000138,AGT00183,Triya Bala,CUST002354,,Fake/Cloned,27-08-2024,97381,TRUE,TRUE,1,Ahmedabad,TRUE,Fake/Cloned Agent Identity
GB000139,AGT00063,Bhavani Deep,CUST001007,POL000321,Valid,22-05-2022,144836,TRUE,TRUE,0,Kolkata,FALSE,None
GB000140,AGT00230,Gopal Cherian,CUST001208,,Valid,08-12-2023,109915,TRUE,TRUE,0,Chandigarh,FALSE,None
GB000141,AGT00341,Aryan Narain,CUST000030,POL000539,Valid,12-01-2023,67679,TRUE,TRUE,1,Mumbai,FALSE,None
GB000142,AGT00356,Tamanna Murty,CUST002349,POL000687,Valid,24-08-2023,73239,TRUE,TRUE,0,Kochi,FALSE,None
GB000143,AGT00284,Reva Gole,CUST002526,,Valid,20-03-2023,95386,TRUE,TRUE,0,Coimbatore,FALSE,None
GB000144,AGT00105,Indira Lanka,CUST001947,POL000987,Expired,02-07-2021,142878,TRUE,FALSE,1,Coimbatore,FALSE,None
GB000145,AGT00332,Edhitha Barman,CUST002967,POL000411,Valid,23-08-2026,139166,TRUE,TRUE,0,Chennai,FALSE,None
GB000146,AGT00339,Kamya Sagar,CUST003200,,Valid,10-11-2026,17158,TRUE,TRUE,0,Coimbatore,FALSE,None
GB000147,AGT00139,Indali Kurian,CUST002497,,Valid,28-07-2026,115523,TRUE,TRUE,1,Hyderabad,FALSE,None
GB000148,AGT00072,Harshil Balakrishnan,CUST002732,POL000750,Fake/Cloned,14-08-2024,28209,FALSE,FALSE,3,Hyderabad,TRUE,Premium Pocketing - No Remittance
GB000149,AGT00335,Wahab Palla,CUST001797,POL000404,Valid,06-03-2025,14763,TRUE,TRUE,0,Hyderabad,FALSE,None
GB000150,AGT00338,Warjas Jani,CUST000230,,Fake/Cloned,10-01-2021,43105,TRUE,TRUE,2,Chandigarh,TRUE,Fake/Cloned Agent Identity
GB000151,AGT00036,Harshil Muni,CUST002893,POL000263,Valid,26-07-2020,101408,TRUE,TRUE,0,Mumbai,FALSE,None
GB000152,AGT00369,Upma Chaudhuri,CUST002226,POL000347,Suspended,04-05-2024,86776,TRUE,FALSE,4,Lucknow,TRUE,Fake/Cloned Agent Identity
GB000153,AGT00198,Ekalinga Acharya,CUST001065,,Valid,04-04-2021,104423,TRUE,TRUE,0,Delhi,FALSE,None
GB000154,AGT00377,Isha Sen,CUST000988,POL000622,Valid,07-12-2026,145582,TRUE,TRUE,1,Bengaluru,FALSE,None
GB000155,AGT00169,Theodore Balay,CUST002355,POL000467,Valid,01-05-2020,119747,TRUE,TRUE,0,Pune,FALSE,None
GB000156,AGT00198,Ekalinga Acharya,CUST000869,POL000813,Valid,22-07-2025,68344,TRUE,TRUE,1,Delhi,FALSE,None
GB000157,AGT00105,Indira Lanka,CUST000793,,Suspended,17-02-2023,66945,TRUE,FALSE,2,Coimbatore,FALSE,None
GB000158,AGT00342,Gautami Reddy,CUST002722,,Valid,07-09-2020,132717,TRUE,TRUE,0,Nagpur,FALSE,None
GB000159,AGT00168,Rachana Buch,CUST001166,POL000463,Valid,05-02-2025,62264,TRUE,TRUE,0,Kochi,FALSE,None
GB000160,AGT00311,Ikbal Rama,CUST000518,POL000474,Expired,15-08-2023,84471,TRUE,FALSE,0,Bengaluru,TRUE,Expired License Sales
GB000161,AGT00027,Tarak Patla,CUST000824,,Fake/Cloned,25-09-2025,145998,TRUE,TRUE,8,Nagpur,TRUE,Expired License Sales
GB000162,AGT00302,Darpan Mallick,CUST000620,POL000618,Expired,14-06-2022,121050,FALSE,FALSE,4,Lucknow,TRUE,Premium Pocketing - No Remittance
GB000163,AGT00187,Maya Dass,CUST000493,POL000133,Never Issued,11-04-2026,133185,TRUE,TRUE,3,Mumbai,FALSE,None
GB000164,AGT00001,Manya Lad,CUST002279,POL000973,Never Issued,13-10-2024,50213,TRUE,FALSE,7,Hyderabad,TRUE,Unlicensed Selling
GB000165,AGT00088,Xavier Jha,CUST002259,POL000701,Fake/Cloned,24-12-2021,136664,TRUE,FALSE,8,Bengaluru,FALSE,None
GB000166,AGT00077,Charles Lad,CUST002346,POL000914,Suspended,28-12-2024,113695,TRUE,FALSE,2,Pune,TRUE,Expired License Sales
GB000167,AGT00287,Mitali Srinivas,CUST000214,POL000692,Valid,05-08-2020,25552,TRUE,TRUE,1,Kolkata,FALSE,None
GB000168,AGT00183,Triya Bala,CUST000595,POL000932,Fake/Cloned,12-07-2025,62898,TRUE,FALSE,0,Ahmedabad,FALSE,None
GB000169,AGT00062,Andrew Agrawal,CUST001694,,Valid,30-01-2025,53118,TRUE,TRUE,0,Bengaluru,FALSE,None
GB000170,AGT00101,Triya Chhabra,CUST003077,POL000174,Valid,30-08-2023,20744,TRUE,TRUE,0,Coimbatore,FALSE,None
GB000171,AGT00191,Gunbir Mannan,CUST000836,,Never Issued,12-09-2024,23046,FALSE,TRUE,7,Coimbatore,TRUE,Premium Pocketing - No Remittance
GB000172,AGT00005,Farhan Raja,CUST000444,POL000885,Fake/Cloned,26-08-2021,82365,TRUE,FALSE,0,Nagpur,TRUE,Unlicensed Selling
GB000173,AGT00158,Nicholas Mitter,CUST002469,POL000542,Valid,16-10-2020,108908,TRUE,TRUE,0,Jaipur,FALSE,None
GB000174,AGT00254,Arin Kapur,CUST000239,POL000597,Suspended,24-08-2021,65932,TRUE,TRUE,2,Kolkata,TRUE,Expired License Sales
GB000175,AGT00195,Laban Kapoor,CUST000954,POL000293,Expired,20-05-2024,127464,TRUE,FALSE,8,Delhi,TRUE,Fake/Cloned Agent Identity
GB000176,AGT00223,Tripti Dey,CUST003093,,Valid,01-09-2021,109229,TRUE,TRUE,1,Pune,FALSE,None
GB000177,AGT00125,Yahvi Sood,CUST002395,,Fake/Cloned,11-06-2026,24084,TRUE,FALSE,0,Chandigarh,FALSE,None
GB000178,AGT00072,Harshil Balakrishnan,CUST002732,POL000750,Suspended,19-06-2021,37398,TRUE,FALSE,3,Hyderabad,TRUE,Expired License Sales
GB000179,AGT00309,Tarak Bala,CUST002058,,Never Issued,26-01-2022,98219,TRUE,FALSE,7,Jaipur,FALSE,None
GB000180,AGT00345,Bina Doctor,CUST002867,POL000765,Valid,19-12-2020,137272,TRUE,TRUE,1,Kolkata,FALSE,None
GB000181,AGT00192,Garima Bhat,CUST000087,,Valid,04-01-2022,109987,TRUE,TRUE,0,Chennai,FALSE,None
GB000182,AGT00118,Dominic Wali,CUST002593,,Fake/Cloned,22-08-2020,3039,FALSE,TRUE,6,Kochi,TRUE,Premium Pocketing - No Remittance
GB000183,AGT00192,Garima Bhat,CUST001048,POL000630,Valid,01-11-2020,90374,TRUE,TRUE,0,Chennai,FALSE,None
GB000184,AGT00337,Isaiah Vaidya,CUST000916,POL000079,Valid,07-02-2023,100611,TRUE,TRUE,1,Indore,FALSE,None
GB000185,AGT00257,Falan Warrior,CUST002921,,Fake/Cloned,19-06-2026,138706,TRUE,FALSE,6,Kolkata,FALSE,None
GB000186,AGT00329,Owen Din,CUST001363,,Valid,02-11-2022,65899,TRUE,TRUE,1,Mumbai,FALSE,None
GB000187,AGT00125,Yahvi Sood,CUST002763,,Never Issued,23-01-2026,2724,TRUE,FALSE,1,Chandigarh,TRUE,Expired License Sales
GB000188,AGT00266,Hiral Bobal,CUST000004,,Valid,22-02-2020,88590,TRUE,TRUE,0,Nagpur,FALSE,None
GB000189,AGT00247,Ranveer Johal,CUST003095,,Valid,24-04-2023,134527,TRUE,TRUE,1,Indore,FALSE,None
GB000190,AGT00212,Hredhaan Shetty,CUST003070,POL000948,Valid,02-10-2020,113966,TRUE,TRUE,0,Chennai,FALSE,None
GB000191,AGT00197,Vedhika Iyer,CUST000348,POL000419,Fake/Cloned,30-10-2026,73628,TRUE,FALSE,5,Pune,TRUE,Expired License Sales
GB000192,AGT00204,Qarin Keer,CUST003150,POL000541,Valid,27-07-2026,41456,TRUE,TRUE,0,Indore,FALSE,None
GB000193,AGT00327,Aarna Majumdar,CUST000288,POL000770,Valid,19-08-2025,43773,TRUE,TRUE,1,Nagpur,TRUE,Unlicensed Selling
GB000194,AGT00351,Jairaj Wable,CUST001221,,Valid,23-09-2026,135133,TRUE,TRUE,1,Pune,FALSE,None
GB000195,AGT00043,Nimrat Memon,CUST001845,,Never Issued,26-05-2020,11586,TRUE,TRUE,1,Indore,FALSE,None
GB000196,AGT00211,Anvi Raman,CUST000899,POL000125,Valid,11-02-2025,95479,TRUE,TRUE,0,Mumbai,FALSE,None
GB000197,AGT00352,Urmi Vohra,CUST001522,,Valid,21-09-2021,76012,TRUE,TRUE,0,Jaipur,FALSE,None
GB000198,AGT00051,Udyati Nagy,CUST002949,,Valid,07-05-2025,91507,TRUE,TRUE,1,Chennai,FALSE,None
GB000199,AGT00152,Dayamai Halder,CUST002321,,Expired,01-05-2022,135835,TRUE,FALSE,3,Ahmedabad,TRUE,Unlicensed Selling
GB000200,AGT00030,Jonathan Loyal,CUST001978,,Valid,03-03-2021,46209,TRUE,TRUE,0,Mumbai,FALSE,None
GB000201,AGT00043,Nimrat Memon,CUST001236,POL000252,Fake/Cloned,02-05-2021,59434,TRUE,TRUE,8,Indore,TRUE,Fake/Cloned Agent Identity
GB000202,AGT00344,Naveen Pillay,CUST003141,POL000309,Valid,02-04-2024,36656,TRUE,TRUE,1,Ahmedabad,FALSE,None
GB000203,AGT00169,Theodore Balay,CUST001475,,Valid,01-11-2023,136078,FALSE,TRUE,0,Pune,TRUE,Premium Pocketing - No Remittance
GB000204,AGT00257,Falan Warrior,CUST001131,,Fake/Cloned,27-10-2024,18470,TRUE,FALSE,0,Kolkata,TRUE,Fake/Cloned Agent Identity
GB000205,AGT00053,Simon Vyas,CUST001773,POL000035,Never Issued,06-08-2021,73035,TRUE,TRUE,4,Mumbai,TRUE,Fake/Cloned Agent Identity
GB000206,AGT00006,Kalpit Setty,CUST000191,POL000527,Valid,07-09-2021,100608,TRUE,TRUE,0,Pune,FALSE,None
GB000207,AGT00340,Pooja Mandal,CUST002692,POL000895,Suspended,02-08-2020,77840,TRUE,FALSE,8,Lucknow,TRUE,Expired License Sales
GB000208,AGT00214,Bhanumati Shankar,CUST001971,POL000153,Valid,24-05-2021,96771,TRUE,TRUE,1,Chennai,FALSE,None
GB000209,AGT00005,Farhan Raja,CUST000881,,Fake/Cloned,25-05-2021,149470,TRUE,FALSE,1,Nagpur,TRUE,Fake/Cloned Agent Identity
GB000210,AGT00376,Hritik Bath,CUST001402,,Valid,26-01-2020,46332,TRUE,TRUE,0,Bengaluru,FALSE,None
GB000211,AGT00187,Maya Dass,CUST001976,,Suspended,18-02-2026,121536,TRUE,TRUE,5,Mumbai,TRUE,Unlicensed Selling
GB000212,AGT00182,Unnati Salvi,CUST000936,,Valid,08-06-2025,78533,TRUE,TRUE,0,Chennai,FALSE,None
GB000213,AGT00232,Warjas Cheema,CUST000690,POL000853,Valid,20-11-2025,131194,TRUE,TRUE,1,Kolkata,FALSE,None
GB000214,AGT00002,Ekantika Jani,CUST001393,POL000829,Valid,13-05-2023,109618,TRUE,TRUE,0,Coimbatore,FALSE,None
GB000215,AGT00211,Anvi Raman,CUST001879,,Valid,24-09-2026,104424,TRUE,TRUE,1,Mumbai,FALSE,None
GB000216,AGT00234,David Krishna,CUST001751,,Never Issued,30-11-2024,96596,TRUE,FALSE,8,Lucknow,TRUE,Fake/Cloned Agent Identity
GB000217,AGT00114,Zilmil Sant,CUST000002,,Valid,29-09-2025,52020,TRUE,TRUE,0,Nagpur,FALSE,None
GB000218,AGT00274,Charles Ram,CUST002114,POL000147,Valid,08-12-2020,146057,TRUE,TRUE,0,Indore,FALSE,None
GB000219,AGT00144,Manbir Roy,CUST002647,POL000235,Fake/Cloned,24-11-2023,103416,TRUE,FALSE,4,Chennai,FALSE,None
GB000220,AGT00269,Balendra Taneja,CUST001145,,Valid,27-02-2026,123610,TRUE,TRUE,1,Nagpur,FALSE,None
GB000221,AGT00053,Simon Vyas,CUST000988,POL000537,Fake/Cloned,26-10-2020,133534,FALSE,FALSE,0,Mumbai,TRUE,Premium Pocketing - No Remittance
GB000222,AGT00350,Faras Kapur,CUST001639,,Valid,25-05-2020,25082,TRUE,TRUE,0,Delhi,FALSE,None
GB000223,AGT00337,Isaiah Vaidya,CUST000916,POL000079,Valid,06-04-2021,133937,TRUE,TRUE,0,Indore,FALSE,None
GB000224,AGT00057,Chandran Tak,CUST000149,,Valid,17-05-2025,37777,TRUE,TRUE,1,Ahmedabad,FALSE,None
GB000225,AGT00360,Veda Karpe,CUST002996,,Valid,04-07-2022,143394,TRUE,TRUE,0,Jaipur,FALSE,None
GB000226,AGT00208,Yasti Iyer,CUST001144,POL000389,Fake/Cloned,03-04-2022,15538,TRUE,FALSE,3,Chandigarh,FALSE,None
GB000227,AGT00260,Urishilla Lall,CUST001812,POL000553,Valid,26-12-2026,58125,TRUE,TRUE,0,Indore,FALSE,None
GB000228,AGT00322,Ria Andra,CUST002070,POL000549,Valid,26-03-2025,91583,TRUE,TRUE,0,Lucknow,FALSE,None
GB000229,AGT00027,Tarak Patla,CUST000152,,Fake/Cloned,07-01-2026,135249,TRUE,TRUE,3,Nagpur,TRUE,Fake/Cloned Agent Identity
GB000230,AGT00067,Charvi Maharaj,CUST001940,,Valid,01-09-2023,28502,FALSE,TRUE,1,Ahmedabad,TRUE,Premium Pocketing - No Remittance
GB000231,AGT00111,Lavanya Sami,CUST002651,POL000681,Fake/Cloned,24-02-2026,130988,FALSE,TRUE,6,Delhi,TRUE,Premium Pocketing - No Remittance
GB000232,AGT00183,Triya Bala,CUST002613,POL000934,Never Issued,12-10-2026,20249,TRUE,FALSE,3,Ahmedabad,FALSE,None
GB000233,AGT00134,Urmi Choudhary,CUST003085,POL000747,Valid,08-06-2026,4197,TRUE,TRUE,1,Kochi,FALSE,None
GB000234,AGT00191,Gunbir Mannan,CUST002354,,Never Issued,12-05-2021,36229,TRUE,FALSE,0,Coimbatore,FALSE,None
GB000235,AGT00073,Champak Anne,CUST002746,POL000517,Valid,01-03-2022,25166,TRUE,TRUE,0,Pune,FALSE,None
GB000236,AGT00254,Arin Kapur,CUST002044,,Suspended,14-04-2020,140764,TRUE,FALSE,3,Kolkata,TRUE,Fake/Cloned Agent Identity
GB000237,AGT00015,Warda Pathak,CUST001652,POL000924,Valid,10-01-2020,107298,TRUE,TRUE,0,Kolkata,FALSE,None
GB000238,AGT00138,Gautami Sethi,CUST001177,POL000426,Expired,22-11-2020,2775,TRUE,FALSE,0,Jaipur,TRUE,Fake/Cloned Agent Identity
GB000239,AGT00072,Harshil Balakrishnan,CUST002732,POL000750,Never Issued,01-06-2022,33656,TRUE,FALSE,0,Hyderabad,TRUE,Fake/Cloned Agent Identity
GB000240,AGT00276,Lakshit D’Alia,CUST001179,POL000857,Valid,29-07-2024,1606,TRUE,TRUE,0,Jaipur,FALSE,None
GB000241,AGT00338,Warjas Jani,CUST001099,POL000865,Suspended,25-06-2022,58281,TRUE,FALSE,1,Chandigarh,FALSE,None
GB000242,AGT00027,Tarak Patla,CUST000671,POL000939,Fake/Cloned,07-01-2022,8375,FALSE,FALSE,2,Nagpur,TRUE,Premium Pocketing - No Remittance
GB000243,AGT00302,Darpan Mallick,CUST000302,POL000843,Never Issued,14-12-2025,131708,TRUE,FALSE,4,Lucknow,FALSE,None
GB000244,AGT00340,Pooja Mandal,CUST001703,,Fake/Cloned,13-02-2023,128325,TRUE,FALSE,2,Lucknow,FALSE,None
GB000245,AGT00370,Bahadurjit Sankar,CUST002405,POL000423,Never Issued,12-07-2022,1819,TRUE,TRUE,5,Bengaluru,FALSE,None
GB000246,AGT00216,Bahadurjit Saxena,CUST002360,POL000103,Valid,19-06-2020,77992,TRUE,TRUE,0,Chandigarh,FALSE,None
GB000247,AGT00125,Yahvi Sood,CUST001852,,Expired,09-03-2026,132855,TRUE,FALSE,5,Chandigarh,FALSE,None
GB000248,AGT00124,Aarush Chandra,CUST002930,,Valid,14-02-2026,8560,TRUE,TRUE,1,Jaipur,FALSE,None
GB000249,AGT00144,Manbir Roy,CUST002792,POL000091,Suspended,22-02-2024,30168,TRUE,TRUE,8,Chennai,TRUE,Unlicensed Selling
GB000250,AGT00228,Netra Bir,CUST000475,,Suspended,21-01-2021,127625,TRUE,FALSE,1,Kolkata,FALSE,None
GB000251,AGT00187,Maya Dass,CUST001388,,Fake/Cloned,08-10-2022,100436,TRUE,FALSE,5,Mumbai,FALSE,None
GB000252,AGT00247,Ranveer Johal,CUST000807,,Valid,12-06-2024,79598,TRUE,TRUE,0,Indore,FALSE,None
GB000253,AGT00009,Kritika Lad,CUST001289,POL000449,Valid,27-02-2023,76924,TRUE,TRUE,0,Indore,FALSE,None
GB000254,AGT00039,Eiravati Chokshi,CUST001095,,Valid,01-09-2025,6318,TRUE,TRUE,0,Kochi,FALSE,None
GB000255,AGT00371,Ojas Bora,CUST002931,POL000779,Fake/Cloned,14-09-2026,55714,TRUE,FALSE,8,Coimbatore,TRUE,Expired License Sales
GB000256,AGT00378,Shivani Sarin,CUST001760,POL000319,Valid,19-05-2021,31544,TRUE,TRUE,1,Hyderabad,FALSE,None
GB000257,AGT00284,Reva Gole,CUST000382,POL000665,Valid,09-07-2022,21823,TRUE,TRUE,1,Coimbatore,FALSE,None
GB000258,AGT00101,Triya Chhabra,CUST003077,POL000174,Valid,18-06-2025,105555,TRUE,TRUE,0,Coimbatore,FALSE,None
GB000259,AGT00367,Sudiksha Aurora,CUST001664,,Expired,04-04-2024,17978,TRUE,TRUE,7,Kolkata,TRUE,Fake/Cloned Agent Identity
GB000260,AGT00084,Wridesh Sridhar,CUST002675,POL000730,Valid,04-07-2026,135396,TRUE,TRUE,1,Delhi,FALSE,None
GB000261,AGT00276,Lakshit D’Alia,CUST001179,POL000857,Valid,23-11-2026,123418,TRUE,TRUE,1,Jaipur,FALSE,None
GB000262,AGT00043,Nimrat Memon,CUST001313,POL000491,Fake/Cloned,14-12-2023,135006,TRUE,FALSE,5,Indore,TRUE,Expired License Sales
GB000263,AGT00244,Logan Ahluwalia,CUST001530,POL000858,Valid,15-02-2021,6033,TRUE,TRUE,0,Chandigarh,FALSE,None
GB000264,AGT00291,Jeevika Master,CUST001507,POL000129,Valid,10-11-2024,106067,TRUE,TRUE,0,Mumbai,FALSE,None
GB000265,AGT00330,Viraj Contractor,CUST001344,POL000789,Valid,29-01-2020,138158,TRUE,TRUE,0,Lucknow,FALSE,None
GB000266,AGT00278,Rishi Oza,CUST001977,POL000495,Valid,11-04-2026,19894,TRUE,TRUE,1,Kolkata,FALSE,None
GB000267,AGT00353,Edhitha Luthra,CUST000850,POL000774,Expired,05-04-2022,5687,TRUE,FALSE,5,Jaipur,TRUE,Fake/Cloned Agent Identity
GB000268,AGT00195,Laban Kapoor,CUST000765,POL000757,Expired,24-03-2025,134959,FALSE,FALSE,4,Delhi,TRUE,Premium Pocketing - No Remittance
GB000269,AGT00254,Arin Kapur,CUST002081,,Never Issued,19-12-2022,135115,FALSE,FALSE,4,Kolkata,TRUE,Premium Pocketing - No Remittance
GB000270,AGT00140,Zehaan Patla,CUST001299,POL000100,Valid,18-05-2020,18789,TRUE,TRUE,1,Mumbai,FALSE,None
GB000271,AGT00003,Girik Bal,CUST000959,POL000824,Valid,22-12-2020,57784,TRUE,TRUE,1,Bengaluru,FALSE,None
GB000272,AGT00290,Thomas Sawhney,CUST001599,POL000371,Valid,09-03-2026,7115,TRUE,TRUE,1,Indore,FALSE,None
GB000273,AGT00332,Edhitha Barman,CUST002967,POL000411,Valid,08-03-2023,29821,TRUE,TRUE,1,Chennai,FALSE,None
GB000274,AGT00069,Dhriti Tak,CUST001215,POL000807,Valid,08-12-2026,23879,TRUE,TRUE,0,Kochi,FALSE,None
GB000275,AGT00007,Rachit Khatri,CUST001181,,Never Issued,25-02-2024,118177,TRUE,FALSE,5,Hyderabad,TRUE,Expired License Sales
GB000276,AGT00064,Balhaar Walla,CUST001354,,Valid,21-09-2023,50157,TRUE,TRUE,0,Chennai,FALSE,None
GB000277,AGT00340,Pooja Mandal,CUST002826,,Never Issued,22-06-2024,61262,TRUE,FALSE,1,Lucknow,TRUE,Unlicensed Selling
GB000278,AGT00113,Patrick Majumdar,CUST001439,POL000599,Valid,03-02-2026,41971,TRUE,TRUE,0,Mumbai,FALSE,None
GB000279,AGT00089,Falan Talwar,CUST001731,,Valid,30-11-2025,102146,TRUE,TRUE,0,Bengaluru,FALSE,None
GB000280,AGT00005,Farhan Raja,CUST002179,POL000955,Suspended,09-10-2020,122535,FALSE,FALSE,8,Nagpur,TRUE,Premium Pocketing - No Remittance
GB000281,AGT00114,Zilmil Sant,CUST001997,,Valid,13-02-2023,93384,TRUE,TRUE,1,Nagpur,FALSE,None
GB000282,AGT00268,Anika Barman,CUST002843,,Valid,02-12-2024,113453,TRUE,TRUE,0,Jaipur,FALSE,None
GB000283,AGT00368,Jai Sahota,CUST000169,POL000166,Valid,10-02-2020,101277,TRUE,TRUE,0,Jaipur,FALSE,None
GB000284,AGT00119,Anya Kara,CUST002753,POL000876,Valid,05-04-2023,27520,TRUE,TRUE,1,Mumbai,FALSE,None
GB000285,AGT00093,Sathvik Wable,CUST002007,POL000450,Valid,29-05-2023,15833,TRUE,TRUE,1,Jaipur,FALSE,None
GB000286,AGT00339,Kamya Sagar,CUST002853,POL000060,Valid,08-11-2020,62475,TRUE,TRUE,1,Coimbatore,FALSE,None
GB000287,AGT00328,Warda Datta,CUST001563,,Suspended,14-04-2025,9143,TRUE,FALSE,4,Lucknow,TRUE,Expired License Sales
GB000288,AGT00125,Yahvi Sood,CUST002568,POL000731,Suspended,23-11-2026,90472,FALSE,FALSE,3,Chandigarh,TRUE,Premium Pocketing - No Remittance
GB000289,AGT00022,Azad Dalal,CUST000008,POL000468,Valid,28-02-2023,103132,TRUE,TRUE,0,Hyderabad,FALSE,None
GB000290,AGT00376,Hritik Bath,CUST001251,,Valid,17-02-2020,88005,TRUE,TRUE,1,Bengaluru,TRUE,Fake/Cloned Agent Identity
GB000291,AGT00254,Arin Kapur,CUST000239,POL000597,Suspended,13-05-2020,49538,TRUE,TRUE,5,Kolkata,FALSE,None
GB000292,AGT00353,Edhitha Luthra,CUST002345,POL000175,Suspended,28-04-2024,64795,TRUE,TRUE,5,Jaipur,TRUE,Expired License Sales
GB000293,AGT00132,Aditya Pandey,CUST000807,POL000392,Valid,22-06-2026,104041,TRUE,TRUE,0,Hyderabad,FALSE,None
GB000294,AGT00244,Logan Ahluwalia,CUST001954,POL000855,Valid,03-11-2025,83159,TRUE,TRUE,0,Chandigarh,FALSE,None
GB000295,AGT00252,Harrison Dalal,CUST002039,POL000654,Valid,07-12-2022,124796,TRUE,TRUE,0,Mumbai,FALSE,None
GB000296,AGT00334,Amol Pandit,CUST002542,POL000589,Valid,12-12-2026,78166,TRUE,TRUE,1,Chennai,FALSE,None
GB000297,AGT00377,Isha Sen,CUST000367,,Valid,03-03-2025,149311,TRUE,TRUE,1,Bengaluru,FALSE,None
GB000298,AGT00040,Pushti Iyengar,CUST001801,,Valid,07-10-2026,102542,TRUE,TRUE,1,Chennai,FALSE,None
GB000299,AGT00235,Baljiwan Bora,CUST002037,,Valid,31-08-2026,1553,TRUE,TRUE,1,Pune,FALSE,None
GB000300,AGT00129,Agastya Som,CUST002310,,Valid,14-07-2022,109381,TRUE,TRUE,1,Indore,FALSE,None
GB000301,AGT00310,Radha Sane,CUST001252,POL000260,Valid,27-08-2020,14612,TRUE,TRUE,1,Delhi,FALSE,None
GB000302,AGT00288,Faraj Bose,CUST002694,,Valid,24-04-2026,77673,TRUE,TRUE,1,Delhi,FALSE,None
GB000303,AGT00340,Pooja Mandal,CUST000619,POL000343,Never Issued,13-02-2020,65459,TRUE,FALSE,0,Lucknow,TRUE,Expired License Sales
GB000304,AGT00133,Aarav Suresh,CUST000869,POL000691,Valid,06-04-2023,26804,TRUE,TRUE,1,Kochi,FALSE,None
GB000305,AGT00072,Harshil Balakrishnan,CUST002732,POL000750,Fake/Cloned,15-12-2024,42154,TRUE,FALSE,3,Hyderabad,TRUE,Fake/Cloned Agent Identity
GB000306,AGT00006,Kalpit Setty,CUST000191,POL000527,Valid,29-04-2023,111183,TRUE,TRUE,0,Pune,FALSE,None
GB000307,AGT00101,Triya Chhabra,CUST002024,,Valid,25-10-2021,141689,TRUE,TRUE,0,Coimbatore,FALSE,None
GB000308,AGT00139,Indali Kurian,CUST002189,POL000148,Valid,04-05-2024,147470,TRUE,TRUE,0,Hyderabad,FALSE,None
GB000309,AGT00364,Dipta Dalal,CUST002183,POL000082,Valid,22-01-2025,3693,TRUE,TRUE,0,Coimbatore,FALSE,None
GB000310,AGT00187,Maya Dass,CUST000493,POL000133,Suspended,23-01-2022,31971,TRUE,FALSE,0,Mumbai,TRUE,Expired License Sales
GB000311,AGT00207,Lucky Khosla,CUST000663,POL000657,Valid,14-04-2020,127633,TRUE,TRUE,0,Chennai,FALSE,None
GB000312,AGT00338,Warjas Jani,CUST000538,,Fake/Cloned,15-07-2022,81078,TRUE,FALSE,1,Chandigarh,TRUE,Fake/Cloned Agent Identity
GB000313,AGT00338,Warjas Jani,CUST003115,,Fake/Cloned,13-03-2025,75227,TRUE,TRUE,2,Chandigarh,FALSE,None
GB000314,AGT00197,Vedhika Iyer,CUST002560,POL000381,Never Issued,04-10-2023,79990,TRUE,FALSE,8,Pune,TRUE,Unlicensed Selling
GB000315,AGT00043,Nimrat Memon,CUST001811,POL000055,Never Issued,11-08-2022,87034,TRUE,FALSE,4,Indore,TRUE,Fake/Cloned Agent Identity
GB000316,AGT00106,Frado Pandya,CUST002131,POL000434,Valid,31-07-2024,86567,TRUE,TRUE,0,Coimbatore,FALSE,None
GB000317,AGT00175,Krishna Saha,CUST002494,POL000617,Valid,04-09-2023,41677,TRUE,TRUE,1,Coimbatore,FALSE,None
GB000318,AGT00287,Mitali Srinivas,CUST000214,POL000692,Valid,05-10-2025,69402,TRUE,TRUE,1,Kolkata,FALSE,None
GB000319,AGT00266,Hiral Bobal,CUST003185,POL000096,Valid,27-08-2020,99104,TRUE,TRUE,1,Nagpur,FALSE,None
GB000320,AGT00241,Saksham Edwin,CUST001555,,Valid,10-10-2026,23291,TRUE,TRUE,1,Indore,FALSE,None
GB000321,AGT00338,Warjas Jani,CUST001360,POL000488,Fake/Cloned,27-12-2025,29497,TRUE,FALSE,8,Chandigarh,TRUE,Unlicensed Selling
GB000322,AGT00308,Atharv Nayar,CUST000704,POL000092,Valid,10-10-2025,116135,TRUE,TRUE,0,Chennai,FALSE,None
GB000323,AGT00371,Ojas Bora,CUST002931,POL000779,Suspended,31-05-2020,32969,TRUE,FALSE,2,Coimbatore,FALSE,None
GB000324,AGT00339,Kamya Sagar,CUST002064,,Valid,09-05-2020,148749,TRUE,TRUE,1,Coimbatore,FALSE,None
GB000325,AGT00077,Charles Lad,CUST002346,POL000914,Suspended,14-10-2026,31245,TRUE,FALSE,7,Pune,FALSE,None
GB000326,AGT00016,Mahika Chaudhuri,CUST000176,POL000661,Valid,03-01-2024,54312,TRUE,TRUE,1,Lucknow,FALSE,None
GB000327,AGT00152,Dayamai Halder,CUST002349,POL000051,Suspended,20-05-2023,9267,TRUE,FALSE,7,Ahmedabad,FALSE,None
GB000328,AGT00231,Vamakshi Naik,CUST000305,POL000714,Valid,03-02-2021,40812,TRUE,TRUE,1,Chennai,FALSE,None
GB000329,AGT00241,Saksham Edwin,CUST002567,POL000762,Valid,06-10-2024,135847,TRUE,TRUE,1,Indore,FALSE,None
GB000330,AGT00105,Indira Lanka,CUST002153,,Suspended,21-04-2025,126562,TRUE,TRUE,2,Coimbatore,TRUE,Expired License Sales
GB000331,AGT00330,Viraj Contractor,CUST000791,,Valid,24-06-2021,77924,TRUE,TRUE,1,Lucknow,FALSE,None
GB000332,AGT00125,Yahvi Sood,CUST001227,,Suspended,30-06-2020,26875,TRUE,FALSE,2,Chandigarh,TRUE,Fake/Cloned Agent Identity
GB000333,AGT00352,Urmi Vohra,CUST002768,,Valid,10-12-2022,96803,TRUE,TRUE,0,Jaipur,FALSE,None
GB000334,AGT00180,Dhriti Thakur,CUST001949,,Valid,05-11-2024,48589,TRUE,TRUE,1,Bengaluru,FALSE,None
GB000335,AGT00003,Girik Bal,CUST001702,,Valid,25-07-2026,4534,TRUE,TRUE,1,Bengaluru,FALSE,None
GB000336,AGT00063,Bhavani Deep,CUST001007,POL000321,Valid,17-12-2022,62807,TRUE,TRUE,0,Kolkata,FALSE,None
GB000337,AGT00037,Samesh Sura,CUST001739,POL000715,Valid,22-02-2021,52670,TRUE,TRUE,0,Indore,FALSE,None
GB000338,AGT00010,Anvi Butala,CUST002494,POL000149,Expired,06-03-2023,76465,TRUE,FALSE,8,Indore,TRUE,Expired License Sales
GB000339,AGT00267,Faris Srinivas,CUST001083,,Valid,01-10-2021,55720,TRUE,TRUE,1,Pune,FALSE,None
GB000340,AGT00076,Rayaan Pillay,CUST003167,POL000301,Valid,15-09-2025,98619,TRUE,TRUE,0,Ahmedabad,FALSE,None
GB000341,AGT00321,Sachi Shere,CUST001009,,Valid,08-05-2021,4739,TRUE,TRUE,1,Ahmedabad,FALSE,None
GB000342,AGT00105,Indira Lanka,CUST001956,POL000290,Expired,24-12-2020,34107,TRUE,TRUE,7,Coimbatore,TRUE,Unlicensed Selling
GB000343,AGT00008,Chameli Hari,CUST000048,,Expired,08-12-2024,134934,FALSE,TRUE,7,Bengaluru,TRUE,Premium Pocketing - No Remittance
GB000344,AGT00312,Ubika Samra,CUST000660,,Valid,13-01-2023,83533,TRUE,TRUE,1,Delhi,FALSE,None
GB000345,AGT00177,Chameli Shenoy,CUST001684,POL000802,Valid,22-06-2021,18487,TRUE,TRUE,0,Chennai,FALSE,None
GB000346,AGT00224,Chavvi Ramesh,CUST001436,,Valid,09-12-2020,29353,TRUE,TRUE,0,Indore,FALSE,None
GB000347,AGT00129,Agastya Som,CUST001668,POL000132,Valid,27-01-2026,9984,TRUE,TRUE,1,Indore,FALSE,None
GB000348,AGT00010,Anvi Butala,CUST000317,POL000849,Fake/Cloned,09-09-2024,24130,FALSE,FALSE,2,Indore,TRUE,Premium Pocketing - No Remittance
GB000349,AGT00141,Agastya Pandit,CUST002616,POL000520,Valid,15-05-2022,74794,TRUE,TRUE,1,Hyderabad,FALSE,None
GB000350,AGT00195,Laban Kapoor,CUST002849,,Never Issued,29-08-2025,41080,FALSE,TRUE,8,Delhi,TRUE,Premium Pocketing - No Remittance
GB000351,AGT00004,Advay Dua,CUST001480,POL000891,Valid,16-04-2025,13839,TRUE,TRUE,0,Kolkata,FALSE,None
GB000352,AGT00214,Bhanumati Shankar,CUST000114,,Valid,08-06-2026,99874,TRUE,TRUE,1,Chennai,FALSE,None
GB000353,AGT00340,Pooja Mandal,CUST002344,,Never Issued,14-02-2022,42499,FALSE,FALSE,8,Lucknow,TRUE,Premium Pocketing - No Remittance
GB000354,AGT00087,Chaman Butala,CUST003082,POL000588,Expired,23-09-2022,131094,FALSE,FALSE,4,Ahmedabad,TRUE,Premium Pocketing - No Remittance
GB000355,AGT00353,Edhitha Luthra,CUST000438,,Never Issued,02-07-2026,137428,TRUE,TRUE,8,Jaipur,TRUE,Unlicensed Selling
GB000356,AGT00035,Rudra Mand,CUST000483,POL000478,Valid,29-07-2021,83036,TRUE,TRUE,0,Jaipur,FALSE,None
GB000357,AGT00314,Wazir Deo,CUST002314,,Valid,01-11-2022,76926,TRUE,TRUE,1,Nagpur,FALSE,None
GB000358,AGT00322,Ria Andra,CUST002070,POL000549,Valid,26-12-2020,30778,TRUE,TRUE,0,Lucknow,FALSE,None
GB000359,AGT00102,Wridesh Babu,CUST000162,,Valid,22-10-2020,106528,TRUE,TRUE,1,Bengaluru,FALSE,None
GB000360,AGT00367,Sudiksha Aurora,CUST001025,POL000722,Never Issued,27-11-2023,64192,FALSE,FALSE,1,Kolkata,TRUE,Premium Pocketing - No Remittance
GB000361,AGT00154,Rachita Sha,CUST000504,,Valid,30-10-2023,86376,TRUE,TRUE,1,Ahmedabad,FALSE,None
GB000362,AGT00053,Simon Vyas,CUST000988,POL000537,Never Issued,05-11-2024,129219,TRUE,FALSE,3,Mumbai,FALSE,None
GB000363,AGT00222,Max Pandey,CUST000625,POL000538,Fake/Cloned,23-11-2021,30980,FALSE,TRUE,7,Mumbai,TRUE,Premium Pocketing - No Remittance
GB000364,AGT00379,Vansha Desai,CUST001733,POL000076,Valid,14-05-2021,15065,TRUE,TRUE,1,Ahmedabad,FALSE,None
GB000365,AGT00342,Gautami Reddy,CUST001060,,Valid,03-12-2022,126361,TRUE,TRUE,1,Nagpur,FALSE,None
GB000366,AGT00109,Chatresh Sastry,CUST002635,,Never Issued,06-02-2023,11559,TRUE,FALSE,3,Chandigarh,TRUE,Expired License Sales
GB000367,AGT00215,Lopa Apte,CUST002506,,Valid,26-01-2023,125514,TRUE,TRUE,1,Chennai,FALSE,None
GB000368,AGT00043,Nimrat Memon,CUST001006,,Suspended,28-10-2024,74969,TRUE,FALSE,0,Indore,TRUE,Fake/Cloned Agent Identity
GB000369,AGT00176,Charvi Mody,CUST001866,POL000407,Fake/Cloned,26-05-2023,140728,TRUE,FALSE,2,Kolkata,TRUE,Fake/Cloned Agent Identity
GB000370,AGT00195,Laban Kapoor,CUST000954,POL000293,Fake/Cloned,05-01-2026,44210,TRUE,TRUE,3,Delhi,TRUE,Fake/Cloned Agent Identity
GB000371,AGT00121,Thomas Loyal,CUST002547,POL000134,Valid,04-08-2022,32477,TRUE,TRUE,1,Delhi,FALSE,None
GB000372,AGT00184,Oviya Chakrabarti,CUST001671,,Valid,03-06-2024,107111,TRUE,TRUE,1,Chennai,FALSE,None
GB000373,AGT00353,Edhitha Luthra,CUST001395,,Expired,17-07-2021,30529,TRUE,TRUE,3,Jaipur,TRUE,Fake/Cloned Agent Identity
GB000374,AGT00189,Chatura Chad,CUST001510,,Valid,03-03-2020,19262,TRUE,TRUE,0,Lucknow,FALSE,None
GB000375,AGT00317,Megha Barad,CUST002320,,Valid,07-06-2024,66087,TRUE,TRUE,0,Hyderabad,FALSE,None
GB000376,AGT00122,Samesh Garg,CUST002010,,Valid,27-05-2025,52686,TRUE,TRUE,1,Lucknow,FALSE,None
GB000377,AGT00370,Bahadurjit Sankar,CUST001702,POL000274,Never Issued,28-01-2021,75299,TRUE,FALSE,3,Bengaluru,TRUE,Unlicensed Selling
GB000378,AGT00032,Ijaya Menon,CUST000480,,Valid,06-03-2024,114044,TRUE,TRUE,0,Coimbatore,FALSE,None
GB000379,AGT00220,Ikshita Vohra,CUST002225,POL000205,Valid,10-02-2024,37409,TRUE,TRUE,1,Chandigarh,FALSE,None
GB000380,AGT00302,Darpan Mallick,CUST000957,,Fake/Cloned,07-10-2025,147681,TRUE,FALSE,0,Lucknow,TRUE,Fake/Cloned Agent Identity
GB000381,AGT00311,Ikbal Rama,CUST000518,POL000474,Never Issued,03-06-2021,20535,TRUE,FALSE,7,Bengaluru,TRUE,Expired License Sales
GB000382,AGT00077,Charles Lad,CUST003194,POL000285,Fake/Cloned,23-01-2021,124828,TRUE,FALSE,0,Pune,FALSE,None
GB000383,AGT00151,Mahika Sahni,CUST000617,POL000551,Never Issued,10-08-2021,136182,TRUE,FALSE,1,Ahmedabad,TRUE,Unlicensed Selling
GB000384,AGT00234,David Krishna,CUST002458,POL000954,Fake/Cloned,01-06-2024,110518,FALSE,FALSE,4,Lucknow,TRUE,Premium Pocketing - No Remittance
GB000385,AGT00121,Thomas Loyal,CUST002547,POL000134,Valid,27-09-2021,139279,TRUE,TRUE,0,Delhi,FALSE,None
GB000386,AGT00249,Lakshit Bhavsar,CUST000159,,Valid,06-10-2020,49637,TRUE,TRUE,0,Coimbatore,FALSE,None
GB000387,AGT00144,Manbir Roy,CUST002294,POL000603,Fake/Cloned,07-06-2025,75405,TRUE,FALSE,4,Chennai,TRUE,Expired License Sales
GB000388,AGT00136,Yahvi Ganesh,CUST000755,,Never Issued,31-03-2026,44872,TRUE,FALSE,2,Hyderabad,FALSE,None
GB000389,AGT00040,Pushti Iyengar,CUST003184,POL000580,Valid,04-07-2020,13185,TRUE,TRUE,1,Chennai,FALSE,None
GB000390,AGT00009,Kritika Lad,CUST001837,,Valid,15-03-2022,107706,TRUE,TRUE,1,Indore,FALSE,None
GB000391,AGT00320,Ekani Lalla,CUST002903,POL000567,Valid,15-03-2020,2396,TRUE,TRUE,0,Chandigarh,FALSE,None
GB000392,AGT00186,Joshua Memon,CUST002802,POL000083,Valid,10-12-2021,4460,TRUE,TRUE,0,Nagpur,FALSE,None
GB000393,AGT00208,Yasti Iyer,CUST000470,POL000278,Fake/Cloned,30-03-2026,103657,TRUE,FALSE,1,Chandigarh,TRUE,Expired License Sales
GB000394,AGT00142,Gauri Vasa,CUST001523,POL000548,Valid,06-04-2023,8676,TRUE,TRUE,1,Ahmedabad,FALSE,None
GB000395,AGT00052,Dominic Rajan,CUST001726,POL000524,Valid,18-06-2021,38312,TRUE,TRUE,0,Bengaluru,FALSE,None
GB000396,AGT00171,Pahal Rastogi,CUST000204,,Valid,01-12-2023,135220,TRUE,TRUE,1,Mumbai,FALSE,None
GB000397,AGT00088,Xavier Jha,CUST000629,POL000708,Fake/Cloned,14-07-2025,144344,FALSE,TRUE,1,Bengaluru,TRUE,Premium Pocketing - No Remittance
GB000398,AGT00321,Sachi Shere,CUST000492,POL000734,Valid,07-06-2023,3655,TRUE,TRUE,0,Ahmedabad,FALSE,None
GB000399,AGT00373,Pahal Pandya,CUST002843,,Valid,14-06-2022,56863,TRUE,TRUE,1,Jaipur,FALSE,None
GB000400,AGT00339,Kamya Sagar,CUST002689,POL000868,Valid,29-08-2022,62045,TRUE,TRUE,0,Coimbatore,FALSE,None
GB000401,AGT00197,Vedhika Iyer,CUST000512,,Never Issued,08-10-2021,46517,FALSE,TRUE,1,Pune,TRUE,Premium Pocketing - No Remittance
GB000402,AGT00234,David Krishna,CUST001988,,Fake/Cloned,29-05-2026,75227,TRUE,TRUE,0,Lucknow,TRUE,Expired License Sales
GB000403,AGT00365,Nilima Sama,CUST000116,,Valid,31-07-2025,75789,TRUE,TRUE,0,Ahmedabad,FALSE,None
GB000404,AGT00201,Urvi Bakshi,CUST001006,POL000287,Valid,07-02-2020,55322,TRUE,TRUE,1,Indore,FALSE,None
GB000405,AGT00239,Rohan Krishnan,CUST003005,POL000181,Valid,09-06-2023,102800,TRUE,TRUE,0,Ahmedabad,FALSE,None
GB000406,AGT00234,David Krishna,CUST001715,POL000867,Never Issued,24-01-2026,121782,TRUE,FALSE,3,Lucknow,TRUE,Unlicensed Selling
GB000407,AGT00264,Forum Bhatia,CUST000835,POL000021,Valid,12-04-2020,136294,TRUE,TRUE,0,Nagpur,FALSE,None
GB000408,AGT00240,Raksha Mangal,CUST003028,POL000977,Valid,24-05-2020,52141,TRUE,TRUE,1,Ahmedabad,FALSE,None
GB000409,AGT00251,Farhan Datta,CUST000392,,Fake/Cloned,24-01-2022,11716,FALSE,FALSE,6,Pune,TRUE,Premium Pocketing - No Remittance
GB000410,AGT00273,Ladli Badami,CUST001812,POL000651,Valid,31-12-2020,61644,TRUE,TRUE,0,Hyderabad,FALSE,None
GB000411,AGT00309,Tarak Bala,CUST002886,POL000310,Never Issued,09-01-2026,126650,TRUE,FALSE,1,Jaipur,FALSE,None
GB000412,AGT00151,Mahika Sahni,CUST002377,POL000989,Expired,05-10-2026,89499,TRUE,FALSE,3,Ahmedabad,TRUE,Fake/Cloned Agent Identity
GB000413,AGT00284,Reva Gole,CUST000382,POL000665,Valid,24-06-2026,133454,TRUE,TRUE,1,Coimbatore,FALSE,None
GB000414,AGT00036,Harshil Muni,CUST001169,POL000415,Valid,04-01-2025,136239,TRUE,TRUE,0,Mumbai,FALSE,None
GB000415,AGT00336,Faras Tripathi,CUST002736,,Valid,23-09-2024,118323,TRUE,TRUE,0,Delhi,FALSE,None
GB000416,AGT00111,Lavanya Sami,CUST001594,POL000611,Expired,07-12-2026,104849,TRUE,FALSE,3,Delhi,TRUE,Expired License Sales
GB000417,AGT00151,Mahika Sahni,CUST002978,,Suspended,23-03-2020,82117,TRUE,TRUE,0,Ahmedabad,TRUE,Expired License Sales
GB000418,AGT00309,Tarak Bala,CUST002774,,Suspended,04-08-2023,92730,FALSE,FALSE,6,Jaipur,TRUE,Premium Pocketing - No Remittance
GB000419,AGT00238,Krishna Deol,CUST002417,,Valid,09-03-2025,61972,TRUE,TRUE,0,Mumbai,FALSE,None
GB000420,AGT00118,Dominic Wali,CUST000246,POL000154,Suspended,21-02-2024,75963,FALSE,TRUE,7,Kochi,TRUE,Premium Pocketing - No Remittance
GB000421,AGT00088,Xavier Jha,CUST002259,POL000701,Expired,14-07-2024,55534,TRUE,FALSE,4,Bengaluru,TRUE,Fake/Cloned Agent Identity
GB000422,AGT00367,Sudiksha Aurora,CUST001897,POL000462,Expired,27-10-2025,117093,TRUE,FALSE,7,Kolkata,TRUE,Fake/Cloned Agent Identity
GB000423,AGT00029,Lakshit Kannan,CUST001239,,Valid,03-06-2024,25121,TRUE,TRUE,0,Indore,FALSE,None
GB000424,AGT00001,Manya Lad,CUST001535,,Fake/Cloned,30-05-2020,72736,TRUE,TRUE,8,Hyderabad,FALSE,None
GB000425,AGT00251,Farhan Datta,CUST002617,,Never Issued,30-12-2021,62581,TRUE,FALSE,0,Pune,TRUE,Fake/Cloned Agent Identity
GB000426,AGT00229,Ayushman Dutt,CUST000132,POL000620,Valid,24-08-2025,27123,TRUE,TRUE,1,Lucknow,FALSE,None
GB000427,AGT00280,George Anne,CUST001285,POL000972,Valid,10-04-2020,52036,TRUE,TRUE,1,Pune,FALSE,None
GB000428,AGT00276,Lakshit D’Alia,CUST001179,POL000857,Valid,18-02-2022,131062,TRUE,TRUE,1,Jaipur,FALSE,None
GB000429,AGT00331,Qarin Toor,CUST001278,POL000350,Expired,24-11-2022,79855,TRUE,FALSE,7,Delhi,FALSE,None
GB000430,AGT00353,Edhitha Luthra,CUST000850,POL000774,Fake/Cloned,26-07-2026,147662,TRUE,FALSE,0,Jaipur,FALSE,None
GB000431,AGT00299,Ishaan Bail,CUST003084,POL000375,Suspended,19-05-2026,23701,TRUE,FALSE,4,Delhi,TRUE,Fake/Cloned Agent Identity
GB000432,AGT00088,Xavier Jha,CUST002949,,Expired,28-09-2021,42178,TRUE,FALSE,3,Bengaluru,TRUE,Expired License Sales
GB000433,AGT00176,Charvi Mody,CUST000741,,Suspended,25-10-2024,106734,TRUE,FALSE,0,Kolkata,FALSE,None
GB000434,AGT00241,Saksham Edwin,CUST002375,,Valid,23-08-2024,38118,TRUE,TRUE,0,Indore,FALSE,None
GB000435,AGT00201,Urvi Bakshi,CUST000037,,Valid,08-06-2021,26387,TRUE,TRUE,0,Indore,FALSE,None
GB000436,AGT00061,Warjas Bail,CUST000986,,Valid,13-06-2020,58613,TRUE,TRUE,0,Chennai,FALSE,None
GB000437,AGT00222,Max Pandey,CUST000203,POL000002,Fake/Cloned,03-03-2021,47666,TRUE,TRUE,5,Mumbai,FALSE,None
GB000438,AGT00338,Warjas Jani,CUST002363,POL000219,Never Issued,05-07-2023,30554,FALSE,FALSE,3,Chandigarh,TRUE,Premium Pocketing - No Remittance
GB000439,AGT00155,Bhavya Choudhary,CUST002428,,Valid,22-07-2022,120387,TRUE,TRUE,1,Bengaluru,FALSE,None
GB000440,AGT00251,Farhan Datta,CUST000456,POL000884,Fake/Cloned,26-10-2026,43146,TRUE,FALSE,6,Pune,TRUE,Unlicensed Selling
GB000441,AGT00230,Gopal Cherian,CUST003042,POL000121,Valid,17-10-2025,101037,TRUE,TRUE,0,Chandigarh,FALSE,None
GB000442,AGT00144,Manbir Roy,CUST002923,POL000510,Never Issued,10-05-2026,145060,FALSE,FALSE,6,Chennai,TRUE,Premium Pocketing - No Remittance
GB000443,AGT00209,Varsha Mann,CUST000891,POL000288,Valid,13-07-2021,17456,TRUE,TRUE,0,Chandigarh,FALSE,None
GB000444,AGT00083,Odika Sekhon,CUST000286,POL000636,Valid,28-04-2022,120681,TRUE,TRUE,1,Ahmedabad,FALSE,None
GB000445,AGT00202,Mahika Bhakta,CUST002379,POL000236,Suspended,07-09-2023,123573,FALSE,FALSE,2,Hyderabad,TRUE,Premium Pocketing - No Remittance
GB000446,AGT00306,Qarin Sankar,CUST003187,POL000188,Valid,22-05-2025,62405,TRUE,TRUE,0,Delhi,FALSE,None
GB000447,AGT00291,Jeevika Master,CUST001507,POL000129,Valid,17-10-2023,143106,TRUE,TRUE,1,Mumbai,FALSE,None
GB000448,AGT00137,Girindra Chaudhry,CUST002844,,Valid,08-05-2025,1877,TRUE,TRUE,0,Kolkata,FALSE,None
GB000449,AGT00042,Oliver Bandi,CUST001536,,Valid,12-08-2021,63718,TRUE,TRUE,1,Indore,TRUE,Fake/Cloned Agent Identity
GB000450,AGT00307,Dalaja Balay,CUST000369,,Valid,13-05-2021,59100,TRUE,TRUE,1,Chandigarh,FALSE,None
GB000451,AGT00105,Indira Lanka,CUST002272,,Fake/Cloned,01-03-2026,10642,TRUE,FALSE,8,Coimbatore,TRUE,Fake/Cloned Agent Identity
GB000452,AGT00014,Pranit Chander,CUST000963,POL000492,Valid,09-03-2024,101844,TRUE,TRUE,0,Kochi,FALSE,None
GB000453,AGT00169,Theodore Balay,CUST001958,,Valid,26-06-2024,51483,TRUE,TRUE,1,Pune,FALSE,None
GB000454,AGT00281,Nitara Yadav,CUST002378,POL000159,Valid,06-02-2023,66293,TRUE,TRUE,1,Delhi,FALSE,None
GB000455,AGT00309,Tarak Bala,CUST000814,,Expired,03-02-2025,76450,TRUE,TRUE,3,Jaipur,TRUE,Expired License Sales
GB000456,AGT00371,Ojas Bora,CUST002931,POL000779,Suspended,22-01-2021,97629,TRUE,FALSE,2,Coimbatore,FALSE,None
GB000457,AGT00074,Henry Naidu,CUST001737,,Valid,19-02-2021,114140,TRUE,TRUE,1,Pune,FALSE,None
GB000458,AGT00112,Chaitaly Gulati,CUST001166,POL000195,Valid,19-06-2022,50508,TRUE,TRUE,0,Indore,FALSE,None
GB000459,AGT00228,Netra Bir,CUST000520,POL000811,Suspended,10-05-2024,108815,TRUE,FALSE,7,Kolkata,TRUE,Fake/Cloned Agent Identity
GB000460,AGT00310,Radha Sane,CUST001124,,Valid,07-11-2020,132651,TRUE,TRUE,0,Delhi,FALSE,None
GB000461,AGT00089,Falan Talwar,CUST001099,,Valid,18-04-2026,13587,TRUE,TRUE,1,Bengaluru,FALSE,None
GB000462,AGT00152,Dayamai Halder,CUST002234,POL000307,Never Issued,28-07-2025,67181,TRUE,FALSE,5,Ahmedabad,FALSE,None
GB000463,AGT00152,Dayamai Halder,CUST002772,,Suspended,26-05-2024,148000,TRUE,TRUE,5,Ahmedabad,TRUE,Expired License Sales
GB000464,AGT00298,Wahab Sarraf,CUST001745,POL000718,Valid,11-09-2024,93345,TRUE,TRUE,1,Indore,FALSE,None
GB000465,AGT00093,Sathvik Wable,CUST002751,,Valid,21-07-2020,44591,TRUE,TRUE,1,Jaipur,FALSE,None
GB000466,AGT00370,Bahadurjit Sankar,CUST001702,POL000274,Fake/Cloned,19-04-2020,32901,FALSE,FALSE,8,Bengaluru,TRUE,Premium Pocketing - No Remittance
GB000467,AGT00192,Garima Bhat,CUST001392,,Valid,22-03-2020,94411,TRUE,TRUE,0,Chennai,FALSE,None
GB000468,AGT00109,Chatresh Sastry,CUST002418,POL000206,Fake/Cloned,07-06-2024,140571,FALSE,FALSE,8,Chandigarh,TRUE,Premium Pocketing - No Remittance
GB000469,AGT00110,Kala Chaudhari,CUST002111,,Valid,07-02-2022,132305,TRUE,TRUE,1,Coimbatore,FALSE,None
GB000470,AGT00005,Farhan Raja,CUST000487,POL000349,Never Issued,18-02-2026,149490,FALSE,FALSE,6,Nagpur,TRUE,Premium Pocketing - No Remittance
GB000471,AGT00257,Falan Warrior,CUST000507,POL000725,Suspended,18-05-2020,60566,TRUE,FALSE,4,Kolkata,FALSE,None
GB000472,AGT00299,Ishaan Bail,CUST000217,POL000723,Expired,08-08-2020,16246,TRUE,FALSE,2,Delhi,TRUE,Expired License Sales
GB000473,AGT00008,Chameli Hari,CUST001440,POL000810,Suspended,10-05-2022,104425,TRUE,FALSE,1,Bengaluru,TRUE,Expired License Sales
GB000474,AGT00220,Ikshita Vohra,CUST002225,POL000205,Valid,15-07-2026,114400,TRUE,TRUE,0,Chandigarh,FALSE,None
GB000475,AGT00300,Bahadurjit Madan,CUST001648,,Valid,30-11-2026,35503,TRUE,TRUE,1,Pune,FALSE,None
GB000476,AGT00144,Manbir Roy,CUST002647,POL000235,Fake/Cloned,16-08-2022,136349,TRUE,TRUE,7,Chennai,FALSE,None
GB000477,AGT00162,Chatresh Suresh,CUST001814,POL000029,Valid,16-12-2023,67477,TRUE,TRUE,1,Bengaluru,FALSE,None
GB000478,AGT00138,Gautami Sethi,CUST000010,POL000534,Fake/Cloned,28-05-2024,132421,TRUE,FALSE,8,Jaipur,TRUE,Expired License Sales
GB000479,AGT00121,Thomas Loyal,CUST002547,POL000134,Valid,23-02-2026,93798,TRUE,TRUE,1,Delhi,FALSE,None
GB000480,AGT00187,Maya Dass,CUST001791,POL000790,Suspended,09-09-2023,74000,TRUE,TRUE,7,Mumbai,TRUE,Fake/Cloned Agent Identity
GB000481,AGT00065,Geetika Babu,CUST002032,,Valid,07-07-2023,145580,TRUE,TRUE,1,Chandigarh,FALSE,None
GB000482,AGT00166,Yadavi Dubey,CUST001679,,Valid,17-07-2020,98565,TRUE,TRUE,0,Mumbai,FALSE,None
GB000483,AGT00361,Omya Karpe,CUST002446,POL000064,Valid,03-03-2025,111123,TRUE,TRUE,1,Indore,FALSE,None
GB000484,AGT00007,Rachit Khatri,CUST002796,POL000157,Never Issued,06-03-2023,68081,TRUE,FALSE,1,Hyderabad,TRUE,Unlicensed Selling
GB000485,AGT00064,Balhaar Walla,CUST002147,,Valid,01-10-2023,117434,TRUE,TRUE,1,Chennai,FALSE,None
GB000486,AGT00299,Ishaan Bail,CUST002825,,Never Issued,27-07-2025,29957,TRUE,TRUE,2,Delhi,TRUE,Fake/Cloned Agent Identity
GB000487,AGT00050,Advay Narasimhan,CUST000075,,Valid,31-01-2026,139968,TRUE,TRUE,1,Lucknow,FALSE,None
GB000488,AGT00106,Frado Pandya,CUST002131,POL000434,Valid,03-05-2021,106634,TRUE,TRUE,0,Coimbatore,FALSE,None
GB000489,AGT00174,Liam Iyengar,CUST001814,,Valid,21-06-2026,136360,TRUE,TRUE,0,Jaipur,FALSE,None
GB000490,AGT00362,Yash Reddy,CUST002232,,Valid,24-08-2026,22150,TRUE,TRUE,0,Kolkata,FALSE,None
GB000491,AGT00072,Harshil Balakrishnan,CUST003129,,Fake/Cloned,20-02-2025,88877,TRUE,FALSE,0,Hyderabad,TRUE,Unlicensed Selling
GB000492,AGT00353,Edhitha Luthra,CUST002952,POL000727,Never Issued,06-05-2025,111540,TRUE,FALSE,5,Jaipur,TRUE,Fake/Cloned Agent Identity
GB000493,AGT00269,Balendra Taneja,CUST001273,,Valid,17-03-2021,106139,TRUE,TRUE,1,Nagpur,FALSE,None
GB000494,AGT00251,Farhan Datta,CUST001922,POL000998,Fake/Cloned,14-05-2022,22091,FALSE,TRUE,7,Pune,TRUE,Premium Pocketing - No Remittance
GB000495,AGT00272,Christopher Bal,CUST000849,POL000578,Valid,13-01-2025,132972,TRUE,TRUE,0,Nagpur,FALSE,None
GB000496,AGT00008,Chameli Hari,CUST001814,POL000422,Suspended,20-12-2025,47702,TRUE,FALSE,1,Bengaluru,TRUE,Expired License Sales
GB000497,AGT00035,Rudra Mand,CUST001980,,Valid,17-10-2021,20725,TRUE,TRUE,1,Jaipur,FALSE,None
GB000498,AGT00128,Gaurangi Shah,CUST002517,,Valid,05-03-2025,29722,TRUE,TRUE,1,Delhi,FALSE,None
GB000499,AGT00025,Jairaj Hans,CUST002188,,Valid,11-10-2023,19059,TRUE,TRUE,1,Kochi,FALSE,None
GB000500,AGT00374,Neelima Khurana,CUST001927,,Valid,23-08-2020,19161,TRUE,TRUE,1,Coimbatore,FALSE,None
GB000501,AGT00217,Isha Dewan,CUST001986,,Valid,15-09-2022,91345,TRUE,TRUE,0,Nagpur,FALSE,None
GB000502,AGT00185,Chasmum Kibe,CUST002407,,Valid,14-10-2023,11687,TRUE,TRUE,0,Chennai,FALSE,None
GB000503,AGT00302,Darpan Mallick,CUST000870,POL000430,Fake/Cloned,25-03-2022,83503,TRUE,FALSE,7,Lucknow,FALSE,None
GB000504,AGT00371,Ojas Bora,CUST001239,POL000357,Never Issued,18-07-2023,100770,TRUE,FALSE,7,Coimbatore,TRUE,Fake/Cloned Agent Identity
GB000505,AGT00367,Sudiksha Aurora,CUST001577,,Expired,16-08-2024,9694,TRUE,FALSE,1,Kolkata,TRUE,Expired License Sales
GB000506,AGT00303,Warhi Bahl,CUST002176,POL000540,Valid,13-03-2024,128260,TRUE,TRUE,1,Bengaluru,FALSE,None
GB000507,AGT00144,Manbir Roy,CUST001470,,Fake/Cloned,22-10-2026,100459,TRUE,FALSE,5,Chennai,TRUE,Fake/Cloned Agent Identity
GB000508,AGT00021,Chanchal Anne,CUST000980,,Valid,23-07-2024,51087,TRUE,TRUE,1,Chennai,FALSE,None
GB000509,AGT00035,Rudra Mand,CUST000483,POL000478,Valid,28-12-2024,108941,TRUE,TRUE,1,Jaipur,FALSE,None
GB000510,AGT00001,Manya Lad,CUST001256,,Suspended,03-02-2024,57561,TRUE,FALSE,6,Hyderabad,FALSE,None
GB000511,AGT00001,Manya Lad,CUST002307,POL000991,Expired,28-09-2024,6364,FALSE,TRUE,7,Hyderabad,TRUE,Premium Pocketing - No Remittance
GB000512,AGT00359,Yashasvi Bose,CUST001642,,Valid,27-08-2023,78008,TRUE,TRUE,1,Hyderabad,FALSE,None
GB000513,AGT00354,Chaaya Kohli,CUST002570,POL000191,Valid,25-05-2023,136046,TRUE,TRUE,1,Kolkata,FALSE,None
GB000514,AGT00251,Farhan Datta,CUST000300,,Never Issued,02-09-2021,25053,TRUE,FALSE,7,Pune,FALSE,None
GB000515,AGT00274,Charles Ram,CUST000426,,Valid,28-08-2023,133282,TRUE,TRUE,1,Indore,FALSE,None
GB000516,AGT00193,Yasti Bera,CUST002161,POL000821,Valid,17-08-2020,106128,TRUE,TRUE,0,Chandigarh,FALSE,None
GB000517,AGT00091,Upadhriti Rajan,CUST003043,,Valid,05-12-2020,39966,TRUE,TRUE,1,Pune,FALSE,None
GB000518,AGT00350,Faras Kapur,CUST001473,POL000515,Valid,20-01-2026,27070,TRUE,TRUE,0,Delhi,FALSE,None
GB000519,AGT00109,Chatresh Sastry,CUST002836,POL000039,Expired,03-12-2025,110573,TRUE,FALSE,3,Chandigarh,TRUE,Expired License Sales
GB000520,AGT00281,Nitara Yadav,CUST001505,POL000410,Valid,11-03-2020,107327,TRUE,TRUE,0,Delhi,FALSE,None
GB000521,AGT00095,Yamini Cherian,CUST002209,,Valid,15-10-2024,143318,TRUE,TRUE,0,Indore,FALSE,None
GB000522,AGT00332,Edhitha Barman,CUST000401,,Valid,29-04-2022,40829,TRUE,TRUE,1,Chennai,FALSE,None
GB000523,AGT00246,Qasim Wable,CUST001402,,Valid,12-12-2022,62125,TRUE,TRUE,1,Ahmedabad,FALSE,None
GB000524,AGT00241,Saksham Edwin,CUST002805,POL000626,Valid,08-06-2024,106111,TRUE,TRUE,0,Indore,FALSE,None
GB000525,AGT00034,Reyansh Krishna,CUST000372,POL000360,Valid,07-12-2020,106277,TRUE,TRUE,1,Coimbatore,FALSE,None
GB000526,AGT00155,Bhavya Choudhary,CUST001983,,Valid,23-07-2022,1169,TRUE,TRUE,0,Bengaluru,FALSE,None
GB000527,AGT00196,Charvi Mukhopadhyay,CUST001942,,Valid,10-08-2021,94943,TRUE,TRUE,0,Kolkata,FALSE,None
GB000528,AGT00112,Chaitaly Gulati,CUST001166,POL000195,Valid,07-07-2026,93408,TRUE,TRUE,1,Indore,FALSE,None
GB000529,AGT00338,Warjas Jani,CUST002363,POL000219,Never Issued,02-07-2025,145021,TRUE,FALSE,2,Chandigarh,FALSE,None
GB000530,AGT00321,Sachi Shere,CUST001281,,Valid,07-01-2023,48313,TRUE,TRUE,1,Ahmedabad,FALSE,None
GB000531,AGT00187,Maya Dass,CUST001791,POL000790,Fake/Cloned,16-04-2020,79735,FALSE,FALSE,7,Mumbai,TRUE,Premium Pocketing - No Remittance
GB000532,AGT00131,Aishani Bose,CUST000741,,Valid,26-05-2025,61131,TRUE,TRUE,0,Hyderabad,FALSE,None
GB000533,AGT00308,Atharv Nayar,CUST003108,POL000739,Valid,30-10-2025,127195,TRUE,TRUE,0,Chennai,FALSE,None
GB000534,AGT00077,Charles Lad,CUST003194,POL000285,Suspended,05-09-2026,108127,TRUE,FALSE,5,Pune,TRUE,Unlicensed Selling
GB000535,AGT00024,Nathan Vig,CUST000862,,Valid,17-08-2020,48740,TRUE,TRUE,1,Indore,FALSE,None
GB000536,AGT00010,Anvi Butala,CUST000317,POL000849,Never Issued,29-08-2025,113339,TRUE,FALSE,5,Indore,FALSE,None
GB000537,AGT00009,Kritika Lad,CUST001009,POL000565,Valid,08-09-2023,69570,TRUE,TRUE,0,Indore,FALSE,None
GB000538,AGT00186,Joshua Memon,CUST002802,POL000083,Valid,13-10-2021,145400,TRUE,TRUE,1,Nagpur,FALSE,None
GB000539,AGT00101,Triya Chhabra,CUST000494,,Valid,26-08-2023,45047,TRUE,TRUE,0,Coimbatore,FALSE,None
GB000540,AGT00257,Falan Warrior,CUST002537,,Suspended,16-04-2021,120168,TRUE,TRUE,4,Kolkata,TRUE,Expired License Sales
GB000541,AGT00247,Ranveer Johal,CUST002972,POL000291,Valid,14-03-2020,73666,TRUE,TRUE,0,Indore,TRUE,Fake/Cloned Agent Identity
GB000542,AGT00202,Mahika Bhakta,CUST001206,,Expired,15-10-2021,103173,TRUE,TRUE,2,Hyderabad,TRUE,Expired License Sales
GB000543,AGT00136,Yahvi Ganesh,CUST000499,POL000111,Never Issued,30-12-2023,56251,TRUE,FALSE,1,Hyderabad,FALSE,None
GB000544,AGT00328,Warda Datta,CUST001535,POL000186,Fake/Cloned,06-04-2021,1791,TRUE,FALSE,7,Lucknow,TRUE,Unlicensed Selling
GB000545,AGT00265,Wakeeta Bora,CUST002452,POL000437,Valid,19-03-2023,13333,TRUE,TRUE,1,Pune,FALSE,None
GB000546,AGT00106,Frado Pandya,CUST002574,,Valid,25-07-2024,69892,TRUE,TRUE,1,Coimbatore,FALSE,None
GB000547,AGT00190,Anamika Chhabra,CUST001244,POL000227,Valid,22-03-2025,136997,TRUE,TRUE,1,Kolkata,FALSE,None
GB000548,AGT00060,Onveer Narain,CUST002206,POL000721,Valid,20-06-2026,142836,TRUE,TRUE,0,Mumbai,FALSE,None
GB000549,AGT00125,Yahvi Sood,CUST000426,POL000523,Fake/Cloned,29-01-2025,55226,TRUE,FALSE,7,Chandigarh,FALSE,None
GB000550,AGT00379,Vansha Desai,CUST001733,POL000076,Valid,01-10-2021,78632,TRUE,TRUE,1,Ahmedabad,FALSE,None
GB000551,AGT00087,Chaman Butala,CUST003172,,Fake/Cloned,30-09-2020,40468,TRUE,FALSE,3,Ahmedabad,TRUE,Unlicensed Selling
GB000552,AGT00259,Mohini Bhandari,CUST000399,POL000953,Valid,26-04-2021,3094,TRUE,TRUE,0,Lucknow,FALSE,None
GB000553,AGT00092,Vinaya Cheema,CUST002785,,Valid,22-03-2020,46583,TRUE,TRUE,0,Lucknow,FALSE,None
GB000554,AGT00360,Veda Karpe,CUST002406,,Valid,31-01-2020,50021,TRUE,TRUE,0,Jaipur,FALSE,None
GB000555,AGT00118,Dominic Wali,CUST001531,POL000241,Never Issued,12-01-2023,16362,TRUE,FALSE,5,Kochi,TRUE,Fake/Cloned Agent Identity
GB000556,AGT00134,Urmi Choudhary,CUST002613,,Valid,22-09-2022,13185,TRUE,TRUE,0,Kochi,FALSE,None
GB000557,AGT00222,Max Pandey,CUST001785,POL000317,Never Issued,20-09-2025,82678,FALSE,FALSE,2,Mumbai,TRUE,Premium Pocketing - No Remittance
GB000558,AGT00221,Yochana Bhatnagar,CUST000704,POL000656,Valid,07-09-2020,119984,TRUE,TRUE,0,Nagpur,FALSE,None
GB000559,AGT00216,Bahadurjit Saxena,CUST003078,,Valid,31-08-2026,44190,TRUE,TRUE,1,Chandigarh,FALSE,None
GB000560,AGT00213,Pavani Divan,CUST002945,POL000845,Valid,08-06-2024,141836,TRUE,TRUE,0,Hyderabad,FALSE,None
GB000561,AGT00119,Anya Kara,CUST000090,,Valid,22-09-2022,17888,TRUE,TRUE,0,Mumbai,FALSE,None
GB000562,AGT00163,Abdul Sani,CUST000064,,Valid,14-09-2024,15748,TRUE,TRUE,1,Mumbai,FALSE,None
GB000563,AGT00222,Max Pandey,CUST000203,POL000002,Suspended,22-09-2020,52013,TRUE,TRUE,5,Mumbai,TRUE,Expired License Sales
GB000564,AGT00251,Farhan Datta,CUST002532,POL000601,Suspended,22-01-2020,116091,TRUE,TRUE,8,Pune,FALSE,None
GB000565,AGT00099,Arunima Sampath,CUST001112,,Valid,01-12-2023,21715,TRUE,TRUE,1,Hyderabad,FALSE,None
GB000566,AGT00260,Urishilla Lall,CUST001057,,Valid,24-10-2025,3906,TRUE,TRUE,1,Indore,FALSE,None
GB000567,AGT00353,Edhitha Luthra,CUST001096,,Suspended,19-02-2024,94125,FALSE,TRUE,2,Jaipur,TRUE,Premium Pocketing - No Remittance
GB000568,AGT00290,Thomas Sawhney,CUST002356,POL000023,Valid,10-11-2021,12808,TRUE,TRUE,1,Indore,FALSE,None
GB000569,AGT00027,Tarak Patla,CUST000671,POL000939,Suspended,16-04-2025,65945,FALSE,FALSE,2,Nagpur,TRUE,Premium Pocketing - No Remittance
GB000570,AGT00179,Lakshit Vyas,CUST001580,,Valid,27-08-2020,68105,TRUE,TRUE,0,Nagpur,FALSE,None
GB000571,AGT00163,Abdul Sani,CUST002264,POL000936,Valid,20-02-2020,111212,TRUE,TRUE,0,Mumbai,FALSE,None
GB000572,AGT00129,Agastya Som,CUST001302,POL000101,Valid,20-04-2021,27419,TRUE,TRUE,0,Indore,FALSE,None
GB000573,AGT00187,Maya Dass,CUST002904,POL000155,Fake/Cloned,27-06-2025,127258,TRUE,TRUE,1,Mumbai,FALSE,None
GB000574,AGT00166,Yadavi Dubey,CUST002301,,Valid,13-06-2024,12156,TRUE,TRUE,0,Mumbai,FALSE,None
GB000575,AGT00001,Manya Lad,CUST000023,POL000457,Suspended,12-06-2022,6062,TRUE,FALSE,5,Hyderabad,TRUE,Fake/Cloned Agent Identity
GB000576,AGT00091,Upadhriti Rajan,CUST002155,,Valid,05-06-2020,35940,TRUE,TRUE,1,Pune,FALSE,None
GB000577,AGT00084,Wridesh Sridhar,CUST002978,,Valid,24-02-2026,23463,TRUE,TRUE,1,Delhi,FALSE,None
GB000578,AGT00136,Yahvi Ganesh,CUST001585,POL000805,Expired,20-10-2022,37188,TRUE,TRUE,6,Hyderabad,TRUE,Expired License Sales
GB000579,AGT00069,Dhriti Tak,CUST002612,POL000777,Valid,27-10-2021,72813,TRUE,TRUE,0,Kochi,FALSE,None
GB000580,AGT00022,Azad Dalal,CUST000514,,Valid,12-07-2025,35017,TRUE,TRUE,1,Hyderabad,FALSE,None
GB000581,AGT00077,Charles Lad,CUST003194,POL000285,Fake/Cloned,15-02-2023,115375,TRUE,FALSE,1,Pune,FALSE,None
GB000582,AGT00328,Warda Datta,CUST000136,,Never Issued,13-08-2024,3697,TRUE,FALSE,1,Lucknow,FALSE,None
GB000583,AGT00305,Udarsh Jha,CUST001878,POL000346,Valid,15-03-2020,146975,TRUE,TRUE,1,Kochi,FALSE,None
GB000584,AGT00167,Anika Dhar,CUST001202,POL000663,Valid,09-08-2022,111930,TRUE,TRUE,0,Kolkata,FALSE,None
GB000585,AGT00336,Faras Tripathi,CUST002531,POL000695,Valid,11-08-2026,55086,TRUE,TRUE,1,Delhi,FALSE,None
GB000586,AGT00089,Falan Talwar,CUST002677,,Valid,25-11-2025,89385,TRUE,TRUE,1,Bengaluru,FALSE,None
GB000587,AGT00219,Nathan Parmar,CUST002457,,Valid,31-12-2024,37652,TRUE,TRUE,1,Indore,FALSE,None
GB000588,AGT00053,Simon Vyas,CUST001773,POL000035,Expired,11-02-2024,139326,TRUE,FALSE,8,Mumbai,TRUE,Unlicensed Selling
GB000589,AGT00319,Advik Dash,CUST001124,POL000214,Valid,02-04-2020,62631,TRUE,TRUE,0,Bengaluru,FALSE,None
GB000590,AGT00049,Jason Andra,CUST000906,POL000490,Valid,17-11-2025,81527,TRUE,TRUE,1,Jaipur,FALSE,None
GB000591,AGT00008,Chameli Hari,CUST000121,,Fake/Cloned,29-06-2020,105084,TRUE,TRUE,0,Bengaluru,FALSE,None
GB000592,AGT00107,Simon Dora,CUST001502,,Valid,01-11-2021,120771,TRUE,TRUE,0,Kochi,FALSE,None
GB000593,AGT00343,Upma Menon,CUST000679,POL000014,Valid,13-11-2025,114645,TRUE,TRUE,0,Pune,FALSE,None
GB000594,AGT00049,Jason Andra,CUST001797,POL000008,Valid,19-08-2020,60019,TRUE,TRUE,1,Jaipur,FALSE,None
GB000595,AGT00126,William Garde,CUST001206,POL000006,Valid,17-04-2026,121807,TRUE,TRUE,0,Hyderabad,FALSE,None
GB000596,AGT00121,Thomas Loyal,CUST002848,,Valid,18-02-2025,105528,TRUE,TRUE,0,Delhi,FALSE,None
GB000597,AGT00308,Atharv Nayar,CUST000704,POL000092,Valid,21-05-2024,66233,TRUE,TRUE,0,Chennai,FALSE,None
GB000598,AGT00156,Wishi Din,CUST000412,POL000647,Valid,07-11-2024,1372,TRUE,TRUE,1,Pune,FALSE,None
GB000599,AGT00228,Netra Bir,CUST000520,POL000811,Fake/Cloned,28-08-2025,72564,TRUE,FALSE,5,Kolkata,TRUE,Fake/Cloned Agent Identity
GB000600,AGT00151,Mahika Sahni,CUST001788,POL000193,Never Issued,03-08-2023,124297,FALSE,FALSE,0,Ahmedabad,TRUE,Premium Pocketing - No Remittance
GB000601,AGT00204,Qarin Keer,CUST003150,POL000113,Valid,04-03-2026,129058,TRUE,TRUE,1,Indore,FALSE,None
GB000602,AGT00019,Oni Prashad,CUST000832,POL000298,Valid,16-06-2026,64615,TRUE,TRUE,1,Jaipur,FALSE,None
GB000603,AGT00143,Isaiah Madan,CUST002882,POL000828,Valid,20-11-2025,30445,TRUE,TRUE,1,Kochi,FALSE,None
GB000604,AGT00328,Warda Datta,CUST002278,POL000211,Fake/Cloned,07-06-2020,86532,TRUE,FALSE,5,Lucknow,TRUE,Unlicensed Selling
GB000605,AGT00257,Falan Warrior,CUST000562,POL000910,Expired,05-05-2024,110435,FALSE,FALSE,2,Kolkata,TRUE,Premium Pocketing - No Remittance
GB000606,AGT00371,Ojas Bora,CUST002931,POL000779,Never Issued,12-01-2021,146810,TRUE,FALSE,8,Coimbatore,TRUE,Expired License Sales
GB000607,AGT00302,Darpan Mallick,CUST000824,,Suspended,14-12-2021,77974,FALSE,TRUE,1,Lucknow,TRUE,Premium Pocketing - No Remittance
GB000608,AGT00172,Advika Mittal,CUST001118,,Valid,01-04-2020,122049,TRUE,TRUE,1,Ahmedabad,FALSE,None
GB000609,AGT00253,Vihaan Behl,CUST000505,,Valid,01-02-2026,132827,TRUE,TRUE,1,Kochi,FALSE,None
GB000610,AGT00299,Ishaan Bail,CUST001077,POL000825,Never Issued,07-02-2023,63716,TRUE,FALSE,1,Delhi,TRUE,Unlicensed Selling
GB000611,AGT00105,Indira Lanka,CUST002055,,Suspended,04-02-2026,70061,TRUE,TRUE,5,Coimbatore,FALSE,None
GB000612,AGT00017,Anthony Sachdev,CUST002408,POL000178,Valid,07-01-2022,30884,TRUE,TRUE,0,Lucknow,FALSE,None
GB000613,AGT00151,Mahika Sahni,CUST001788,POL000193,Fake/Cloned,05-11-2026,2796,TRUE,FALSE,8,Ahmedabad,TRUE,Expired License Sales
GB000614,AGT00054,Harshil Mall,CUST002583,POL000208,Valid,06-02-2025,145826,TRUE,TRUE,0,Ahmedabad,FALSE,None
GB000615,AGT00109,Chatresh Sastry,CUST002418,POL000206,Fake/Cloned,06-05-2021,144233,TRUE,FALSE,7,Chandigarh,TRUE,Fake/Cloned Agent Identity
GB000616,AGT00364,Dipta Dalal,CUST002183,POL000082,Valid,20-11-2025,118747,TRUE,TRUE,0,Coimbatore,FALSE,None
GB000617,AGT00326,Devansh Sastry,CUST000493,POL000946,Valid,19-09-2025,68713,TRUE,TRUE,0,Lucknow,FALSE,None
GB000618,AGT00222,Max Pandey,CUST000198,POL000369,Never Issued,18-10-2026,94668,TRUE,FALSE,3,Mumbai,FALSE,None
GB000619,AGT00151,Mahika Sahni,CUST003038,POL000892,Suspended,09-03-2024,68586,FALSE,FALSE,0,Ahmedabad,TRUE,Premium Pocketing - No Remittance
GB000620,AGT00105,Indira Lanka,CUST002992,,Expired,03-08-2022,123206,TRUE,FALSE,8,Coimbatore,FALSE,None
GB000621,AGT00212,Hredhaan Shetty,CUST003070,POL000948,Valid,02-12-2021,91666,TRUE,TRUE,1,Chennai,FALSE,None
GB000622,AGT00198,Ekalinga Acharya,CUST001624,,Valid,07-01-2023,114796,TRUE,TRUE,0,Delhi,FALSE,None
GB000623,AGT00300,Bahadurjit Madan,CUST000001,POL000935,Valid,20-10-2026,39577,TRUE,TRUE,0,Pune,FALSE,None
GB000624,AGT00354,Chaaya Kohli,CUST001207,POL000586,Valid,10-02-2025,55765,TRUE,TRUE,1,Kolkata,FALSE,None
GB000625,AGT00125,Yahvi Sood,CUST002239,,Expired,30-01-2020,25841,TRUE,FALSE,3,Chandigarh,TRUE,Expired License Sales
GB000626,AGT00080,Ladli Madan,CUST002725,POL000875,Valid,14-11-2021,26498,TRUE,TRUE,1,Kolkata,FALSE,None
GB000627,AGT00151,Mahika Sahni,CUST002505,,Suspended,24-01-2021,109567,TRUE,TRUE,4,Ahmedabad,FALSE,None
GB000628,AGT00165,Lakshit Palla,CUST000951,POL000838,Valid,12-05-2026,113642,TRUE,TRUE,1,Coimbatore,FALSE,None
GB000629,AGT00010,Anvi Butala,CUST001337,POL000326,Never Issued,28-05-2023,68229,TRUE,FALSE,2,Indore,TRUE,Expired License Sales
GB000630,AGT00331,Qarin Toor,CUST002804,POL000951,Expired,12-01-2020,128855,TRUE,FALSE,7,Delhi,TRUE,Fake/Cloned Agent Identity
GB000631,AGT00378,Shivani Sarin,CUST001744,,Valid,25-02-2024,64914,TRUE,TRUE,0,Hyderabad,FALSE,None
GB000632,AGT00353,Edhitha Luthra,CUST002345,POL000175,Suspended,08-06-2024,112399,TRUE,FALSE,6,Jaipur,FALSE,None
GB000633,AGT00330,Viraj Contractor,CUST001344,POL000789,Valid,23-10-2024,15838,TRUE,TRUE,0,Lucknow,TRUE,Fake/Cloned Agent Identity
GB000634,AGT00377,Isha Sen,CUST002434,,Valid,18-02-2020,102224,TRUE,TRUE,1,Bengaluru,FALSE,None
GB000635,AGT00346,Hitesh Kakar,CUST003116,POL000926,Valid,11-09-2024,87765,TRUE,TRUE,1,Chandigarh,FALSE,None
GB000636,AGT00256,Ekansh Dugar,CUST000803,,Valid,19-08-2025,70703,TRUE,TRUE,0,Nagpur,FALSE,None
GB000637,AGT00065,Geetika Babu,CUST002046,POL000846,Valid,17-09-2020,42845,TRUE,TRUE,0,Chandigarh,FALSE,None
GB000638,AGT00060,Onveer Narain,CUST002914,,Valid,15-11-2020,39907,TRUE,TRUE,1,Mumbai,FALSE,None
GB000639,AGT00011,Arin Chauhan,CUST000541,POL000352,Valid,04-07-2020,56421,TRUE,TRUE,0,Bengaluru,FALSE,None
GB000640,AGT00152,Dayamai Halder,CUST002349,POL000051,Fake/Cloned,26-03-2026,34330,TRUE,TRUE,7,Ahmedabad,TRUE,Unlicensed Selling
GB000641,AGT00309,Tarak Bala,CUST003071,,Suspended,11-04-2025,56244,TRUE,FALSE,0,Jaipur,FALSE,None
GB000642,AGT00187,Maya Dass,CUST001153,POL000072,Suspended,21-01-2020,122696,TRUE,TRUE,5,Mumbai,FALSE,None
GB000643,AGT00139,Indali Kurian,CUST002189,POL000148,Valid,16-01-2020,41564,TRUE,TRUE,0,Hyderabad,FALSE,None
GB000644,AGT00041,Kashvi Bhatt,CUST000278,,Valid,02-12-2026,104963,TRUE,TRUE,1,Kolkata,FALSE,None
GB000645,AGT00013,Lucky Mandal,CUST001172,POL000139,Valid,06-01-2020,122299,TRUE,TRUE,1,Lucknow,FALSE,None
GB000646,AGT00150,Alka Palla,CUST001472,,Valid,03-06-2026,121972,TRUE,TRUE,0,Ahmedabad,FALSE,None
GB000647,AGT00036,Harshil Muni,CUST000827,,Valid,29-07-2022,63469,TRUE,TRUE,1,Mumbai,FALSE,None
GB000648,AGT00038,Sanaya Sampath,CUST000945,,Valid,15-09-2020,3716,TRUE,TRUE,1,Pune,FALSE,None
GB000649,AGT00149,Anusha Sengupta,CUST002100,,Fake/Cloned,29-11-2022,28254,TRUE,FALSE,1,Jaipur,TRUE,Expired License Sales
GB000650,AGT00191,Gunbir Mannan,CUST000864,POL000097,Expired,02-10-2020,43632,TRUE,FALSE,8,Coimbatore,TRUE,Expired License Sales
GB000651,AGT00073,Champak Anne,CUST001429,,Valid,06-04-2022,104964,TRUE,TRUE,1,Pune,FALSE,None
GB000652,AGT00254,Arin Kapur,CUST002567,POL000223,Expired,14-04-2025,110623,TRUE,TRUE,3,Kolkata,FALSE,None
GB000653,AGT00155,Bhavya Choudhary,CUST002444,,Valid,24-08-2023,22277,TRUE,TRUE,0,Bengaluru,FALSE,None
GB000654,AGT00031,Vasatika Iyengar,CUST002138,POL000532,Valid,05-04-2024,127833,TRUE,TRUE,1,Delhi,FALSE,None
GB000655,AGT00238,Krishna Deol,CUST000779,,Valid,06-08-2022,18503,TRUE,TRUE,1,Mumbai,FALSE,None
GB000656,AGT00137,Girindra Chaudhry,CUST002742,,Valid,24-04-2021,101566,TRUE,TRUE,1,Kolkata,FALSE,None
GB000657,AGT00013,Lucky Mandal,CUST001172,POL000139,Valid,17-02-2021,87921,TRUE,TRUE,1,Lucknow,FALSE,None
GB000658,AGT00365,Nilima Sama,CUST002813,POL000947,Valid,28-01-2024,77180,TRUE,TRUE,1,Ahmedabad,FALSE,None
GB000659,AGT00212,Hredhaan Shetty,CUST000211,,Valid,03-12-2023,110264,TRUE,TRUE,1,Chennai,FALSE,None
GB000660,AGT00183,Triya Bala,CUST002471,POL000773,Expired,23-09-2025,33864,TRUE,FALSE,0,Ahmedabad,TRUE,Unlicensed Selling
GB000661,AGT00329,Owen Din,CUST000890,,Valid,25-12-2024,140850,TRUE,TRUE,1,Mumbai,FALSE,None
GB000662,AGT00359,Yashasvi Bose,CUST002026,,Valid,09-04-2022,97923,TRUE,TRUE,0,Hyderabad,FALSE,None
GB000663,AGT00087,Chaman Butala,CUST003082,POL000588,Expired,18-07-2023,46596,FALSE,FALSE,2,Ahmedabad,TRUE,Premium Pocketing - No Remittance
GB000664,AGT00309,Tarak Bala,CUST001639,POL000007,Suspended,01-10-2020,130739,TRUE,TRUE,5,Jaipur,TRUE,Expired License Sales
GB000665,AGT00317,Megha Barad,CUST002000,POL000911,Valid,18-04-2025,20733,TRUE,TRUE,0,Hyderabad,FALSE,None
GB000666,AGT00014,Pranit Chander,CUST000963,POL000492,Valid,17-12-2023,110082,TRUE,TRUE,1,Kochi,FALSE,None
GB000667,AGT00266,Hiral Bobal,CUST002831,POL000568,Valid,07-03-2024,13372,TRUE,TRUE,0,Nagpur,FALSE,None
GB000668,AGT00019,Oni Prashad,CUST000832,POL000298,Valid,23-05-2020,112950,TRUE,TRUE,0,Jaipur,FALSE,None
GB000669,AGT00222,Max Pandey,CUST000625,POL000538,Fake/Cloned,14-04-2022,36256,TRUE,TRUE,1,Mumbai,FALSE,None
GB000670,AGT00251,Farhan Datta,CUST002532,POL000601,Expired,01-03-2025,74353,TRUE,FALSE,4,Pune,TRUE,Expired License Sales
GB000671,AGT00139,Indali Kurian,CUST002189,POL000148,Valid,18-02-2026,85757,TRUE,TRUE,0,Hyderabad,FALSE,None
GB000672,AGT00338,Warjas Jani,CUST002472,POL000218,Suspended,22-02-2022,115687,TRUE,FALSE,6,Chandigarh,FALSE,None
GB000673,AGT00307,Dalaja Balay,CUST002318,,Valid,04-04-2025,106700,TRUE,TRUE,1,Chandigarh,FALSE,None
GB000674,AGT00353,Edhitha Luthra,CUST000850,POL000774,Expired,26-06-2020,59546,FALSE,TRUE,1,Jaipur,TRUE,Premium Pocketing - No Remittance
GB000675,AGT00120,Manya Ramaswamy,CUST002593,,Valid,23-06-2026,9064,TRUE,TRUE,1,Bengaluru,FALSE,None
GB000676,AGT00006,Kalpit Setty,CUST000191,POL000527,Valid,07-01-2026,104073,TRUE,TRUE,1,Pune,FALSE,None
GB000677,AGT00310,Radha Sane,CUST001007,,Valid,02-09-2021,146058,TRUE,TRUE,0,Delhi,FALSE,None
GB000678,AGT00087,Chaman Butala,CUST002722,POL000391,Never Issued,24-06-2021,42689,TRUE,FALSE,2,Ahmedabad,TRUE,Fake/Cloned Agent Identity
GB000679,AGT00177,Chameli Shenoy,CUST001638,,Valid,06-01-2026,45006,TRUE,TRUE,0,Chennai,FALSE,None
GB000680,AGT00311,Ikbal Rama,CUST000105,POL000390,Suspended,04-10-2023,33195,TRUE,FALSE,8,Bengaluru,TRUE,Fake/Cloned Agent Identity
GB000681,AGT00086,Upkaar Chanda,CUST000151,POL000355,Valid,28-04-2026,1203,TRUE,TRUE,0,Delhi,FALSE,None
GB000682,AGT00119,Anya Kara,CUST000845,,Valid,16-02-2021,46248,TRUE,TRUE,1,Mumbai,FALSE,None
GB000683,AGT00166,Yadavi Dubey,CUST001016,,Valid,07-11-2024,8460,TRUE,TRUE,0,Mumbai,FALSE,None
GB000684,AGT00106,Frado Pandya,CUST000398,,Valid,18-11-2024,119463,TRUE,TRUE,0,Coimbatore,FALSE,None
GB000685,AGT00176,Charvi Mody,CUST001345,,Expired,05-07-2023,58230,TRUE,FALSE,7,Kolkata,TRUE,Fake/Cloned Agent Identity
GB000686,AGT00003,Girik Bal,CUST002862,,Valid,06-05-2021,123268,TRUE,TRUE,0,Bengaluru,FALSE,None
GB000687,AGT00084,Wridesh Sridhar,CUST000639,,Valid,23-09-2024,136427,TRUE,TRUE,1,Delhi,FALSE,None
GB000688,AGT00318,Janaki Luthra,CUST002907,POL000313,Valid,19-06-2024,32935,TRUE,TRUE,0,Indore,FALSE,None
GB000689,AGT00152,Dayamai Halder,CUST001134,POL000569,Expired,24-01-2023,118739,TRUE,FALSE,8,Ahmedabad,TRUE,Unlicensed Selling
GB000690,AGT00238,Krishna Deol,CUST003034,POL000010,Valid,27-09-2022,3663,TRUE,TRUE,0,Mumbai,FALSE,None
GB000691,AGT00088,Xavier Jha,CUST000493,,Suspended,28-11-2023,95903,TRUE,TRUE,0,Bengaluru,FALSE,None
GB000692,AGT00245,Nikita Bora,CUST002851,POL000844,Valid,15-09-2025,132110,FALSE,TRUE,0,Jaipur,TRUE,Premium Pocketing - No Remittance
GB000693,AGT00380,Yashodhara Chacko,CUST001406,POL000408,Valid,25-06-2024,11318,TRUE,TRUE,1,Jaipur,FALSE,None
GB000694,AGT00222,Max Pandey,CUST002999,,Expired,25-04-2021,140992,TRUE,FALSE,7,Mumbai,TRUE,Fake/Cloned Agent Identity
GB000695,AGT00234,David Krishna,CUST001715,POL000867,Expired,28-06-2020,62243,TRUE,FALSE,3,Lucknow,TRUE,Unlicensed Selling
GB000696,AGT00042,Oliver Bandi,CUST001630,,Valid,04-08-2021,111723,TRUE,TRUE,1,Indore,FALSE,None
GB000697,AGT00151,Mahika Sahni,CUST002176,,Expired,30-11-2023,85044,FALSE,FALSE,1,Ahmedabad,TRUE,Premium Pocketing - No Remittance
GB000698,AGT00330,Viraj Contractor,CUST000602,POL000670,Valid,01-02-2024,37902,TRUE,TRUE,0,Lucknow,FALSE,None
GB000699,AGT00319,Advik Dash,CUST002122,,Valid,30-06-2024,98845,TRUE,TRUE,0,Bengaluru,FALSE,None
GB000700,AGT00195,Laban Kapoor,CUST001500,,Fake/Cloned,18-07-2023,72074,TRUE,TRUE,6,Delhi,TRUE,Fake/Cloned Agent Identity
GB000701,AGT00344,Naveen Pillay,CUST002500,,Valid,29-07-2026,49949,TRUE,TRUE,0,Ahmedabad,FALSE,None
GB000702,AGT00053,Simon Vyas,CUST000988,POL000537,Expired,01-05-2024,105765,TRUE,FALSE,1,Mumbai,TRUE,Expired License Sales
GB000703,AGT00249,Lakshit Bhavsar,CUST001486,,Valid,29-12-2020,47543,TRUE,TRUE,1,Coimbatore,FALSE,None
GB000704,AGT00097,Sneha Varghese,CUST000942,POL000062,Valid,17-10-2025,12398,TRUE,TRUE,1,Pune,TRUE,Expired License Sales
GB000705,AGT00243,Gopal Jani,CUST002486,,Valid,13-06-2026,146844,TRUE,TRUE,1,Kolkata,FALSE,None
GB000706,AGT00029,Lakshit Kannan,CUST002719,POL000333,Valid,26-02-2021,74436,TRUE,TRUE,1,Indore,FALSE,None
GB000707,AGT00362,Yash Reddy,CUST001676,POL000918,Valid,16-03-2026,110809,TRUE,TRUE,1,Kolkata,FALSE,None
GB000708,AGT00302,Darpan Mallick,CUST001601,POL000584,Expired,27-04-2025,51396,TRUE,FALSE,0,Lucknow,TRUE,Fake/Cloned Agent Identity
GB000709,AGT00078,Indrajit Bava,CUST000923,POL000659,Valid,11-08-2026,111583,TRUE,TRUE,0,Pune,FALSE,None
GB000710,AGT00238,Krishna Deol,CUST001360,POL000019,Valid,26-02-2025,67193,TRUE,TRUE,0,Mumbai,FALSE,None
GB000711,AGT00291,Jeevika Master,CUST002837,POL000297,Valid,09-12-2025,110461,TRUE,TRUE,0,Mumbai,FALSE,None
GB000712,AGT00082,Jonathan Nagar,CUST000448,,Valid,17-12-2026,21840,TRUE,TRUE,1,Indore,FALSE,None
GB000713,AGT00032,Ijaya Menon,CUST001126,,Valid,02-06-2022,99119,TRUE,TRUE,1,Coimbatore,FALSE,None
GB000714,AGT00136,Yahvi Ganesh,CUST001585,POL000805,Expired,18-03-2023,81061,TRUE,FALSE,8,Hyderabad,TRUE,Fake/Cloned Agent Identity
GB000715,AGT00052,Dominic Rajan,CUST000559,,Valid,19-11-2024,64900,TRUE,TRUE,0,Bengaluru,FALSE,None
GB000716,AGT00209,Varsha Mann,CUST000891,POL000288,Valid,08-02-2024,46384,TRUE,TRUE,0,Chandigarh,FALSE,None
GB000717,AGT00158,Nicholas Mitter,CUST000970,,Valid,01-08-2021,125679,TRUE,TRUE,0,Jaipur,FALSE,None
GB000718,AGT00176,Charvi Mody,CUST000783,POL000315,Expired,25-07-2026,30917,TRUE,FALSE,7,Kolkata,TRUE,Unlicensed Selling
GB000719,AGT00202,Mahika Bhakta,CUST000937,,Never Issued,02-12-2025,113301,TRUE,FALSE,2,Hyderabad,FALSE,None
GB000720,AGT00371,Ojas Bora,CUST001239,POL000357,Expired,24-08-2020,89155,TRUE,FALSE,7,Coimbatore,TRUE,Expired License Sales
GB000721,AGT00303,Warhi Bahl,CUST002176,POL000540,Valid,25-09-2025,71071,FALSE,TRUE,1,Bengaluru,TRUE,Premium Pocketing - No Remittance
GB000722,AGT00234,David Krishna,CUST002331,,Suspended,10-05-2026,57425,TRUE,FALSE,7,Lucknow,FALSE,None
GB000723,AGT00138,Gautami Sethi,CUST002763,POL000031,Never Issued,22-04-2020,81116,TRUE,TRUE,7,Jaipur,FALSE,None
GB000724,AGT00007,Rachit Khatri,CUST002808,,Suspended,12-09-2026,62321,TRUE,TRUE,2,Hyderabad,TRUE,Fake/Cloned Agent Identity
GB000725,AGT00043,Nimrat Memon,CUST001890,POL000016,Suspended,02-03-2022,68512,TRUE,TRUE,3,Indore,FALSE,None
GB000726,AGT00276,Lakshit D’Alia,CUST001179,POL000857,Valid,08-08-2023,102973,TRUE,TRUE,0,Jaipur,FALSE,None
GB000727,AGT00140,Zehaan Patla,CUST001228,,Valid,21-06-2026,119880,TRUE,TRUE,0,Mumbai,FALSE,None
GB000728,AGT00128,Gaurangi Shah,CUST001811,POL000162,Valid,20-02-2020,48055,TRUE,TRUE,1,Delhi,FALSE,None
GB000729,AGT00339,Kamya Sagar,CUST002689,POL000868,Valid,23-05-2020,1937,TRUE,TRUE,0,Coimbatore,FALSE,None
GB000730,AGT00184,Oviya Chakrabarti,CUST000086,,Valid,01-09-2024,18673,TRUE,TRUE,0,Chennai,FALSE,None
GB000731,AGT00342,Gautami Reddy,CUST001348,,Valid,02-03-2023,103974,TRUE,TRUE,1,Nagpur,FALSE,None
GB000732,AGT00338,Warjas Jani,CUST001949,,Never Issued,02-03-2024,73957,FALSE,FALSE,8,Chandigarh,TRUE,Premium Pocketing - No Remittance
GB000733,AGT00027,Tarak Patla,CUST002212,,Expired,24-01-2021,13953,TRUE,FALSE,7,Nagpur,TRUE,Fake/Cloned Agent Identity
GB000734,AGT00363,Abha Mangat,CUST000877,,Valid,13-07-2025,68052,TRUE,TRUE,0,Hyderabad,FALSE,None
GB000735,AGT00027,Tarak Patla,CUST003129,,Never Issued,29-03-2023,44042,TRUE,FALSE,5,Nagpur,TRUE,Expired License Sales
GB000736,AGT00369,Upma Chaudhuri,CUST000206,,Suspended,18-01-2022,120180,TRUE,FALSE,8,Lucknow,TRUE,Fake/Cloned Agent Identity
GB000737,AGT00173,Oscar Sarin,CUST002887,POL000720,Valid,25-09-2026,72706,TRUE,TRUE,0,Coimbatore,FALSE,None
GB000738,AGT00292,Amara Nagar,CUST001932,,Valid,06-09-2024,125765,TRUE,TRUE,0,Indore,FALSE,None
GB000739,AGT00263,Daniel Dewan,CUST002165,POL000179,Valid,26-05-2024,134425,TRUE,TRUE,1,Indore,FALSE,None
GB000740,AGT00195,Laban Kapoor,CUST001453,,Expired,28-08-2026,12999,FALSE,FALSE,3,Delhi,TRUE,Premium Pocketing - No Remittance
GB000741,AGT00232,Warjas Cheema,CUST002196,,Valid,24-05-2022,77474,TRUE,TRUE,1,Kolkata,FALSE,None
GB000742,AGT00366,Warda Hora,CUST001565,POL000685,Valid,08-12-2021,64134,TRUE,TRUE,0,Coimbatore,FALSE,None
GB000743,AGT00354,Chaaya Kohli,CUST000791,,Valid,23-04-2023,132652,TRUE,TRUE,1,Kolkata,FALSE,None
GB000744,AGT00247,Ranveer Johal,CUST001314,,Valid,01-08-2020,71086,TRUE,TRUE,0,Indore,FALSE,None
GB000745,AGT00249,Lakshit Bhavsar,CUST003093,,Valid,22-01-2023,46248,TRUE,TRUE,1,Coimbatore,FALSE,None
GB000746,AGT00096,Theodore Patla,CUST000947,,Valid,16-03-2026,118651,TRUE,TRUE,1,Chennai,FALSE,None
GB000747,AGT00316,Zaid Merchant,CUST001994,,Valid,16-03-2026,63249,TRUE,TRUE,0,Chandigarh,FALSE,None
GB000748,AGT00236,Kavya Balan,CUST001546,,Valid,13-01-2020,148500,TRUE,TRUE,0,Chandigarh,FALSE,None
GB000749,AGT00315,Avni Mahal,CUST000557,,Valid,06-10-2026,8647,TRUE,TRUE,1,Kolkata,FALSE,None
GB000750,AGT00249,Lakshit Bhavsar,CUST002809,,Valid,23-12-2024,69079,TRUE,TRUE,1,Coimbatore,FALSE,None
GB000751,AGT00115,Chandresh Kothari,CUST001385,POL000834,Valid,30-04-2021,81094,TRUE,TRUE,1,Chennai,FALSE,None
GB000752,AGT00074,Henry Naidu,CUST002970,POL000980,Valid,28-04-2020,54546,TRUE,TRUE,0,Pune,FALSE,None
GB000753,AGT00027,Tarak Patla,CUST002287,POL000746,Suspended,07-05-2026,81919,TRUE,FALSE,8,Nagpur,FALSE,None
GB000754,AGT00220,Ikshita Vohra,CUST000030,,Valid,30-06-2022,31033,TRUE,TRUE,1,Chandigarh,FALSE,None
GB000755,AGT00110,Kala Chaudhari,CUST001282,POL000224,Valid,25-01-2023,86075,TRUE,TRUE,0,Coimbatore,FALSE,None
GB000756,AGT00235,Baljiwan Bora,CUST001472,,Valid,21-04-2022,86625,TRUE,TRUE,1,Pune,FALSE,None
GB000757,AGT00017,Anthony Sachdev,CUST002273,,Valid,25-10-2021,99820,TRUE,TRUE,0,Lucknow,FALSE,None
GB000758,AGT00144,Manbir Roy,CUST001410,,Suspended,20-10-2022,32000,TRUE,TRUE,7,Chennai,TRUE,Expired License Sales
GB000759,AGT00103,Rachit Loke,CUST002564,POL000042,Valid,29-01-2026,73113,TRUE,TRUE,0,Pune,FALSE,None
GB000760,AGT00141,Agastya Pandit,CUST002616,POL000520,Valid,25-02-2022,144701,TRUE,TRUE,0,Hyderabad,TRUE,Fake/Cloned Agent Identity
GB000761,AGT00014,Pranit Chander,CUST000963,POL000492,Valid,12-12-2020,138994,TRUE,TRUE,0,Kochi,FALSE,None
GB000762,AGT00272,Christopher Bal,CUST001968,POL000487,Valid,24-08-2020,94435,TRUE,TRUE,0,Nagpur,FALSE,None
GB000763,AGT00043,Nimrat Memon,CUST002477,,Never Issued,20-09-2026,127956,TRUE,FALSE,2,Indore,TRUE,Expired License Sales
GB000764,AGT00005,Farhan Raja,CUST002179,POL000955,Never Issued,26-10-2025,100294,TRUE,TRUE,2,Nagpur,TRUE,Unlicensed Selling
GB000765,AGT00364,Dipta Dalal,CUST000529,,Valid,25-04-2024,62049,TRUE,TRUE,1,Coimbatore,FALSE,None
GB000766,AGT00076,Rayaan Pillay,CUST003167,POL000301,Valid,09-05-2025,97155,TRUE,TRUE,0,Ahmedabad,FALSE,None
GB000767,AGT00316,Zaid Merchant,CUST002575,POL000436,Valid,21-08-2025,8721,TRUE,TRUE,1,Chandigarh,FALSE,None
GB000768,AGT00369,Upma Chaudhuri,CUST000204,POL000104,Suspended,16-08-2020,117539,FALSE,TRUE,0,Lucknow,TRUE,Premium Pocketing - No Remittance
GB000769,AGT00198,Ekalinga Acharya,CUST001052,,Valid,22-04-2022,102013,TRUE,TRUE,0,Delhi,FALSE,None
GB000770,AGT00197,Vedhika Iyer,CUST000271,POL000583,Fake/Cloned,22-08-2022,112870,TRUE,FALSE,7,Pune,TRUE,Fake/Cloned Agent Identity
GB000771,AGT00139,Indali Kurian,CUST002189,POL000148,Valid,12-06-2020,68714,TRUE,TRUE,0,Hyderabad,FALSE,None
GB000772,AGT00158,Nicholas Mitter,CUST000126,,Valid,30-08-2024,96166,TRUE,TRUE,1,Jaipur,FALSE,None
GB000773,AGT00183,Triya Bala,CUST000813,,Never Issued,16-01-2021,112992,TRUE,FALSE,5,Ahmedabad,FALSE,None
GB000774,AGT00058,Chakradhar Maharaj,CUST002547,,Valid,04-08-2021,10747,TRUE,TRUE,1,Indore,FALSE,None
GB000775,AGT00138,Gautami Sethi,CUST001213,POL000088,Expired,16-12-2023,132050,TRUE,FALSE,3,Jaipur,TRUE,Fake/Cloned Agent Identity
GB000776,AGT00311,Ikbal Rama,CUST001111,POL000337,Fake/Cloned,22-12-2022,125102,TRUE,FALSE,4,Bengaluru,FALSE,None
GB000777,AGT00072,Harshil Balakrishnan,CUST000654,,Never Issued,16-06-2025,130244,TRUE,FALSE,6,Hyderabad,TRUE,Fake/Cloned Agent Identity
GB000778,AGT00276,Lakshit D’Alia,CUST000138,,Valid,02-09-2020,74640,TRUE,TRUE,1,Jaipur,FALSE,None
GB000779,AGT00246,Qasim Wable,CUST003042,,Valid,28-09-2025,48746,TRUE,TRUE,0,Ahmedabad,FALSE,None
GB000780,AGT00016,Mahika Chaudhuri,CUST001318,POL000768,Valid,15-06-2025,139410,TRUE,TRUE,0,Lucknow,FALSE,None
GB000781,AGT00006,Kalpit Setty,CUST000191,POL000527,Valid,25-05-2025,67704,TRUE,TRUE,0,Pune,FALSE,None
GB000782,AGT00136,Yahvi Ganesh,CUST000499,POL000111,Fake/Cloned,29-07-2023,130511,TRUE,TRUE,1,Hyderabad,FALSE,None
GB000783,AGT00257,Falan Warrior,CUST001361,,Fake/Cloned,17-03-2026,57500,TRUE,TRUE,7,Kolkata,FALSE,None
GB000784,AGT00126,William Garde,CUST002382,POL000795,Valid,03-10-2023,143395,TRUE,TRUE,1,Hyderabad,FALSE,None
GB000785,AGT00251,Farhan Datta,CUST000741,,Never Issued,29-12-2020,69163,FALSE,FALSE,2,Pune,TRUE,Premium Pocketing - No Remittance
GB000786,AGT00250,Prisha Puri,CUST003103,POL000476,Suspended,18-09-2022,129191,TRUE,TRUE,4,Jaipur,TRUE,Unlicensed Selling
GB000787,AGT00309,Tarak Bala,CUST002886,POL000310,Suspended,08-07-2022,19919,TRUE,FALSE,7,Jaipur,FALSE,None
GB000788,AGT00036,Harshil Muni,CUST002893,POL000263,Valid,11-02-2020,54956,TRUE,TRUE,0,Mumbai,FALSE,None
GB000789,AGT00215,Lopa Apte,CUST003154,POL000200,Valid,06-10-2026,17544,TRUE,TRUE,0,Chennai,FALSE,None
GB000790,AGT00019,Oni Prashad,CUST002262,,Valid,22-12-2025,51936,TRUE,TRUE,0,Jaipur,FALSE,None
GB000791,AGT00070,Maya Misra,CUST001672,POL000909,Valid,06-07-2023,20566,TRUE,TRUE,0,Jaipur,FALSE,None
GB000792,AGT00125,Yahvi Sood,CUST002778,POL000531,Suspended,29-04-2023,127854,FALSE,FALSE,2,Chandigarh,TRUE,Premium Pocketing - No Remittance
GB000793,AGT00264,Forum Bhatia,CUST000991,POL000358,Valid,06-07-2025,15880,TRUE,TRUE,1,Nagpur,FALSE,None
GB000794,AGT00370,Bahadurjit Sankar,CUST000291,,Expired,21-10-2025,144008,TRUE,TRUE,5,Bengaluru,TRUE,Fake/Cloned Agent Identity
GB000795,AGT00132,Aditya Pandey,CUST002992,,Valid,24-05-2024,97284,TRUE,TRUE,0,Hyderabad,FALSE,None
GB000796,AGT00195,Laban Kapoor,CUST002293,POL000512,Never Issued,04-02-2021,13198,TRUE,FALSE,8,Delhi,FALSE,None
GB000797,AGT00103,Rachit Loke,CUST002419,,Valid,25-06-2023,9376,TRUE,TRUE,1,Pune,FALSE,None
GB000798,AGT00253,Vihaan Behl,CUST002771,POL000373,Valid,25-04-2023,68432,TRUE,TRUE,0,Kochi,FALSE,None
GB000799,AGT00139,Indali Kurian,CUST002578,,Valid,07-01-2025,110791,TRUE,TRUE,0,Hyderabad,FALSE,None
GB000800,AGT00183,Triya Bala,CUST002740,,Fake/Cloned,17-11-2024,149188,FALSE,FALSE,2,Ahmedabad,TRUE,Premium Pocketing - No Remittance
GB000801,AGT00210,Harish Tailor,CUST001694,,Valid,22-11-2026,64295,TRUE,TRUE,0,Kolkata,FALSE,None
GB000802,AGT00255,Zayan Ramakrishnan,CUST001792,,Valid,08-11-2026,141885,TRUE,TRUE,1,Delhi,TRUE,Fake/Cloned Agent Identity
GB000803,AGT00018,Vidhi Bose,CUST000549,,Valid,02-07-2022,52313,TRUE,TRUE,1,Bengaluru,FALSE,None
GB000804,AGT00206,Madhav Bains,CUST001156,POL000794,Valid,08-05-2020,107873,TRUE,TRUE,1,Nagpur,FALSE,None
GB000805,AGT00161,Teerth Mandal,CUST001572,POL000230,Valid,13-01-2021,21232,TRUE,TRUE,1,Chandigarh,FALSE,None
GB000806,AGT00051,Udyati Nagy,CUST002382,POL000292,Valid,07-09-2023,34609,TRUE,TRUE,1,Chennai,FALSE,None
GB000807,AGT00081,Lakshit Sharma,CUST001320,,Valid,02-09-2026,117859,TRUE,TRUE,0,Indore,FALSE,None
GB000808,AGT00338,Warjas Jani,CUST001099,POL000865,Never Issued,08-04-2021,40021,TRUE,TRUE,6,Chandigarh,FALSE,None
GB000809,AGT00333,Darsh Lad,CUST002822,,Valid,10-07-2024,46108,TRUE,TRUE,0,Bengaluru,FALSE,None
GB000810,AGT00008,Chameli Hari,CUST000149,POL000552,Fake/Cloned,30-06-2021,131221,FALSE,TRUE,3,Bengaluru,TRUE,Premium Pocketing - No Remittance
GB000811,AGT00257,Falan Warrior,CUST002348,POL000496,Suspended,12-02-2021,86305,TRUE,TRUE,4,Kolkata,FALSE,None
GB000812,AGT00206,Madhav Bains,CUST002743,POL000275,Valid,09-09-2021,5821,TRUE,TRUE,0,Nagpur,FALSE,None
GB000813,AGT00360,Veda Karpe,CUST003065,,Valid,30-01-2022,121501,TRUE,TRUE,0,Jaipur,FALSE,None
GB000814,AGT00346,Hitesh Kakar,CUST002467,,Valid,28-09-2022,149869,TRUE,TRUE,0,Chandigarh,FALSE,None
GB000815,AGT00216,Bahadurjit Saxena,CUST001997,POL000635,Valid,13-12-2026,66580,TRUE,TRUE,1,Chandigarh,TRUE,Expired License Sales
GB000816,AGT00053,Simon Vyas,CUST000988,POL000537,Fake/Cloned,31-03-2023,6236,FALSE,FALSE,2,Mumbai,TRUE,Premium Pocketing - No Remittance
GB000817,AGT00176,Charvi Mody,CUST002409,,Suspended,03-01-2026,27745,TRUE,FALSE,7,Kolkata,TRUE,Fake/Cloned Agent Identity
GB000818,AGT00273,Ladli Badami,CUST001775,POL000065,Valid,06-12-2023,138697,TRUE,TRUE,1,Hyderabad,FALSE,None
GB000819,AGT00367,Sudiksha Aurora,CUST001644,POL000018,Expired,12-09-2020,94353,TRUE,TRUE,0,Kolkata,TRUE,Fake/Cloned Agent Identity
GB000820,AGT00138,Gautami Sethi,CUST001213,POL000088,Never Issued,14-06-2024,5014,FALSE,FALSE,3,Jaipur,TRUE,Premium Pocketing - No Remittance
GB000821,AGT00302,Darpan Mallick,CUST001099,,Fake/Cloned,14-08-2026,39548,FALSE,FALSE,4,Lucknow,TRUE,Premium Pocketing - No Remittance
GB000822,AGT00254,Arin Kapur,CUST001396,,Never Issued,19-10-2024,42033,TRUE,FALSE,2,Kolkata,FALSE,None
GB000823,AGT00027,Tarak Patla,CUST002968,,Suspended,12-10-2021,40060,TRUE,FALSE,3,Nagpur,TRUE,Expired License Sales
GB000824,AGT00208,Yasti Iyer,CUST002615,,Never Issued,08-09-2024,68096,TRUE,TRUE,6,Chandigarh,TRUE,Unlicensed Selling
GB000825,AGT00072,Harshil Balakrishnan,CUST002766,,Expired,07-08-2023,59235,TRUE,TRUE,7,Hyderabad,TRUE,Unlicensed Selling
GB000826,AGT00254,Arin Kapur,CUST002775,,Never Issued,16-03-2020,77860,TRUE,FALSE,8,Kolkata,TRUE,Expired License Sales
GB000827,AGT00228,Netra Bir,CUST000520,POL000811,Suspended,19-05-2021,93001,TRUE,FALSE,1,Kolkata,TRUE,Unlicensed Selling
GB000828,AGT00370,Bahadurjit Sankar,CUST000050,POL000775,Suspended,15-06-2025,96285,TRUE,TRUE,3,Bengaluru,TRUE,Unlicensed Selling
GB000829,AGT00358,Janaki Buch,CUST000262,POL000997,Valid,23-10-2021,26822,TRUE,TRUE,1,Ahmedabad,FALSE,None
GB000830,AGT00002,Ekantika Jani,CUST001545,,Valid,12-10-2022,83392,TRUE,TRUE,1,Coimbatore,FALSE,None
GB000831,AGT00027,Tarak Patla,CUST001130,,Expired,16-07-2025,121123,TRUE,FALSE,7,Nagpur,TRUE,Fake/Cloned Agent Identity
GB000832,AGT00296,Dalaja Kade,CUST002430,POL000511,Valid,22-07-2026,35985,TRUE,TRUE,0,Jaipur,FALSE,None
GB000833,AGT00255,Zayan Ramakrishnan,CUST000456,POL000964,Valid,17-11-2023,26276,TRUE,TRUE,0,Delhi,FALSE,None
GB000834,AGT00307,Dalaja Balay,CUST002415,,Valid,07-05-2023,135059,TRUE,TRUE,0,Chandigarh,FALSE,None
GB000835,AGT00105,Indira Lanka,CUST000402,,Suspended,07-02-2026,9330,TRUE,FALSE,4,Coimbatore,TRUE,Fake/Cloned Agent Identity
GB000836,AGT00327,Aarna Majumdar,CUST000288,POL000770,Valid,27-08-2020,76811,TRUE,TRUE,0,Nagpur,FALSE,None
GB000837,AGT00167,Anika Dhar,CUST001781,,Valid,11-05-2025,49119,TRUE,TRUE,0,Kolkata,FALSE,None
GB000838,AGT00104,Vamakshi Wali,CUST002845,POL000999,Valid,12-11-2024,115619,TRUE,TRUE,0,Jaipur,FALSE,None
GB000839,AGT00003,Girik Bal,CUST002151,,Valid,14-10-2025,38603,TRUE,TRUE,1,Bengaluru,FALSE,None
GB000840,AGT00333,Darsh Lad,CUST000787,,Valid,27-01-2026,29940,TRUE,TRUE,0,Bengaluru,FALSE,None
GB000841,AGT00199,Jai Venkatesh,CUST002373,,Valid,26-07-2024,9377,TRUE,TRUE,0,Chennai,FALSE,None
GB000842,AGT00370,Bahadurjit Sankar,CUST002405,POL000423,Fake/Cloned,13-06-2020,63308,TRUE,FALSE,5,Bengaluru,TRUE,Fake/Cloned Agent Identity
GB000843,AGT00267,Faris Srinivas,CUST000373,,Valid,11-08-2022,36961,TRUE,TRUE,1,Pune,FALSE,None
GB000844,AGT00027,Tarak Patla,CUST000671,POL000939,Fake/Cloned,03-03-2020,5928,TRUE,FALSE,1,Nagpur,FALSE,None
GB000845,AGT00221,Yochana Bhatnagar,CUST000338,,Valid,30-07-2026,10604,TRUE,TRUE,0,Nagpur,FALSE,None
GB000846,AGT00005,Farhan Raja,CUST000412,POL000634,Expired,20-02-2020,49029,FALSE,FALSE,0,Nagpur,TRUE,Premium Pocketing - No Remittance
GB000847,AGT00208,Yasti Iyer,CUST001144,POL000389,Never Issued,21-09-2025,94300,TRUE,FALSE,8,Chandigarh,FALSE,None
GB000848,AGT00136,Yahvi Ganesh,CUST002939,,Expired,06-09-2023,145849,FALSE,FALSE,4,Hyderabad,TRUE,Premium Pocketing - No Remittance
GB000849,AGT00241,Saksham Edwin,CUST000062,POL000339,Valid,29-04-2023,53068,TRUE,TRUE,0,Indore,FALSE,None
GB000850,AGT00202,Mahika Bhakta,CUST001057,,Expired,31-10-2021,113236,TRUE,FALSE,8,Hyderabad,TRUE,Unlicensed Selling
GB000851,AGT00104,Vamakshi Wali,CUST001284,POL000304,Valid,07-11-2025,104949,TRUE,TRUE,0,Jaipur,FALSE,None
GB000852,AGT00063,Bhavani Deep,CUST001007,POL000321,Valid,16-12-2023,136333,TRUE,TRUE,1,Kolkata,FALSE,None
GB000853,AGT00151,Mahika Sahni,CUST003180,,Suspended,07-09-2021,38306,FALSE,FALSE,3,Ahmedabad,TRUE,Premium Pocketing - No Remittance
GB000854,AGT00373,Pahal Pandya,CUST001446,,Valid,16-07-2021,70962,TRUE,TRUE,0,Jaipur,FALSE,None
GB000855,AGT00164,Aadi Bedi,CUST001213,POL000388,Valid,04-02-2023,63432,TRUE,TRUE,1,Chandigarh,FALSE,None
GB000856,AGT00286,Yash Master,CUST001293,,Valid,14-03-2024,133430,TRUE,TRUE,1,Bengaluru,FALSE,None
GB000857,AGT00016,Mahika Chaudhuri,CUST001318,POL000768,Valid,13-06-2023,79959,TRUE,TRUE,0,Lucknow,FALSE,None
GB000858,AGT00144,Manbir Roy,CUST002294,POL000603,Suspended,01-03-2024,35537,TRUE,TRUE,3,Chennai,TRUE,Fake/Cloned Agent Identity
GB000859,AGT00217,Isha Dewan,CUST001822,POL000380,Valid,21-12-2020,28337,TRUE,TRUE,0,Nagpur,FALSE,None
GB000860,AGT00287,Mitali Srinivas,CUST000390,POL000519,Valid,05-02-2022,126762,TRUE,TRUE,0,Kolkata,FALSE,None
GB000861,AGT00197,Vedhika Iyer,CUST001969,,Suspended,30-10-2020,130162,FALSE,TRUE,8,Pune,TRUE,Premium Pocketing - No Remittance
GB000862,AGT00194,Zaitra Dhawan,CUST002262,POL000078,Valid,09-03-2025,64247,TRUE,TRUE,0,Pune,FALSE,None
GB000863,AGT00294,Vedika Mammen,CUST001097,,Valid,24-02-2024,92301,TRUE,TRUE,1,Indore,FALSE,None
GB000864,AGT00119,Anya Kara,CUST001882,,Valid,06-08-2021,18576,TRUE,TRUE,0,Mumbai,FALSE,None
GB000865,AGT00031,Vasatika Iyengar,CUST001205,,Valid,01-01-2021,36584,TRUE,TRUE,0,Delhi,FALSE,None
GB000866,AGT00135,Anay Mannan,CUST001017,POL000109,Valid,23-07-2024,40035,TRUE,TRUE,1,Kolkata,FALSE,None
GB000867,AGT00061,Warjas Bail,CUST001921,,Valid,08-08-2025,94733,TRUE,TRUE,0,Chennai,FALSE,None
GB000868,AGT00369,Upma Chaudhuri,CUST003140,,Fake/Cloned,03-04-2021,136928,TRUE,FALSE,4,Lucknow,TRUE,Unlicensed Selling
GB000869,AGT00215,Lopa Apte,CUST003045,,Valid,29-04-2020,96980,TRUE,TRUE,0,Chennai,FALSE,None
GB000870,AGT00170,Isha Kothari,CUST001267,POL000264,Valid,27-07-2024,88163,TRUE,TRUE,1,Chandigarh,FALSE,None
GB000871,AGT00349,Mason Raj,CUST002202,POL000771,Valid,10-02-2024,13023,TRUE,TRUE,1,Chennai,FALSE,None
GB000872,AGT00342,Gautami Reddy,CUST002039,,Valid,29-12-2020,126524,TRUE,TRUE,0,Nagpur,FALSE,None
GB000873,AGT00153,Zinal Oza,CUST000754,POL000563,Valid,09-01-2024,101187,TRUE,TRUE,0,Ahmedabad,FALSE,None
GB000874,AGT00335,Wahab Palla,CUST001733,,Valid,22-05-2025,63919,TRUE,TRUE,0,Hyderabad,FALSE,None
GB000875,AGT00020,Shravya Dyal,CUST003155,POL000323,Valid,06-12-2026,1540,TRUE,TRUE,1,Coimbatore,FALSE,None
GB000876,AGT00338,Warjas Jani,CUST001169,POL000851,Expired,01-05-2022,9837,TRUE,FALSE,2,Chandigarh,TRUE,Fake/Cloned Agent Identity
GB000877,AGT00118,Dominic Wali,CUST001531,POL000241,Suspended,07-08-2022,104030,TRUE,FALSE,3,Kochi,TRUE,Unlicensed Selling
GB000878,AGT00209,Varsha Mann,CUST000891,POL000288,Valid,12-04-2026,65889,TRUE,TRUE,1,Chandigarh,FALSE,None
GB000879,AGT00105,Indira Lanka,CUST002308,POL000171,Expired,13-04-2025,50054,FALSE,FALSE,5,Coimbatore,TRUE,Premium Pocketing - No Remittance
GB000880,AGT00372,Yutika Wagle,CUST001831,,Valid,27-04-2025,10046,TRUE,TRUE,0,Nagpur,FALSE,None
GB000881,AGT00024,Nathan Vig,CUST000032,,Valid,02-02-2022,53495,TRUE,TRUE,1,Indore,FALSE,None
GB000882,AGT00170,Isha Kothari,CUST000387,POL000340,Valid,26-03-2023,41579,TRUE,TRUE,0,Chandigarh,FALSE,None
GB000883,AGT00232,Warjas Cheema,CUST001969,,Valid,17-06-2024,60821,TRUE,TRUE,1,Kolkata,FALSE,None
GB000884,AGT00230,Gopal Cherian,CUST003116,POL000740,Valid,09-08-2026,96877,TRUE,TRUE,1,Chandigarh,FALSE,None
GB000885,AGT00280,George Anne,CUST001947,POL000968,Valid,20-06-2022,77668,TRUE,TRUE,1,Pune,FALSE,None
GB000886,AGT00273,Ladli Badami,CUST002975,,Valid,11-02-2026,10012,TRUE,TRUE,1,Hyderabad,FALSE,None
GB000887,AGT00303,Warhi Bahl,CUST002176,POL000540,Valid,27-02-2024,8030,TRUE,TRUE,0,Bengaluru,FALSE,None
GB000888,AGT00089,Falan Talwar,CUST002668,,Valid,12-02-2025,123047,TRUE,TRUE,0,Bengaluru,FALSE,None
GB000889,AGT00141,Agastya Pandit,CUST003151,,Valid,11-11-2023,144099,TRUE,TRUE,1,Hyderabad,FALSE,None
GB000890,AGT00144,Manbir Roy,CUST002926,,Fake/Cloned,16-05-2026,94399,TRUE,FALSE,6,Chennai,FALSE,None
GB000891,AGT00367,Sudiksha Aurora,CUST002717,POL000480,Suspended,11-01-2022,19565,TRUE,TRUE,1,Kolkata,TRUE,Expired License Sales
GB000892,AGT00152,Dayamai Halder,CUST000806,POL000912,Fake/Cloned,20-08-2024,102536,TRUE,FALSE,4,Ahmedabad,TRUE,Expired License Sales
GB000893,AGT00087,Chaman Butala,CUST003003,POL000927,Suspended,27-07-2026,114921,TRUE,FALSE,3,Ahmedabad,TRUE,Fake/Cloned Agent Identity
GB000894,AGT00236,Kavya Balan,CUST002223,,Valid,30-10-2025,143710,TRUE,TRUE,1,Chandigarh,FALSE,None
GB000895,AGT00159,Bhavya Bhattacharyya,CUST000015,,Valid,27-09-2023,92122,TRUE,TRUE,0,Ahmedabad,FALSE,None
GB000896,AGT00098,Mugdha Guha,CUST000674,POL000102,Valid,14-07-2020,58540,TRUE,TRUE,0,Kochi,FALSE,None
GB000897,AGT00268,Anika Barman,CUST002692,POL000359,Valid,08-10-2025,10225,TRUE,TRUE,0,Jaipur,FALSE,None
GB000898,AGT00076,Rayaan Pillay,CUST003167,POL000301,Valid,30-05-2020,97774,TRUE,TRUE,0,Ahmedabad,FALSE,None
GB000899,AGT00236,Kavya Balan,CUST003123,,Valid,20-12-2022,83268,TRUE,TRUE,1,Chandigarh,FALSE,None
GB000900,AGT00161,Teerth Mandal,CUST000107,,Valid,28-07-2024,29353,TRUE,TRUE,0,Chandigarh,FALSE,None
GB000901,AGT00123,Idika Mani,CUST002858,POL000167,Valid,03-03-2021,49531,TRUE,TRUE,0,Pune,FALSE,None
GB000902,AGT00364,Dipta Dalal,CUST002183,POL000082,Valid,26-11-2020,133730,TRUE,TRUE,0,Coimbatore,FALSE,None
GB000903,AGT00125,Yahvi Sood,CUST000469,,Fake/Cloned,08-06-2022,26150,TRUE,FALSE,6,Chandigarh,TRUE,Unlicensed Selling
GB000904,AGT00135,Anay Mannan,CUST001017,POL000109,Valid,12-08-2022,145387,TRUE,TRUE,0,Kolkata,FALSE,None
GB000905,AGT00333,Darsh Lad,CUST001196,POL000547,Valid,19-12-2020,122159,TRUE,TRUE,1,Bengaluru,FALSE,None
GB000906,AGT00048,Kamya Dhillon,CUST000202,,Valid,14-03-2026,39649,TRUE,TRUE,1,Indore,FALSE,None
GB000907,AGT00040,Pushti Iyengar,CUST003184,POL000580,Valid,23-07-2026,21392,TRUE,TRUE,1,Chennai,FALSE,None
GB000908,AGT00109,Chatresh Sastry,CUST003113,,Never Issued,06-08-2025,138115,TRUE,FALSE,1,Chandigarh,TRUE,Expired License Sales
GB000909,AGT00222,Max Pandey,CUST001912,,Never Issued,29-03-2024,17867,TRUE,FALSE,3,Mumbai,TRUE,Expired License Sales
GB000910,AGT00145,Lucky Parikh,CUST001795,,Valid,24-09-2026,103216,TRUE,TRUE,0,Mumbai,FALSE,None
GB000911,AGT00228,Netra Bir,CUST000520,POL000811,Expired,03-07-2022,132429,TRUE,FALSE,1,Kolkata,TRUE,Fake/Cloned Agent Identity
GB000912,AGT00062,Andrew Agrawal,CUST001536,POL000353,Valid,29-03-2024,127874,TRUE,TRUE,1,Bengaluru,FALSE,None
GB000913,AGT00104,Vamakshi Wali,CUST001409,,Valid,09-04-2026,31408,TRUE,TRUE,1,Jaipur,FALSE,None
GB000914,AGT00209,Varsha Mann,CUST000917,,Valid,17-08-2025,27279,TRUE,TRUE,0,Chandigarh,FALSE,None
GB000915,AGT00086,Upkaar Chanda,CUST000336,,Valid,24-04-2024,103868,TRUE,TRUE,0,Delhi,FALSE,None
GB000916,AGT00157,Mason Virk,CUST001685,,Valid,12-07-2022,56131,TRUE,TRUE,0,Kochi,FALSE,None
GB000917,AGT00213,Pavani Divan,CUST002153,,Valid,16-07-2024,42452,TRUE,TRUE,0,Hyderabad,FALSE,None
GB000918,AGT00370,Bahadurjit Sankar,CUST001702,POL000274,Fake/Cloned,26-01-2025,77855,TRUE,FALSE,4,Bengaluru,TRUE,Fake/Cloned Agent Identity
GB000919,AGT00027,Tarak Patla,CUST000911,POL000244,Never Issued,22-01-2026,64612,TRUE,FALSE,0,Nagpur,FALSE,None
GB000920,AGT00176,Charvi Mody,CUST000575,POL000471,Expired,11-05-2023,28578,TRUE,FALSE,8,Kolkata,FALSE,None
GB000921,AGT00149,Anusha Sengupta,CUST000192,POL000038,Suspended,21-07-2024,2908,TRUE,FALSE,7,Jaipur,TRUE,Unlicensed Selling
GB000922,AGT00314,Wazir Deo,CUST000295,POL000962,Valid,29-12-2020,99059,TRUE,TRUE,1,Nagpur,TRUE,Expired License Sales
GB000923,AGT00342,Gautami Reddy,CUST001285,POL000628,Valid,01-05-2025,80368,TRUE,TRUE,1,Nagpur,FALSE,None
GB000924,AGT00346,Hitesh Kakar,CUST003116,POL000926,Valid,19-12-2023,143658,TRUE,TRUE,0,Chandigarh,FALSE,None
GB000925,AGT00143,Isaiah Madan,CUST002251,,Valid,19-10-2021,71940,TRUE,TRUE,0,Kochi,FALSE,None
GB000926,AGT00118,Dominic Wali,CUST000199,POL000192,Suspended,01-02-2024,88878,TRUE,TRUE,6,Kochi,TRUE,Unlicensed Selling
GB000927,AGT00171,Pahal Rastogi,CUST000660,POL000204,Valid,28-06-2023,133697,TRUE,TRUE,1,Mumbai,TRUE,Unlicensed Selling
GB000928,AGT00133,Aarav Suresh,CUST003167,,Valid,16-12-2023,98543,TRUE,TRUE,1,Kochi,TRUE,Fake/Cloned Agent Identity
GB000929,AGT00270,Inaya Sankar,CUST000065,,Valid,01-01-2022,18871,TRUE,TRUE,1,Jaipur,FALSE,None
GB000930,AGT00084,Wridesh Sridhar,CUST002675,POL000730,Valid,04-08-2025,130742,TRUE,TRUE,1,Delhi,FALSE,None
GB000931,AGT00250,Prisha Puri,CUST002902,POL000778,Fake/Cloned,26-02-2025,113961,TRUE,FALSE,2,Jaipur,FALSE,None
GB000932,AGT00354,Chaaya Kohli,CUST002056,POL000314,Valid,05-06-2023,56653,TRUE,TRUE,0,Kolkata,FALSE,None
GB000933,AGT00109,Chatresh Sastry,CUST002978,POL000259,Never Issued,05-12-2025,141180,TRUE,FALSE,3,Chandigarh,TRUE,Unlicensed Selling
GB000934,AGT00253,Vihaan Behl,CUST000031,POL000641,Valid,06-10-2022,116398,TRUE,TRUE,1,Kochi,FALSE,None
GB000935,AGT00053,Simon Vyas,CUST000553,,Suspended,14-07-2023,35984,FALSE,FALSE,8,Mumbai,TRUE,Premium Pocketing - No Remittance
GB000936,AGT00044,Mitali Balan,CUST000224,,Valid,06-04-2023,64478,TRUE,TRUE,1,Pune,FALSE,None
GB000937,AGT00043,Nimrat Memon,CUST002428,,Never Issued,24-09-2024,25290,TRUE,FALSE,2,Indore,TRUE,Unlicensed Selling
GB000938,AGT00053,Simon Vyas,CUST001773,POL000035,Never Issued,26-11-2021,146505,TRUE,FALSE,6,Mumbai,TRUE,Expired License Sales
GB000939,AGT00086,Upkaar Chanda,CUST000151,POL000355,Valid,05-06-2021,142890,TRUE,TRUE,0,Delhi,FALSE,None
GB000940,AGT00208,Yasti Iyer,CUST001446,POL000020,Suspended,12-07-2026,7984,TRUE,FALSE,1,Chandigarh,TRUE,Unlicensed Selling
GB000941,AGT00295,Samar Devan,CUST001444,POL000294,Valid,12-09-2023,67286,TRUE,TRUE,0,Ahmedabad,FALSE,None
GB000942,AGT00047,Elijah Kale,CUST002303,,Valid,14-10-2023,6594,TRUE,TRUE,1,Jaipur,FALSE,None
GB000943,AGT00332,Edhitha Barman,CUST002016,,Valid,31-10-2026,139243,TRUE,TRUE,0,Chennai,FALSE,None
GB000944,AGT00324,Tejas Rege,CUST000258,POL000530,Valid,21-01-2025,97624,TRUE,TRUE,1,Lucknow,FALSE,None
GB000945,AGT00274,Charles Ram,CUST001322,,Valid,24-09-2024,117575,TRUE,TRUE,0,Indore,FALSE,None
GB000946,AGT00159,Bhavya Bhattacharyya,CUST002219,,Valid,25-01-2023,51570,TRUE,TRUE,1,Ahmedabad,FALSE,None
GB000947,AGT00001,Manya Lad,CUST002279,POL000973,Fake/Cloned,14-10-2021,118291,TRUE,TRUE,3,Hyderabad,FALSE,None
GB000948,AGT00278,Rishi Oza,CUST001474,POL000265,Valid,28-01-2022,96350,TRUE,TRUE,0,Kolkata,FALSE,None
GB000949,AGT00337,Isaiah Vaidya,CUST001059,POL000820,Valid,03-07-2023,129742,TRUE,TRUE,0,Indore,FALSE,None
GB000950,AGT00128,Gaurangi Shah,CUST003090,POL000135,Valid,17-03-2021,120788,TRUE,TRUE,1,Delhi,FALSE,None
GB000951,AGT00269,Balendra Taneja,CUST001492,POL000383,Valid,12-02-2021,63405,TRUE,TRUE,0,Nagpur,FALSE,None
GB000952,AGT00019,Oni Prashad,CUST003186,POL000764,Valid,20-03-2022,112606,TRUE,TRUE,0,Jaipur,FALSE,None
GB000953,AGT00265,Wakeeta Bora,CUST000613,,Valid,02-11-2025,63653,TRUE,TRUE,1,Pune,FALSE,None
GB000954,AGT00022,Azad Dalal,CUST000008,POL000468,Valid,27-11-2021,142282,TRUE,TRUE,1,Hyderabad,FALSE,None
GB000955,AGT00220,Ikshita Vohra,CUST002225,POL000205,Valid,07-04-2020,60380,TRUE,TRUE,0,Chandigarh,FALSE,None
GB000956,AGT00223,Tripti Dey,CUST000652,,Valid,27-01-2025,102791,TRUE,TRUE,0,Pune,FALSE,None
GB000957,AGT00117,Balendra Lata,CUST000718,,Valid,25-06-2021,121598,TRUE,TRUE,0,Delhi,FALSE,None
GB000958,AGT00027,Tarak Patla,CUST000911,POL000244,Never Issued,06-03-2024,121996,TRUE,FALSE,1,Nagpur,FALSE,None
GB000959,AGT00365,Nilima Sama,CUST002813,POL000947,Valid,09-07-2020,120421,TRUE,TRUE,1,Ahmedabad,FALSE,None
GB000960,AGT00199,Jai Venkatesh,CUST002880,,Valid,16-02-2025,76237,TRUE,TRUE,0,Chennai,FALSE,None
GB000961,AGT00217,Isha Dewan,CUST001388,,Valid,14-09-2020,93150,TRUE,TRUE,1,Nagpur,FALSE,None
GB000962,AGT00229,Ayushman Dutt,CUST002867,,Valid,03-06-2020,81202,TRUE,TRUE,1,Lucknow,FALSE,None
GB000963,AGT00340,Pooja Mandal,CUST000307,POL000689,Suspended,19-02-2024,71775,FALSE,FALSE,1,Lucknow,TRUE,Premium Pocketing - No Remittance
GB000964,AGT00018,Vidhi Bose,CUST002121,,Valid,25-03-2026,85266,TRUE,TRUE,1,Bengaluru,FALSE,None
GB000965,AGT00340,Pooja Mandal,CUST000677,POL000322,Expired,14-03-2020,67391,FALSE,FALSE,7,Lucknow,TRUE,Premium Pocketing - No Remittance
GB000966,AGT00092,Vinaya Cheema,CUST001084,,Valid,09-08-2026,75894,TRUE,TRUE,1,Lucknow,FALSE,None
GB000967,AGT00027,Tarak Patla,CUST000547,POL000207,Fake/Cloned,24-01-2020,51817,TRUE,FALSE,2,Nagpur,FALSE,None
GB000968,AGT00249,Lakshit Bhavsar,CUST002503,,Valid,15-11-2026,70574,TRUE,TRUE,1,Coimbatore,FALSE,None
GB000969,AGT00371,Ojas Bora,CUST002931,POL000779,Expired,03-12-2026,43932,TRUE,FALSE,0,Coimbatore,TRUE,Expired License Sales
GB000970,AGT00016,Mahika Chaudhuri,CUST001318,POL000768,Valid,07-10-2024,64404,TRUE,TRUE,1,Lucknow,FALSE,None
GB000971,AGT00159,Bhavya Bhattacharyya,CUST002503,POL000751,Valid,08-08-2024,21071,TRUE,TRUE,1,Ahmedabad,FALSE,None
GB000972,AGT00197,Vedhika Iyer,CUST000348,POL000419,Suspended,22-09-2025,54694,TRUE,FALSE,8,Pune,TRUE,Expired License Sales
GB000973,AGT00099,Arunima Sampath,CUST002384,,Valid,26-11-2022,1733,TRUE,TRUE,1,Hyderabad,FALSE,None
GB000974,AGT00371,Ojas Bora,CUST002931,POL000779,Expired,06-02-2024,62127,TRUE,FALSE,5,Coimbatore,FALSE,None
GB000975,AGT00240,Raksha Mangal,CUST000668,,Valid,05-04-2021,79345,TRUE,TRUE,1,Ahmedabad,FALSE,None
GB000976,AGT00325,Fariq Malhotra,CUST001594,POL000772,Valid,07-04-2023,145758,TRUE,TRUE,0,Kochi,FALSE,None
GB000977,AGT00153,Zinal Oza,CUST003196,,Valid,18-10-2025,70034,TRUE,TRUE,1,Ahmedabad,FALSE,None
GB000978,AGT00136,Yahvi Ganesh,CUST000014,,Suspended,10-03-2026,108620,TRUE,FALSE,6,Hyderabad,TRUE,Unlicensed Selling
GB000979,AGT00205,Reva Dasgupta,CUST001226,POL000573,Valid,25-05-2024,136789,TRUE,TRUE,0,Pune,FALSE,None
GB000980,AGT00164,Aadi Bedi,CUST001213,POL000388,Valid,02-07-2022,5854,TRUE,TRUE,1,Chandigarh,FALSE,None
GB000981,AGT00268,Anika Barman,CUST001440,,Valid,08-10-2024,101162,TRUE,TRUE,1,Jaipur,FALSE,None
GB000982,AGT00105,Indira Lanka,CUST002554,POL000026,Fake/Cloned,12-03-2020,109787,TRUE,FALSE,2,Coimbatore,FALSE,None
GB000983,AGT00171,Pahal Rastogi,CUST002195,POL000370,Valid,07-04-2022,15358,TRUE,TRUE,0,Mumbai,FALSE,None
GB000984,AGT00340,Pooja Mandal,CUST001366,POL000379,Fake/Cloned,05-02-2026,5960,TRUE,TRUE,5,Lucknow,FALSE,None
GB000985,AGT00290,Thomas Sawhney,CUST001599,POL000371,Valid,05-03-2026,27576,TRUE,TRUE,1,Indore,FALSE,None
GB000986,AGT00066,Upma Chandran,CUST002336,POL000271,Valid,25-06-2020,92909,TRUE,TRUE,1,Indore,FALSE,None
GB000987,AGT00338,Warjas Jani,CUST002075,,Fake/Cloned,07-12-2021,19700,FALSE,FALSE,0,Chandigarh,TRUE,Premium Pocketing - No Remittance
GB000988,AGT00221,Yochana Bhatnagar,CUST001074,,Valid,12-04-2025,52166,TRUE,TRUE,0,Nagpur,FALSE,None
GB000989,AGT00254,Arin Kapur,CUST002235,,Suspended,02-06-2022,48417,TRUE,TRUE,5,Kolkata,FALSE,None
GB000990,AGT00112,Chaitaly Gulati,CUST001166,POL000195,Valid,23-03-2023,20412,TRUE,TRUE,0,Indore,FALSE,None
GB000991,AGT00167,Anika Dhar,CUST003129,,Valid,02-06-2020,98760,TRUE,TRUE,1,Kolkata,FALSE,None
GB000992,AGT00309,Tarak Bala,CUST000771,,Fake/Cloned,30-01-2020,60291,FALSE,TRUE,7,Jaipur,TRUE,Premium Pocketing - No Remittance
GB000993,AGT00126,William Garde,CUST002715,,Valid,16-11-2022,92255,TRUE,TRUE,1,Hyderabad,FALSE,None
GB000994,AGT00064,Balhaar Walla,CUST000150,POL000949,Valid,02-09-2022,136303,TRUE,TRUE,0,Chennai,FALSE,None
GB000995,AGT00144,Manbir Roy,CUST001179,POL000741,Expired,21-11-2021,8521,TRUE,FALSE,6,Chennai,TRUE,Unlicensed Selling
GB000996,AGT00022,Azad Dalal,CUST000990,,Valid,17-02-2025,124815,TRUE,TRUE,0,Hyderabad,FALSE,None
GB000997,AGT00269,Balendra Taneja,CUST000085,POL000993,Valid,15-11-2025,12349,TRUE,TRUE,0,Nagpur,FALSE,None
GB000998,AGT00055,Oviya Saran,CUST003106,,Valid,01-07-2026,33768,TRUE,TRUE,0,Indore,FALSE,None
GB000999,AGT00110,Kala Chaudhari,CUST001611,POL000267,Valid,24-08-2020,96168,TRUE,TRUE,1,Coimbatore,FALSE,None
GB001000,AGT00338,Warjas Jani,CUST000538,,Never Issued,25-12-2025,63985,TRUE,FALSE,1,Chandigarh,TRUE,Expired License Sales
