payment_id,policy_id,customer_id,agent_id,payment_date,payment_amount,payment_mode,payment_status,receipt_number,is_duplicate_receipt,premium_remitted_to_insurer,remittance_delay_days,fraud_flag,fraud_type
PAY000001,POL000667,CUST001213,AGT00297,22-03-2026,46751,NEFT,Success,RCPT960563,FALSE,TRUE,1,FALSE,None
PAY000002,POL000563,CUST000754,AGT00153,25-03-2023,14574,Card,Success,RCPT965747,FALSE,TRUE,1,FALSE,None
PAY000003,POL000418,CUST002513,AGT00160,23-11-2025,120295,UPI,Success,RCPT163734,FALSE,TRUE,2,FALSE,None
PAY000004,POL000284,CUST002468,AGT00100,24-03-2026,114808,Cheque,Success,RCPT636452,FALSE,TRUE,0,FALSE,None
PAY000005,POL000585,CUST000344,AGT00043,03-04-2024,17804,Card,Success,RCPT153184,FALSE,TRUE,1,FALSE,None
PAY000006,POL000328,CUST001361,AGT00288,14-10-2024,18152,Cheque,Success,RCPT560298,FALSE,TRUE,1,FALSE,None
PAY000007,POL000341,CUST001170,AGT00250,11-02-2023,19850,Cheque,Success,RCPT191964,FALSE,FALSE,145,TRUE,Premium Diversion by Agent
PAY000008,POL000622,CUST000988,AGT00377,01-05-2026,11528,UPI,Success,RCPT321996,FALSE,TRUE,2,FALSE,None
PAY000009,POL000798,CUST002946,AGT00037,11-06-2025,114648,Card,Success,RCPT201678,FALSE,TRUE,1,FALSE,None
PAY000010,POL000221,CUST002080,AGT00145,09-04-2024,19567,Cheque,Success,RCPT977473,FALSE,TRUE,0,FALSE,None
PAY000011,POL000009,CUST000406,AGT00369,09-07-2026,4387,Card,Success,RCPT178709,FALSE,TRUE,2,FALSE,None
PAY000012,POL000909,CUST001672,AGT00070,20-03-2024,64844,Card,Success,RCPT653868,FALSE,TRUE,1,FALSE,None
PAY000013,POL000082,CUST002183,AGT00364,23-07-2026,25009,NEFT,Success,RCPT587403,FALSE,TRUE,0,FALSE,None
PAY000014,POL000832,CUST000704,AGT00214,23-03-2023,14066,UPI,Success,RCPT812152,FALSE,TRUE,2,FALSE,None
PAY000015,POL000294,CUST001444,AGT00295,12-11-2024,54843,Card,Success,RCPT516534,FALSE,TRUE,2,FALSE,None
PAY000016,POL000375,CUST003084,AGT00299,25-06-2022,82393,NEFT,Success,RCPT769987,FALSE,TRUE,1,FALSE,None
PAY000017,POL000534,CUST000010,AGT00138,15-02-2024,22559,Cheque,Success,RCPT433758,FALSE,TRUE,2,FALSE,None
PAY000018,POL000415,CUST001169,AGT00036,25-04-2026,14651,UPI,Success,RCPT529307,FALSE,TRUE,1,FALSE,None
PAY000019,POL000099,CUST000079,AGT00268,28-07-2024,115529,NEFT,Success,RCPT885995,FALSE,TRUE,2,FALSE,None
PAY000020,POL000682,CUST000177,AGT00326,12-06-2022,11318,Card,Success,RCPT304974,FALSE,TRUE,0,FALSE,None
PAY000021,POL000702,CUST003036,AGT00218,03-06-2026,15193,UPI,Success,RCPT638732,FALSE,TRUE,0,FALSE,None
PAY000022,POL000618,CUST000620,AGT00302,26-09-2023,25125,Cheque,Success,RCPT379891,FALSE,TRUE,2,FALSE,None
PAY000023,POL000832,CUST000704,AGT00214,01-04-2023,12916,Cheque,Success,RCPT848367,FALSE,TRUE,1,FALSE,None
PAY000024,POL000970,CUST002085,AGT00145,13-10-2023,10236,Card,Success,RCPT764589,FALSE,TRUE,2,FALSE,None
PAY000025,POL000777,CUST002612,AGT00069,02-08-2026,6343,NEFT,Success,RCPT213332,FALSE,TRUE,1,FALSE,None
PAY000026,POL000382,CUST002220,AGT00062,10-02-2026,59619,Card,Success,RCPT837200,FALSE,TRUE,2,FALSE,None
PAY000027,POL000863,CUST000528,AGT00130,03-06-2022,34860,NEFT,Reversed,RCPT845231,FALSE,TRUE,0,TRUE,Duplicate/Unauthorized Refund Claimed
PAY000028,POL000940,CUST002559,AGT00188,22-08-2023,27022,NEFT,Success,RCPT479843,FALSE,TRUE,1,FALSE,None
PAY000029,POL000504,CUST002197,AGT00223,22-10-2024,14697,Cheque,Success,RCPT954058,FALSE,TRUE,0,FALSE,None
PAY000030,POL000447,CUST001231,AGT00181,02-06-2023,14413,Card,Success,RCPT944236,FALSE,TRUE,0,FALSE,None
PAY000031,POL000680,CUST001802,AGT00257,17-06-2024,14400,UPI,Success,RCPT541445,FALSE,TRUE,0,FALSE,None
PAY000032,POL000344,CUST001684,AGT00367,07-03-2023,8268,Card,Success,RCPT394512,FALSE,TRUE,2,FALSE,None
PAY000033,POL000425,CUST000498,AGT00357,29-01-2022,8277,Cash,Success,RCPT110944,FALSE,TRUE,1,FALSE,None
PAY000034,POL000625,CUST001764,AGT00041,17-12-2023,19854,NEFT,Success,RCPT395060,FALSE,TRUE,0,FALSE,None
PAY000035,POL000840,CUST002819,AGT00170,10-04-2023,21082,UPI,Success,RCPT382961,FALSE,TRUE,1,FALSE,None
PAY000036,POL000306,CUST001691,AGT00188,24-01-2026,6258,Card,Success,RCPT363277,FALSE,TRUE,1,FALSE,None
PAY000037,POL000148,CUST002189,AGT00139,10-10-2024,2841,UPI,Success,RCPT608257,FALSE,TRUE,0,FALSE,None
PAY000038,POL000849,CUST000317,AGT00010,27-07-2026,37237,Cash,Success,RCPT731891,FALSE,TRUE,2,FALSE,None
PAY000039,POL000732,CUST001905,AGT00195,11-12-2024,14459,Card,Bounced,RCPT487626,FALSE,TRUE,0,TRUE,Bounced Cheque Used for Coverage
PAY000040,POL000454,CUST003042,AGT00053,14-03-2025,2843,NEFT,Success,RCPT478945,FALSE,TRUE,0,FALSE,None
PAY000041,POL000938,CUST000766,AGT00125,22-01-2022,37764,UPI,Reversed,RCPT259742,FALSE,TRUE,1,TRUE,Duplicate/Unauthorized Refund Claimed
PAY000042,POL000033,CUST000483,AGT00179,08-07-2026,8537,Cheque,Success,RCPT286234,FALSE,TRUE,2,FALSE,None
PAY000043,POL000732,CUST001905,AGT00195,24-11-2024,14625,Card,Success,RCPT414981,FALSE,TRUE,1,FALSE,None
PAY000044,POL000501,CUST002448,AGT00172,16-12-2023,5787,UPI,Success,RCPT267046,FALSE,TRUE,2,FALSE,None
PAY000045,POL000319,CUST001760,AGT00378,19-01-2025,9391,Cheque,Success,RCPT232181,FALSE,TRUE,0,FALSE,None
PAY000046,POL000697,CUST001598,AGT00313,07-03-2023,13967,Cash,Success,RCPT653043,FALSE,TRUE,2,FALSE,None
PAY000047,POL000193,CUST001788,AGT00151,23-10-2024,18207,Card,Success,RCPT208473,FALSE,TRUE,1,FALSE,None
PAY000048,POL000873,CUST001333,AGT00162,16-07-2026,3206,UPI,Success,RCPT386946,FALSE,TRUE,0,FALSE,None
PAY000049,POL000180,CUST000357,AGT00340,27-07-2022,21081,Cash,Success,RCPT689059,TRUE,TRUE,2,TRUE,Fake Payment Receipt Submitted
PAY000050,POL000867,CUST001715,AGT00234,25-11-2023,45467,Cash,Success,RCPT406043,FALSE,TRUE,2,FALSE,None
PAY000051,POL000984,CUST000401,AGT00045,23-06-2026,107494,Cheque,Success,RCPT273044,FALSE,TRUE,1,FALSE,None
PAY000052,POL000518,CUST002638,AGT00102,24-08-2022,27430,Cheque,Bounced,RCPT489139,FALSE,TRUE,2,TRUE,Bounced Cheque Used for Coverage
PAY000053,POL000391,CUST002722,AGT00087,23-08-2025,7115,Card,Reversed,RCPT824002,FALSE,TRUE,0,TRUE,Duplicate/Unauthorized Refund Claimed
PAY000054,POL000521,CUST001355,AGT00068,05-12-2023,46575,Cheque,Success,RCPT267776,FALSE,TRUE,2,FALSE,None
PAY000055,POL000357,CUST001239,AGT00371,24-09-2025,14242,Cheque,Success,RCPT864658,FALSE,TRUE,1,FALSE,None
PAY000056,POL000573,CUST001226,AGT00205,18-02-2023,10745,UPI,Success,RCPT961626,FALSE,TRUE,2,FALSE,None
PAY000057,POL000464,CUST000814,AGT00243,27-07-2023,139721,Cash,Success,RCPT733772,FALSE,TRUE,0,FALSE,None
PAY000058,POL000930,CUST001810,AGT00188,16-05-2024,20545,Card,Success,RCPT305069,FALSE,TRUE,0,FALSE,None
PAY000059,POL000675,CUST001466,AGT00135,30-06-2022,18753,NEFT,Success,RCPT415102,FALSE,TRUE,2,FALSE,None
PAY000060,POL000099,CUST000079,AGT00268,16-07-2024,117489,UPI,Success,RCPT974901,FALSE,TRUE,2,FALSE,None
PAY000061,POL000148,CUST002189,AGT00139,21-09-2024,2926,UPI,Success,RCPT142491,FALSE,TRUE,0,FALSE,None
PAY000062,POL000570,CUST002732,AGT00008,31-12-2023,20232,Card,Success,RCPT632783,FALSE,TRUE,1,FALSE,None
PAY000063,POL000727,CUST002952,AGT00353,19-01-2026,16187,Cash,Success,RCPT689469,TRUE,TRUE,0,TRUE,Fake Payment Receipt Submitted
PAY000064,POL000316,CUST001508,AGT00295,22-08-2022,9379,UPI,Success,RCPT621500,FALSE,TRUE,2,FALSE,None
PAY000065,POL000182,CUST002487,AGT00358,10-04-2022,9680,UPI,Success,RCPT853187,FALSE,TRUE,2,FALSE,None
PAY000066,POL000547,CUST001196,AGT00333,10-03-2025,37933,Cash,Reversed,RCPT803472,FALSE,TRUE,1,TRUE,Duplicate/Unauthorized Refund Claimed
PAY000067,POL000303,CUST000184,AGT00209,03-12-2025,9167,Card,Success,RCPT899529,FALSE,TRUE,0,FALSE,None
PAY000068,POL000558,CUST001811,AGT00215,30-06-2022,16984,NEFT,Success,RCPT514748,FALSE,TRUE,0,FALSE,None
PAY000069,POL000599,CUST001439,AGT00113,30-11-2024,41249,Cheque,Success,RCPT262182,FALSE,TRUE,1,FALSE,None
PAY000070,POL000004,CUST003194,AGT00141,02-11-2024,19444,Card,Success,RCPT803903,FALSE,TRUE,0,FALSE,None
PAY000071,POL000778,CUST002902,AGT00250,30-01-2023,7340,Card,Success,RCPT609944,FALSE,TRUE,1,FALSE,None
PAY000072,POL000107,CUST000017,AGT00044,15-10-2023,2668,UPI,Success,RCPT664990,FALSE,TRUE,0,FALSE,None
PAY000073,POL000075,CUST001651,AGT00260,02-03-2022,19419,UPI,Success,RCPT555564,FALSE,TRUE,1,FALSE,None
PAY000074,POL000040,CUST002666,AGT00355,27-02-2023,6499,UPI,Success,RCPT780077,FALSE,TRUE,1,FALSE,None
PAY000075,POL000639,CUST000430,AGT00074,19-10-2023,16900,Card,Success,RCPT942373,FALSE,TRUE,1,FALSE,None
PAY000076,POL000695,CUST002531,AGT00336,28-10-2025,6078,Cash,Success,RCPT466223,FALSE,TRUE,2,FALSE,None
PAY000077,POL000119,CUST001535,AGT00176,31-05-2022,22229,Cheque,Success,RCPT207304,TRUE,TRUE,2,TRUE,Fake Payment Receipt Submitted
PAY000078,POL000073,CUST000864,AGT00042,11-11-2023,12131,UPI,Success,RCPT445011,FALSE,TRUE,2,FALSE,None
PAY000079,POL000552,CUST000149,AGT00008,15-03-2022,5416,UPI,Success,RCPT750580,FALSE,TRUE,0,FALSE,None
PAY000080,POL000204,CUST000660,AGT00171,08-02-2023,6986,NEFT,Success,RCPT667540,FALSE,TRUE,1,FALSE,None
PAY000081,POL000977,CUST003028,AGT00240,13-08-2025,61323,Card,Success,RCPT936349,FALSE,TRUE,0,FALSE,None
PAY000082,POL000096,CUST003185,AGT00266,12-10-2022,29798,UPI,Success,RCPT209419,FALSE,TRUE,0,FALSE,None
PAY000083,POL000279,CUST002897,AGT00250,04-02-2022,17318,Card,Success,RCPT336548,FALSE,FALSE,138,TRUE,Premium Diversion by Agent
PAY000084,POL000143,CUST000531,AGT00073,07-08-2024,11961,Cheque,Success,RCPT907831,FALSE,TRUE,2,FALSE,None
PAY000085,POL000115,CUST001330,AGT00130,19-07-2023,20704,Card,Success,RCPT453194,FALSE,TRUE,0,FALSE,None
PAY000086,POL000476,CUST003103,AGT00250,23-02-2026,15747,Card,Success,RCPT102496,FALSE,TRUE,0,FALSE,None
PAY000087,POL000884,CUST000456,AGT00251,05-05-2024,19170,NEFT,Success,RCPT130985,FALSE,TRUE,0,FALSE,None
PAY000088,POL000998,CUST001922,AGT00251,18-01-2026,3749,Card,Success,RCPT215950,FALSE,TRUE,2,FALSE,None
PAY000089,POL000133,CUST000493,AGT00187,08-04-2026,11347,NEFT,Success,RCPT728985,FALSE,TRUE,1,FALSE,None
PAY000090,POL000168,CUST003031,AGT00183,29-12-2022,23802,Card,Success,RCPT662466,FALSE,TRUE,1,FALSE,None
PAY000091,POL000914,CUST002346,AGT00077,07-08-2022,37324,Cheque,Success,RCPT919742,FALSE,FALSE,111,TRUE,Premium Diversion by Agent
PAY000092,POL000245,CUST001355,AGT00008,28-05-2023,55844,Cheque,Bounced,RCPT176407,FALSE,TRUE,1,TRUE,Bounced Cheque Used for Coverage
PAY000093,POL000277,CUST000330,AGT00373,08-01-2023,10590,Cash,Success,RCPT176682,FALSE,TRUE,2,FALSE,None
PAY000094,POL000975,CUST002377,AGT00202,20-02-2023,3540,Card,Reversed,RCPT221352,FALSE,TRUE,1,TRUE,Duplicate/Unauthorized Refund Claimed
PAY000095,POL000259,CUST002978,AGT00109,02-10-2023,88714,Cash,Success,RCPT148577,FALSE,TRUE,0,FALSE,None
PAY000096,POL000046,CUST002697,AGT00317,17-01-2022,15128,Card,Success,RCPT189643,FALSE,TRUE,0,FALSE,None
PAY000097,POL000346,CUST001878,AGT00305,14-02-2024,59742,NEFT,Success,RCPT676221,FALSE,TRUE,1,FALSE,None
PAY000098,POL000847,CUST002160,AGT00320,09-11-2022,25666,UPI,Success,RCPT603951,FALSE,TRUE,0,FALSE,None
PAY000099,POL000895,CUST002692,AGT00340,18-04-2026,37944,UPI,Success,RCPT901911,FALSE,TRUE,2,FALSE,None
PAY000100,POL000237,CUST000689,AGT00340,03-06-2026,15305,Cash,Reversed,RCPT438863,FALSE,TRUE,2,TRUE,Duplicate/Unauthorized Refund Claimed
PAY000101,POL000053,CUST001574,AGT00300,14-09-2022,48965,Card,Success,RCPT446676,FALSE,TRUE,2,FALSE,None
PAY000102,POL000148,CUST002189,AGT00139,21-09-2024,2801,Cheque,Success,RCPT521440,FALSE,TRUE,2,FALSE,None
PAY000103,POL000699,CUST001673,AGT00128,15-05-2024,10129,UPI,Success,RCPT281423,FALSE,TRUE,0,FALSE,None
PAY000104,POL000533,CUST000824,AGT00264,08-01-2023,3747,Cheque,Success,RCPT247245,FALSE,TRUE,0,FALSE,None
PAY000105,POL000090,CUST000389,AGT00068,07-06-2025,5789,Card,Success,RCPT962840,FALSE,TRUE,1,FALSE,None
PAY000106,POL000233,CUST002414,AGT00174,08-12-2023,1922,Card,Success,RCPT139800,FALSE,TRUE,0,FALSE,None
PAY000107,POL000727,CUST002952,AGT00353,16-01-2026,16043,Card,Success,RCPT782784,FALSE,TRUE,1,FALSE,None
PAY000108,POL000881,CUST000591,AGT00339,30-03-2024,4347,UPI,Success,RCPT778067,FALSE,TRUE,0,FALSE,None
PAY000109,POL000051,CUST002349,AGT00152,17-03-2022,20043,Cheque,Success,RCPT563440,FALSE,TRUE,1,FALSE,None
PAY000110,POL000665,CUST000382,AGT00284,03-03-2024,19314,Card,Success,RCPT112854,FALSE,TRUE,1,FALSE,None
PAY000111,POL000836,CUST001058,AGT00237,20-11-2025,54506,UPI,Success,RCPT989522,FALSE,TRUE,2,FALSE,None
PAY000112,POL000628,CUST001285,AGT00342,29-10-2022,14541,Card,Success,RCPT234753,FALSE,TRUE,1,FALSE,None
PAY000113,POL000394,CUST000889,AGT00213,28-11-2025,6949,Card,Success,RCPT906311,FALSE,TRUE,1,FALSE,None
PAY000114,POL000214,CUST001124,AGT00319,27-04-2026,46753,Cash,Success,RCPT892510,FALSE,TRUE,1,FALSE,None
PAY000115,POL000451,CUST003108,AGT00059,25-07-2023,19578,UPI,Success,RCPT214166,FALSE,TRUE,1,FALSE,None
PAY000116,POL000339,CUST000062,AGT00241,09-06-2025,16181,NEFT,Success,RCPT931893,FALSE,TRUE,1,FALSE,None
PAY000117,POL000351,CUST002548,AGT00077,21-03-2022,5308,UPI,Success,RCPT604793,FALSE,TRUE,2,FALSE,None
PAY000118,POL000649,CUST000310,AGT00182,17-05-2026,10546,UPI,Success,RCPT983324,FALSE,TRUE,1,FALSE,None
PAY000119,POL000285,CUST003194,AGT00077,24-02-2022,6907,Card,Success,RCPT676602,TRUE,TRUE,1,TRUE,Fake Payment Receipt Submitted
PAY000120,POL000933,CUST002106,AGT00302,18-04-2022,37036,Cheque,Success,RCPT127941,FALSE,TRUE,1,FALSE,None
PAY000121,POL000878,CUST001841,AGT00111,21-08-2025,5448,Cash,Success,RCPT316100,FALSE,TRUE,0,FALSE,None
PAY000122,POL000583,CUST000271,AGT00197,22-04-2024,18068,UPI,Success,RCPT354468,FALSE,TRUE,0,FALSE,None
PAY000123,POL000245,CUST001355,AGT00008,25-05-2023,51074,Card,Success,RCPT256497,FALSE,TRUE,2,FALSE,None
PAY000124,POL000550,CUST002439,AGT00162,16-01-2024,50035,UPI,Bounced,RCPT877877,FALSE,TRUE,1,TRUE,Bounced Cheque Used for Coverage
PAY000125,POL000728,CUST002629,AGT00026,28-07-2022,27676,UPI,Success,RCPT749069,FALSE,TRUE,1,FALSE,None
PAY000126,POL000639,CUST000430,AGT00074,17-10-2023,17375,NEFT,Success,RCPT592427,FALSE,TRUE,0,FALSE,None
PAY000127,POL000584,CUST001601,AGT00302,18-08-2023,23033,Card,Success,RCPT763867,FALSE,TRUE,1,FALSE,None
PAY000128,POL000226,CUST001926,AGT00144,23-10-2022,3111,Card,Success,RCPT815947,FALSE,TRUE,2,FALSE,None
PAY000129,POL000827,CUST001640,AGT00083,22-10-2024,20815,Cheque,Success,RCPT484405,FALSE,TRUE,1,FALSE,None
PAY000130,POL000441,CUST002825,AGT00227,21-03-2022,8266,Card,Success,RCPT900005,FALSE,FALSE,294,TRUE,Premium Diversion by Agent
PAY000131,POL000474,CUST000518,AGT00311,26-03-2022,9193,UPI,Success,RCPT289923,FALSE,TRUE,0,FALSE,None
PAY000132,POL000444,CUST001869,AGT00263,24-10-2024,37402,Cash,Success,RCPT259770,FALSE,TRUE,2,FALSE,None
PAY000133,POL000796,CUST000032,AGT00066,27-09-2025,48722,NEFT,Success,RCPT423638,FALSE,TRUE,2,FALSE,None
PAY000134,POL000412,CUST001960,AGT00238,30-05-2026,42075,NEFT,Success,RCPT118318,FALSE,TRUE,2,FALSE,None
PAY000135,POL000814,CUST002064,AGT00292,28-04-2026,12487,Card,Success,RCPT794079,FALSE,TRUE,2,FALSE,None
PAY000136,POL000246,CUST001567,AGT00338,09-10-2022,47146,Cheque,Reversed,RCPT458672,FALSE,TRUE,2,TRUE,Duplicate/Unauthorized Refund Claimed
PAY000137,POL000583,CUST000271,AGT00197,25-04-2024,16843,Cheque,Success,RCPT861090,FALSE,TRUE,2,FALSE,None
PAY000138,POL000707,CUST003115,AGT00122,15-09-2023,50903,Cheque,Success,RCPT175529,FALSE,TRUE,2,FALSE,None
PAY000139,POL000500,CUST001888,AGT00280,01-08-2024,8231,Cash,Success,RCPT139102,FALSE,TRUE,2,FALSE,None
PAY000140,POL000982,CUST002126,AGT00216,06-10-2022,9233,Card,Success,RCPT119006,FALSE,TRUE,2,FALSE,None
PAY000141,POL000951,CUST002804,AGT00331,05-04-2023,36222,Cash,Success,RCPT895480,TRUE,TRUE,0,TRUE,Fake Payment Receipt Submitted
PAY000142,POL000550,CUST002439,AGT00162,03-01-2024,52217,UPI,Success,RCPT515165,FALSE,TRUE,2,FALSE,None
PAY000143,POL000117,CUST001554,AGT00038,10-12-2025,35923,Card,Success,RCPT306676,FALSE,TRUE,2,FALSE,None
PAY000144,POL000750,CUST002732,AGT00072,12-01-2025,28890,Cheque,Success,RCPT117909,FALSE,TRUE,1,FALSE,None
PAY000145,POL000364,CUST001154,AGT00088,24-03-2025,20466,Card,Success,RCPT134184,FALSE,TRUE,1,FALSE,None
PAY000146,POL000914,CUST002346,AGT00077,16-08-2022,34564,NEFT,Success,RCPT554039,FALSE,TRUE,1,FALSE,None
PAY000147,POL000204,CUST000660,AGT00171,28-02-2023,7362,UPI,Success,RCPT423359,FALSE,TRUE,2,FALSE,None
PAY000148,POL000351,CUST002548,AGT00077,06-04-2022,5138,Card,Success,RCPT298402,FALSE,FALSE,186,TRUE,Premium Diversion by Agent
PAY000149,POL000319,CUST001760,AGT00378,11-01-2025,9171,UPI,Success,RCPT258713,FALSE,TRUE,0,FALSE,None
PAY000150,POL000359,CUST002692,AGT00268,12-05-2023,81436,UPI,Success,RCPT430400,FALSE,TRUE,1,FALSE,None
PAY000151,POL000517,CUST002746,AGT00073,28-06-2026,36343,UPI,Success,RCPT106826,FALSE,TRUE,1,FALSE,None
PAY000152,POL000940,CUST002559,AGT00188,12-08-2023,24947,Cheque,Success,RCPT456460,FALSE,TRUE,2,FALSE,None
PAY000153,POL000489,CUST002939,AGT00231,29-12-2022,96805,UPI,Success,RCPT925995,FALSE,TRUE,0,FALSE,None
PAY000154,POL000669,CUST001402,AGT00281,02-01-2025,32076,Cheque,Success,RCPT152828,FALSE,FALSE,311,TRUE,Premium Diversion by Agent
PAY000155,POL000107,CUST000017,AGT00044,17-10-2023,2788,NEFT,Success,RCPT727668,FALSE,TRUE,1,FALSE,None
PAY000156,POL000740,CUST003116,AGT00230,27-01-2022,11049,Cheque,Success,RCPT213766,FALSE,TRUE,0,FALSE,None
PAY000157,POL000654,CUST002039,AGT00252,27-12-2025,31651,NEFT,Success,RCPT630657,FALSE,TRUE,1,FALSE,None
PAY000158,POL000826,CUST001105,AGT00246,25-06-2022,10963,NEFT,Success,RCPT665600,FALSE,TRUE,1,FALSE,None
PAY000159,POL000172,CUST001510,AGT00057,17-12-2024,117244,Cash,Success,RCPT471871,FALSE,TRUE,2,FALSE,None
PAY000160,POL000658,CUST000365,AGT00134,29-05-2024,42421,NEFT,Success,RCPT338995,FALSE,TRUE,1,FALSE,None
PAY000161,POL000519,CUST000390,AGT00287,26-09-2023,11873,Cash,Success,RCPT236898,FALSE,TRUE,2,FALSE,None
PAY000162,POL000855,CUST001954,AGT00244,31-12-2024,7681,Cheque,Success,RCPT754659,FALSE,TRUE,0,FALSE,None
PAY000163,POL000865,CUST001099,AGT00338,12-06-2026,3258,Card,Success,RCPT513136,FALSE,TRUE,0,FALSE,None
PAY000164,POL000958,CUST000381,AGT00102,30-01-2023,11672,NEFT,Success,RCPT213554,FALSE,TRUE,1,FALSE,None
PAY000165,POL000813,CUST000869,AGT00198,29-03-2024,6607,Card,Success,RCPT125692,FALSE,TRUE,1,FALSE,None
PAY000166,POL000528,CUST000148,AGT00043,02-11-2022,31709,Card,Success,RCPT855984,FALSE,FALSE,84,TRUE,Premium Diversion by Agent
PAY000167,POL000320,CUST001864,AGT00010,02-04-2025,14879,UPI,Success,RCPT583007,FALSE,TRUE,2,FALSE,None
PAY000168,POL000037,CUST003016,AGT00122,25-01-2026,4139,NEFT,Success,RCPT706741,FALSE,TRUE,0,FALSE,None
PAY000169,POL000499,CUST000825,AGT00038,16-01-2025,4841,UPI,Success,RCPT633697,FALSE,TRUE,0,FALSE,None
PAY000170,POL000665,CUST000382,AGT00284,11-03-2024,20107,Cheque,Success,RCPT836425,FALSE,TRUE,1,FALSE,None
PAY000171,POL000265,CUST001474,AGT00278,19-11-2023,18437,Cheque,Success,RCPT639083,FALSE,TRUE,1,FALSE,None
PAY000172,POL000695,CUST002531,AGT00336,29-10-2025,5524,Cash,Success,RCPT438860,FALSE,TRUE,2,FALSE,None
PAY000173,POL000668,CUST000306,AGT00125,18-05-2026,29780,UPI,Success,RCPT290644,TRUE,TRUE,1,TRUE,Fake Payment Receipt Submitted
PAY000174,POL000649,CUST000310,AGT00182,10-05-2026,10385,Cheque,Success,RCPT777095,FALSE,TRUE,2,FALSE,None
PAY000175,POL000908,CUST001050,AGT00033,25-02-2025,31877,Cheque,Success,RCPT577115,FALSE,TRUE,0,FALSE,None
PAY000176,POL000402,CUST002400,AGT00093,10-07-2025,17420,UPI,Success,RCPT485555,FALSE,TRUE,0,FALSE,None
PAY000177,POL000987,CUST001947,AGT00105,21-12-2024,47600,Cheque,Success,RCPT668324,FALSE,TRUE,1,FALSE,None
PAY000178,POL000602,CUST001461,AGT00007,09-02-2025,9339,Card,Success,RCPT623809,TRUE,TRUE,2,TRUE,Fake Payment Receipt Submitted
PAY000179,POL000952,CUST001239,AGT00331,12-08-2024,19131,Card,Success,RCPT153387,FALSE,FALSE,259,TRUE,Premium Diversion by Agent
PAY000180,POL000218,CUST002472,AGT00338,05-07-2023,20655,Cash,Success,RCPT570043,TRUE,TRUE,1,TRUE,Fake Payment Receipt Submitted
PAY000181,POL000330,CUST001427,AGT00358,07-07-2026,66660,Card,Success,RCPT990977,FALSE,TRUE,2,FALSE,None
PAY000182,POL000186,CUST001535,AGT00328,21-10-2024,18768,Card,Success,RCPT571301,FALSE,TRUE,1,FALSE,None
PAY000183,POL000381,CUST002560,AGT00197,03-04-2025,43684,UPI,Success,RCPT636309,FALSE,TRUE,2,FALSE,None
PAY000184,POL000209,CUST001130,AGT00262,15-07-2023,5869,Cheque,Success,RCPT693938,FALSE,TRUE,2,FALSE,None
PAY000185,POL000563,CUST000754,AGT00153,13-03-2023,15347,Card,Success,RCPT692408,FALSE,TRUE,1,FALSE,None
PAY000186,POL000288,CUST000891,AGT00209,17-04-2024,22543,UPI,Success,RCPT634028,FALSE,TRUE,2,FALSE,None
PAY000187,POL000088,CUST001213,AGT00138,20-02-2023,27922,UPI,Success,RCPT855152,FALSE,FALSE,175,TRUE,Premium Diversion by Agent
PAY000188,POL000944,CUST001996,AGT00293,30-01-2024,5554,UPI,Success,RCPT810914,FALSE,TRUE,0,FALSE,None
PAY000189,POL000136,CUST000605,AGT00129,27-07-2024,27766,NEFT,Success,RCPT851639,FALSE,TRUE,0,FALSE,None
PAY000190,POL000158,CUST003105,AGT00136,20-11-2022,17873,UPI,Success,RCPT244391,FALSE,FALSE,45,TRUE,Premium Diversion by Agent
PAY000191,POL000794,CUST001156,AGT00206,08-05-2025,18614,Card,Success,RCPT615951,FALSE,TRUE,1,FALSE,None
PAY000192,POL000920,CUST002097,AGT00023,02-08-2025,5729,UPI,Success,RCPT329603,FALSE,TRUE,0,FALSE,None
PAY000193,POL000155,CUST002904,AGT00187,09-12-2023,18443,Card,Success,RCPT448535,FALSE,FALSE,53,TRUE,Premium Diversion by Agent
PAY000194,POL000463,CUST001166,AGT00168,28-01-2024,12474,Cheque,Success,RCPT498458,FALSE,TRUE,0,FALSE,None
PAY000195,POL000220,CUST001152,AGT00007,13-04-2022,31962,Cheque,Success,RCPT670457,TRUE,TRUE,0,TRUE,Fake Payment Receipt Submitted
PAY000196,POL000459,CUST000241,AGT00044,27-08-2022,19846,Cheque,Success,RCPT886220,FALSE,TRUE,1,FALSE,None
PAY000197,POL000167,CUST002858,AGT00123,11-05-2022,4828,Cash,Success,RCPT844903,FALSE,TRUE,0,FALSE,None
PAY000198,POL000322,CUST000677,AGT00340,30-12-2024,25918,Cheque,Success,RCPT687999,FALSE,TRUE,2,FALSE,None
PAY000199,POL000691,CUST000869,AGT00133,05-05-2022,3679,Cash,Success,RCPT677792,FALSE,TRUE,2,FALSE,None
PAY000200,POL000841,CUST003150,AGT00024,11-07-2024,6985,UPI,Success,RCPT514528,FALSE,TRUE,1,FALSE,None
PAY000201,POL000562,CUST002973,AGT00273,22-05-2023,52404,NEFT,Success,RCPT441774,FALSE,TRUE,1,FALSE,None
PAY000202,POL000813,CUST000869,AGT00198,12-04-2024,6887,Card,Success,RCPT214481,FALSE,TRUE,1,FALSE,None
PAY000203,POL000512,CUST002293,AGT00195,28-08-2024,9851,UPI,Success,RCPT467763,FALSE,TRUE,0,FALSE,None
PAY000204,POL000087,CUST001586,AGT00355,06-02-2026,13725,Cheque,Success,RCPT214050,FALSE,TRUE,1,FALSE,None
PAY000205,POL000545,CUST000546,AGT00095,21-12-2024,22041,NEFT,Success,RCPT637276,FALSE,TRUE,0,FALSE,None
PAY000206,POL000275,CUST002743,AGT00206,22-02-2022,117012,Card,Success,RCPT440878,FALSE,TRUE,1,FALSE,None
PAY000207,POL000141,CUST000172,AGT00132,02-08-2025,101003,Cash,Success,RCPT821594,FALSE,TRUE,2,FALSE,None
PAY000208,POL000718,CUST001745,AGT00298,06-02-2022,13163,Cash,Bounced,RCPT821333,FALSE,TRUE,2,TRUE,Bounced Cheque Used for Coverage
PAY000209,POL000736,CUST000951,AGT00151,23-09-2025,33271,Cheque,Success,RCPT318811,FALSE,TRUE,0,FALSE,None
PAY000210,POL000625,CUST001764,AGT00041,16-12-2023,20071,Cash,Success,RCPT902427,FALSE,TRUE,1,FALSE,None
PAY000211,POL000790,CUST001791,AGT00187,08-10-2023,20914,Cheque,Success,RCPT990916,FALSE,TRUE,2,FALSE,None
PAY000212,POL000916,CUST002202,AGT00135,01-07-2025,7224,Cash,Success,RCPT240948,FALSE,TRUE,0,FALSE,None
PAY000213,POL000353,CUST001536,AGT00062,10-07-2024,90330,Cheque,Success,RCPT380681,FALSE,TRUE,2,FALSE,None
PAY000214,POL000005,CUST000318,AGT00171,04-10-2023,30340,Cheque,Success,RCPT876086,FALSE,TRUE,1,FALSE,None
PAY000215,POL000382,CUST002220,AGT00062,07-02-2026,58605,NEFT,Success,RCPT941592,FALSE,TRUE,0,FALSE,None
PAY000216,POL000724,CUST002976,AGT00280,28-08-2025,26790,Cheque,Success,RCPT712583,FALSE,TRUE,2,FALSE,None
PAY000217,POL000768,CUST001318,AGT00016,02-08-2022,43161,Cheque,Success,RCPT586242,FALSE,TRUE,1,FALSE,None
PAY000218,POL000334,CUST000843,AGT00362,22-08-2025,58266,UPI,Success,RCPT226097,FALSE,TRUE,0,FALSE,None
PAY000219,POL000475,CUST003191,AGT00258,09-06-2023,4713,UPI,Success,RCPT842416,FALSE,TRUE,2,FALSE,None
PAY000220,POL000986,CUST002840,AGT00211,17-01-2025,8747,Card,Success,RCPT498494,FALSE,TRUE,2,FALSE,None
PAY000221,POL000928,CUST002321,AGT00204,16-11-2023,47633,UPI,Success,RCPT789087,FALSE,TRUE,0,FALSE,None
PAY000222,POL000030,CUST000933,AGT00245,04-01-2023,23733,Cheque,Success,RCPT110031,FALSE,TRUE,1,FALSE,None
PAY000223,POL000347,CUST002226,AGT00369,17-05-2025,21439,Cheque,Bounced,RCPT162745,FALSE,TRUE,0,TRUE,Bounced Cheque Used for Coverage
PAY000224,POL000922,CUST000046,AGT00044,06-05-2025,10637,Cheque,Success,RCPT976821,FALSE,TRUE,2,FALSE,None
PAY000225,POL000594,CUST001654,AGT00350,20-02-2024,50502,UPI,Success,RCPT972572,FALSE,TRUE,2,FALSE,None
PAY000226,POL000493,CUST000965,AGT00212,23-04-2022,6105,Card,Success,RCPT873804,FALSE,TRUE,2,FALSE,None
PAY000227,POL000983,CUST002241,AGT00257,13-10-2023,39232,UPI,Success,RCPT992323,FALSE,TRUE,1,FALSE,None
PAY000228,POL000748,CUST002170,AGT00231,18-08-2025,21680,Cheque,Success,RCPT453599,TRUE,TRUE,2,TRUE,Fake Payment Receipt Submitted
PAY000229,POL000495,CUST001977,AGT00278,02-06-2026,53580,UPI,Success,RCPT579906,FALSE,TRUE,2,FALSE,None
PAY000230,POL000856,CUST000018,AGT00085,10-06-2025,32312,Cheque,Success,RCPT698730,FALSE,TRUE,0,FALSE,None
PAY000231,POL000388,CUST001213,AGT00164,25-11-2023,130695,Card,Success,RCPT310906,FALSE,TRUE,2,FALSE,None
PAY000232,POL000873,CUST001333,AGT00162,06-07-2026,3142,Card,Success,RCPT994433,FALSE,TRUE,0,FALSE,None
PAY000233,POL000835,CUST000233,AGT00376,10-09-2024,13277,UPI,Success,RCPT873969,FALSE,TRUE,2,FALSE,None
PAY000234,POL000253,CUST000092,AGT00217,15-04-2025,57257,Cheque,Success,RCPT151866,FALSE,TRUE,0,FALSE,None
PAY000235,POL000630,CUST001048,AGT00192,30-05-2025,52693,UPI,Reversed,RCPT953315,FALSE,TRUE,0,TRUE,Duplicate/Unauthorized Refund Claimed
PAY000236,POL000939,CUST000671,AGT00027,15-07-2025,49621,UPI,Success,RCPT563760,FALSE,TRUE,0,FALSE,None
PAY000237,POL000030,CUST000933,AGT00245,20-01-2023,22040,Cheque,Success,RCPT155237,TRUE,TRUE,0,TRUE,Fake Payment Receipt Submitted
PAY000238,POL000623,CUST001222,AGT00254,07-11-2023,5694,NEFT,Success,RCPT910985,FALSE,TRUE,1,FALSE,None
PAY000239,POL000912,CUST000806,AGT00152,30-12-2023,22275,UPI,Reversed,RCPT323626,FALSE,TRUE,2,TRUE,Duplicate/Unauthorized Refund Claimed
PAY000240,POL000766,CUST002350,AGT00074,15-11-2025,16342,Card,Success,RCPT196441,FALSE,TRUE,1,FALSE,None
PAY000241,POL000711,CUST002094,AGT00088,19-09-2023,24443,Cheque,Success,RCPT235032,FALSE,TRUE,2,FALSE,None
PAY000242,POL000807,CUST001215,AGT00069,30-04-2024,7853,Card,Success,RCPT621272,FALSE,TRUE,0,FALSE,None
PAY000243,POL000342,CUST002201,AGT00265,06-04-2025,27218,Cheque,Success,RCPT809608,FALSE,TRUE,2,FALSE,None
PAY000244,POL000809,CUST002647,AGT00023,01-04-2023,16079,Card,Success,RCPT516975,FALSE,TRUE,0,FALSE,None
PAY000245,POL000287,CUST001006,AGT00201,23-09-2024,8202,Card,Success,RCPT511337,FALSE,TRUE,2,FALSE,None
PAY000246,POL000945,CUST000095,AGT00367,09-06-2026,53959,UPI,Success,RCPT276201,FALSE,TRUE,0,FALSE,None
PAY000247,POL000397,CUST000321,AGT00221,23-04-2026,6513,Cheque,Success,RCPT476291,FALSE,TRUE,2,FALSE,None
PAY000248,POL000509,CUST000021,AGT00167,27-04-2026,27346,UPI,Success,RCPT477940,FALSE,TRUE,2,FALSE,None
PAY000249,POL000937,CUST001497,AGT00098,19-02-2022,12873,Cheque,Success,RCPT446743,FALSE,TRUE,2,FALSE,None
PAY000250,POL000244,CUST000911,AGT00027,20-03-2025,16083,Card,Success,RCPT236832,FALSE,TRUE,0,FALSE,None
PAY000251,POL000221,CUST002080,AGT00145,08-04-2024,20077,UPI,Success,RCPT731695,FALSE,TRUE,2,FALSE,None
PAY000252,POL000156,CUST002992,AGT00190,20-01-2022,11518,UPI,Success,RCPT309689,FALSE,TRUE,0,FALSE,None
PAY000253,POL000383,CUST001492,AGT00269,08-12-2024,53776,Cheque,Success,RCPT478928,FALSE,TRUE,1,FALSE,None
PAY000254,POL000748,CUST002170,AGT00231,05-08-2025,22208,Card,Success,RCPT869449,FALSE,TRUE,2,FALSE,None
PAY000255,POL000320,CUST001864,AGT00010,15-03-2025,15588,Cheque,Success,RCPT395270,FALSE,TRUE,0,FALSE,None
PAY000256,POL000373,CUST002771,AGT00253,09-01-2023,54435,Card,Success,RCPT130961,FALSE,TRUE,0,FALSE,None
PAY000257,POL000531,CUST002778,AGT00125,22-10-2022,4915,Cheque,Success,RCPT335329,FALSE,TRUE,0,FALSE,None
PAY000258,POL000215,CUST001469,AGT00046,30-05-2024,17040,UPI,Success,RCPT527060,FALSE,TRUE,1,FALSE,None
PAY000259,POL000367,CUST001081,AGT00252,08-04-2022,48052,Card,Success,RCPT900520,FALSE,TRUE,0,FALSE,None
PAY000260,POL000114,CUST003152,AGT00283,19-05-2026,9141,Cash,Success,RCPT238308,FALSE,TRUE,1,FALSE,None
PAY000261,POL000200,CUST003154,AGT00215,24-04-2026,46319,Cheque,Success,RCPT990407,FALSE,TRUE,1,FALSE,None
PAY000262,POL000025,CUST001931,AGT00315,07-12-2025,16436,Cheque,Success,RCPT679255,FALSE,TRUE,0,FALSE,None
PAY000263,POL000934,CUST002613,AGT00183,31-01-2022,8244,Card,Success,RCPT711972,FALSE,TRUE,2,FALSE,None
PAY000264,POL000121,CUST003042,AGT00230,27-11-2025,14913,Card,Success,RCPT880343,FALSE,TRUE,1,FALSE,None
PAY000265,POL000742,CUST001101,AGT00001,25-11-2025,122460,Card,Success,RCPT727566,FALSE,TRUE,0,FALSE,None
PAY000266,POL000611,CUST001594,AGT00111,16-02-2022,10046,UPI,Success,RCPT857191,FALSE,FALSE,373,TRUE,Premium Diversion by Agent
PAY000267,POL000858,CUST001530,AGT00244,29-06-2023,6198,Cheque,Success,RCPT937886,FALSE,TRUE,0,FALSE,None
PAY000268,POL000003,CUST001130,AGT00256,12-02-2026,35168,NEFT,Success,RCPT797924,FALSE,TRUE,0,FALSE,None
PAY000269,POL000898,CUST000387,AGT00002,24-02-2026,11586,Cheque,Success,RCPT133843,FALSE,TRUE,1,FALSE,None
PAY000270,POL000773,CUST002471,AGT00183,07-10-2025,41961,Cheque,Reversed,RCPT251504,FALSE,TRUE,0,TRUE,Duplicate/Unauthorized Refund Claimed
PAY000271,POL000445,CUST000987,AGT00270,07-12-2024,9087,UPI,Success,RCPT575464,FALSE,TRUE,1,FALSE,None
PAY000272,POL000254,CUST000331,AGT00138,24-07-2025,51238,UPI,Success,RCPT114433,FALSE,TRUE,0,FALSE,None
PAY000273,POL000020,CUST001446,AGT00208,09-09-2024,78034,Card,Success,RCPT783168,FALSE,FALSE,376,TRUE,Premium Diversion by Agent
PAY000274,POL000204,CUST000660,AGT00171,19-02-2023,6920,UPI,Success,RCPT398389,FALSE,TRUE,2,FALSE,None
PAY000275,POL000806,CUST000988,AGT00088,11-03-2025,3804,UPI,Success,RCPT182922,FALSE,TRUE,1,FALSE,None
PAY000276,POL000976,CUST001321,AGT00199,28-07-2022,123998,UPI,Bounced,RCPT555438,FALSE,TRUE,1,TRUE,Bounced Cheque Used for Coverage
PAY000277,POL000357,CUST001239,AGT00371,02-09-2025,14455,Cash,Success,RCPT321760,FALSE,TRUE,1,FALSE,None
PAY000278,POL000128,CUST001068,AGT00176,06-08-2022,10830,UPI,Success,RCPT591414,FALSE,TRUE,1,FALSE,None
PAY000279,POL000358,CUST000991,AGT00264,07-04-2025,8036,UPI,Success,RCPT745362,FALSE,TRUE,2,FALSE,None
PAY000280,POL000292,CUST002382,AGT00051,18-03-2024,33057,UPI,Success,RCPT114702,FALSE,TRUE,1,FALSE,None
PAY000281,POL000174,CUST003077,AGT00101,22-12-2023,18364,UPI,Success,RCPT725413,FALSE,TRUE,0,FALSE,None
PAY000282,POL000733,CUST000275,AGT00300,20-05-2023,40949,NEFT,Success,RCPT295283,FALSE,TRUE,0,FALSE,None
PAY000283,POL000355,CUST000151,AGT00086,21-04-2023,40978,Card,Success,RCPT668473,FALSE,TRUE,1,FALSE,None
PAY000284,POL000881,CUST000591,AGT00339,10-04-2024,4520,Cash,Success,RCPT192393,FALSE,TRUE,0,FALSE,None
PAY000285,POL000037,CUST003016,AGT00122,19-01-2026,4530,Card,Success,RCPT276779,FALSE,TRUE,1,FALSE,None
PAY000286,POL000310,CUST002886,AGT00309,13-12-2025,55294,Cash,Success,RCPT577516,FALSE,FALSE,188,TRUE,Premium Diversion by Agent
PAY000287,POL000661,CUST000176,AGT00016,18-03-2022,26933,Cheque,Success,RCPT698510,FALSE,TRUE,0,FALSE,None
PAY000288,POL000917,CUST002780,AGT00324,06-05-2023,3733,Card,Success,RCPT224018,FALSE,TRUE,1,FALSE,None
PAY000289,POL000604,CUST001882,AGT00260,16-11-2023,31133,Cheque,Success,RCPT888848,FALSE,TRUE,1,FALSE,None
PAY000290,POL000582,CUST000442,AGT00344,30-07-2025,28296,UPI,Success,RCPT453409,FALSE,TRUE,2,FALSE,None
PAY000291,POL000084,CUST000386,AGT00191,10-11-2022,11093,UPI,Success,RCPT560894,FALSE,TRUE,1,FALSE,None
PAY000292,POL000510,CUST002923,AGT00144,12-10-2025,133087,Card,Success,RCPT578524,FALSE,TRUE,2,FALSE,None
PAY000293,POL000444,CUST001869,AGT00263,02-11-2024,35632,NEFT,Success,RCPT885290,FALSE,TRUE,1,FALSE,None
PAY000294,POL000420,CUST001766,AGT00138,27-07-2026,26856,Cash,Success,RCPT617220,FALSE,TRUE,0,FALSE,None
PAY000295,POL000205,CUST002225,AGT00220,14-02-2025,56294,UPI,Success,RCPT220003,FALSE,TRUE,2,FALSE,None
PAY000296,POL000488,CUST001360,AGT00338,26-06-2023,62972,UPI,Reversed,RCPT863898,FALSE,TRUE,0,TRUE,Duplicate/Unauthorized Refund Claimed
PAY000297,POL000779,CUST002931,AGT00371,13-04-2026,14452,Cheque,Success,RCPT624495,FALSE,TRUE,1,FALSE,None
PAY000298,POL000088,CUST001213,AGT00138,19-02-2023,26546,Cheque,Success,RCPT438526,FALSE,TRUE,1,FALSE,None
PAY000299,POL000252,CUST001236,AGT00043,16-04-2025,36362,Cheque,Success,RCPT731256,FALSE,TRUE,1,FALSE,None
PAY000300,POL000723,CUST000217,AGT00299,28-04-2023,41376,UPI,Bounced,RCPT806150,FALSE,TRUE,1,TRUE,Bounced Cheque Used for Coverage
PAY000301,POL000855,CUST001954,AGT00244,25-12-2024,7059,UPI,Success,RCPT383655,FALSE,TRUE,2,FALSE,None
PAY000302,POL000031,CUST002763,AGT00138,16-02-2024,16213,Cheque,Bounced,RCPT803374,FALSE,TRUE,2,TRUE,Bounced Cheque Used for Coverage
PAY000303,POL000869,CUST002331,AGT00082,10-02-2023,56837,Card,Success,RCPT989092,FALSE,TRUE,1,FALSE,None
PAY000304,POL000421,CUST000125,AGT00234,16-10-2024,27989,Cash,Success,RCPT354409,FALSE,TRUE,0,FALSE,None
PAY000305,POL000828,CUST002882,AGT00143,09-10-2025,12471,Card,Success,RCPT761384,FALSE,TRUE,2,FALSE,None
PAY000306,POL000061,CUST002546,AGT00254,23-12-2022,4438,NEFT,Success,RCPT785752,FALSE,TRUE,0,FALSE,None
PAY000307,POL000579,CUST003123,AGT00029,10-04-2026,26749,Cheque,Success,RCPT205909,FALSE,TRUE,1,FALSE,None
PAY000308,POL000226,CUST001926,AGT00144,01-11-2022,3050,NEFT,Success,RCPT537747,FALSE,TRUE,2,FALSE,None
PAY000309,POL000925,CUST000082,AGT00350,16-03-2022,40496,UPI,Success,RCPT909191,FALSE,TRUE,2,FALSE,None
PAY000310,POL000963,CUST001144,AGT00336,11-08-2023,21240,NEFT,Success,RCPT454404,FALSE,TRUE,2,FALSE,None
PAY000311,POL000335,CUST000335,AGT00195,11-08-2025,11865,Cheque,Success,RCPT161586,FALSE,TRUE,0,FALSE,None
PAY000312,POL000839,CUST000059,AGT00281,12-05-2026,18613,Cheque,Success,RCPT338074,FALSE,TRUE,1,FALSE,None
PAY000313,POL000579,CUST003123,AGT00029,30-03-2026,26095,Cash,Success,RCPT504013,FALSE,TRUE,1,FALSE,None
PAY000314,POL000640,CUST001605,AGT00008,08-05-2022,7260,UPI,Success,RCPT352007,TRUE,TRUE,2,TRUE,Fake Payment Receipt Submitted
PAY000315,POL000111,CUST000499,AGT00136,26-03-2024,11742,UPI,Success,RCPT159727,FALSE,TRUE,2,FALSE,None
PAY000316,POL000491,CUST001313,AGT00043,30-07-2024,25833,Cheque,Reversed,RCPT714845,FALSE,TRUE,1,TRUE,Duplicate/Unauthorized Refund Claimed
PAY000317,POL000272,CUST000698,AGT00043,02-01-2025,39589,UPI,Reversed,RCPT987517,FALSE,TRUE,0,TRUE,Duplicate/Unauthorized Refund Claimed
PAY000318,POL000813,CUST000869,AGT00198,29-03-2024,6424,Cheque,Success,RCPT329819,FALSE,TRUE,2,FALSE,None
PAY000319,POL000034,CUST001247,AGT00209,14-03-2023,16709,Cash,Success,RCPT804629,FALSE,TRUE,0,FALSE,None
PAY000320,POL000212,CUST002275,AGT00259,22-11-2025,9735,Card,Success,RCPT928932,FALSE,TRUE,0,FALSE,None
PAY000321,POL000300,CUST002298,AGT00370,27-08-2023,3076,Cash,Success,RCPT883264,FALSE,TRUE,1,FALSE,None
PAY000322,POL000373,CUST002771,AGT00253,19-01-2023,54403,Cheque,Success,RCPT209266,FALSE,TRUE,1,FALSE,None
PAY000323,POL000125,CUST000899,AGT00211,12-03-2023,10958,Card,Success,RCPT329942,FALSE,TRUE,0,FALSE,None
PAY000324,POL000103,CUST002360,AGT00216,04-12-2024,2974,UPI,Success,RCPT906418,FALSE,TRUE,0,FALSE,None
PAY000325,POL000993,CUST000085,AGT00269,29-07-2024,75112,UPI,Success,RCPT249392,FALSE,TRUE,1,FALSE,None
PAY000326,POL000718,CUST001745,AGT00298,26-01-2022,12610,Card,Success,RCPT402838,FALSE,TRUE,2,FALSE,None
PAY000327,POL000120,CUST001868,AGT00116,14-05-2026,16124,UPI,Success,RCPT797972,FALSE,TRUE,0,FALSE,None
PAY000328,POL000682,CUST000177,AGT00326,21-06-2022,10628,Card,Success,RCPT546939,FALSE,TRUE,2,FALSE,None
PAY000329,POL000547,CUST001196,AGT00333,28-02-2025,39328,Cheque,Success,RCPT474244,FALSE,TRUE,0,FALSE,None
PAY000330,POL000894,CUST001618,AGT00346,23-05-2024,22608,UPI,Success,RCPT574773,FALSE,TRUE,1,FALSE,None
PAY000331,POL000331,CUST002687,AGT00331,08-12-2025,75639,UPI,Success,RCPT808902,FALSE,TRUE,2,FALSE,None
PAY000332,POL000758,CUST002423,AGT00228,11-01-2024,9858,UPI,Success,RCPT514415,FALSE,TRUE,1,FALSE,None
PAY000333,POL000852,CUST002716,AGT00311,11-10-2023,12840,UPI,Success,RCPT433180,FALSE,TRUE,0,FALSE,None
PAY000334,POL000926,CUST003116,AGT00346,04-07-2022,15053,UPI,Success,RCPT391810,FALSE,TRUE,1,FALSE,None
PAY000335,POL000309,CUST003141,AGT00344,07-10-2024,21981,Card,Success,RCPT236474,FALSE,TRUE,2,FALSE,None
PAY000336,POL000570,CUST002732,AGT00008,12-01-2024,18985,UPI,Success,RCPT319979,TRUE,TRUE,1,TRUE,Fake Payment Receipt Submitted
PAY000337,POL000412,CUST001960,AGT00238,24-05-2026,41114,Cheque,Success,RCPT661837,FALSE,TRUE,2,FALSE,None
PAY000338,POL000399,CUST002312,AGT00073,24-04-2022,4288,UPI,Success,RCPT770875,FALSE,TRUE,1,FALSE,None
PAY000339,POL000934,CUST002613,AGT00183,19-02-2022,8402,Cheque,Success,RCPT838483,TRUE,TRUE,1,TRUE,Fake Payment Receipt Submitted
PAY000340,POL000306,CUST001691,AGT00188,26-01-2026,5696,Cash,Success,RCPT733721,FALSE,TRUE,2,FALSE,None
PAY000341,POL000653,CUST002722,AGT00167,28-03-2025,37085,UPI,Success,RCPT303665,FALSE,TRUE,2,FALSE,None
PAY000342,POL000623,CUST001222,AGT00254,21-11-2023,5786,Card,Success,RCPT295670,FALSE,TRUE,2,FALSE,None
PAY000343,POL000163,CUST001095,AGT00330,18-09-2023,75597,UPI,Success,RCPT354357,FALSE,TRUE,0,FALSE,None
PAY000344,POL000623,CUST001222,AGT00254,12-11-2023,5822,Card,Bounced,RCPT374243,FALSE,TRUE,1,TRUE,Bounced Cheque Used for Coverage
PAY000345,POL000664,CUST000936,AGT00098,21-07-2022,16333,UPI,Success,RCPT738447,FALSE,TRUE,2,FALSE,None
PAY000346,POL000888,CUST000927,AGT00328,06-08-2024,75311,Cheque,Success,RCPT998314,FALSE,TRUE,0,FALSE,None
PAY000347,POL000065,CUST001775,AGT00273,13-05-2025,20571,Cheque,Success,RCPT646385,TRUE,TRUE,0,TRUE,Fake Payment Receipt Submitted
PAY000348,POL000618,CUST000620,AGT00302,11-09-2023,25610,Card,Success,RCPT695007,FALSE,TRUE,2,FALSE,None
PAY000349,POL000216,CUST001492,AGT00313,22-01-2025,13753,UPI,Success,RCPT546582,FALSE,TRUE,2,FALSE,None
PAY000350,POL000603,CUST002294,AGT00144,22-06-2023,9027,UPI,Success,RCPT513679,FALSE,TRUE,2,FALSE,None
PAY000351,POL000914,CUST002346,AGT00077,21-08-2022,34602,Card,Bounced,RCPT149094,FALSE,TRUE,0,TRUE,Bounced Cheque Used for Coverage
PAY000352,POL000954,CUST002458,AGT00234,08-05-2022,8570,NEFT,Reversed,RCPT983028,FALSE,TRUE,0,TRUE,Duplicate/Unauthorized Refund Claimed
PAY000353,POL000026,CUST002554,AGT00105,02-02-2022,8552,UPI,Success,RCPT116696,FALSE,TRUE,1,FALSE,None
PAY000354,POL000669,CUST001402,AGT00281,17-01-2025,31199,NEFT,Success,RCPT894786,FALSE,TRUE,0,FALSE,None
PAY000355,POL000584,CUST001601,AGT00302,03-09-2023,22551,Cash,Success,RCPT511128,FALSE,TRUE,2,FALSE,None
PAY000356,POL000044,CUST000532,AGT00326,16-09-2023,9760,Cash,Success,RCPT800708,TRUE,TRUE,1,TRUE,Fake Payment Receipt Submitted
PAY000357,POL000090,CUST000389,AGT00068,18-06-2025,6243,Cheque,Success,RCPT325969,FALSE,TRUE,1,FALSE,None
PAY000358,POL000133,CUST000493,AGT00187,20-04-2026,12069,Cash,Reversed,RCPT384024,FALSE,TRUE,1,TRUE,Duplicate/Unauthorized Refund Claimed
PAY000359,POL000161,CUST000850,AGT00094,06-02-2024,14744,Card,Success,RCPT732349,FALSE,TRUE,1,FALSE,None
PAY000360,POL000744,CUST001456,AGT00108,19-04-2024,5468,Card,Success,RCPT443440,FALSE,TRUE,2,FALSE,None
PAY000361,POL000380,CUST001822,AGT00217,19-07-2024,74990,Card,Success,RCPT170304,FALSE,TRUE,1,FALSE,None
PAY000362,POL000261,CUST000194,AGT00044,11-02-2023,4845,UPI,Success,RCPT648239,FALSE,TRUE,2,FALSE,None
PAY000363,POL000383,CUST001492,AGT00269,16-12-2024,54426,NEFT,Success,RCPT788526,FALSE,TRUE,0,FALSE,None
PAY000364,POL000369,CUST000198,AGT00222,28-02-2024,52113,UPI,Bounced,RCPT999980,FALSE,TRUE,2,TRUE,Bounced Cheque Used for Coverage
PAY000365,POL000111,CUST000499,AGT00136,16-03-2024,11190,Cash,Success,RCPT286854,FALSE,FALSE,394,TRUE,Premium Diversion by Agent
PAY000366,POL000676,CUST000403,AGT00044,07-12-2024,7989,Cheque,Success,RCPT554146,FALSE,TRUE,0,FALSE,None
PAY000367,POL000077,CUST001246,AGT00125,20-04-2022,20367,Cheque,Success,RCPT772791,FALSE,TRUE,0,FALSE,None
PAY000368,POL000209,CUST001130,AGT00262,03-08-2023,6162,Cheque,Success,RCPT904758,FALSE,TRUE,0,FALSE,None
PAY000369,POL000013,CUST002543,AGT00127,07-03-2023,100114,Card,Success,RCPT783066,FALSE,TRUE,1,FALSE,None
PAY000370,POL000921,CUST001678,AGT00246,07-12-2025,147514,Card,Success,RCPT395151,FALSE,TRUE,2,FALSE,None
PAY000371,POL000570,CUST002732,AGT00008,15-01-2024,19805,Cheque,Success,RCPT847830,FALSE,TRUE,2,FALSE,None
PAY000372,POL000898,CUST000387,AGT00002,13-03-2026,11420,UPI,Success,RCPT139232,FALSE,TRUE,1,FALSE,None
PAY000373,POL000856,CUST000018,AGT00085,03-06-2025,34101,UPI,Success,RCPT133439,FALSE,TRUE,1,FALSE,None
PAY000374,POL000548,CUST001523,AGT00142,26-10-2023,1401,Cash,Success,RCPT590976,FALSE,TRUE,0,FALSE,None
PAY000375,POL000025,CUST001931,AGT00315,25-12-2025,15138,Card,Success,RCPT938203,FALSE,TRUE,2,FALSE,None
PAY000376,POL000546,CUST001129,AGT00254,23-05-2022,39804,UPI,Success,RCPT517519,FALSE,FALSE,372,TRUE,Premium Diversion by Agent
PAY000377,POL000140,CUST002019,AGT00042,25-12-2025,15835,Card,Success,RCPT135229,FALSE,TRUE,1,FALSE,None
PAY000378,POL000275,CUST002743,AGT00206,26-02-2022,121782,Cheque,Success,RCPT848865,FALSE,TRUE,2,FALSE,None
PAY000379,POL000370,CUST002195,AGT00171,28-01-2024,22587,Cheque,Success,RCPT550961,FALSE,TRUE,0,FALSE,None
PAY000380,POL000874,CUST001334,AGT00367,21-11-2023,60746,Cheque,Success,RCPT413402,FALSE,TRUE,0,FALSE,None
PAY000381,POL000222,CUST000093,AGT00197,30-01-2023,4470,Cash,Success,RCPT382676,FALSE,TRUE,0,FALSE,None
PAY000382,POL000037,CUST003016,AGT00122,15-01-2026,4241,UPI,Success,RCPT854751,FALSE,TRUE,2,FALSE,None
PAY000383,POL000875,CUST002725,AGT00080,01-07-2026,53645,Cash,Success,RCPT434456,FALSE,TRUE,1,FALSE,None
PAY000384,POL000129,CUST001507,AGT00291,18-02-2025,14016,Cheque,Success,RCPT764694,FALSE,TRUE,1,FALSE,None
PAY000385,POL000316,CUST001508,AGT00295,01-09-2022,9368,Cash,Success,RCPT224945,FALSE,TRUE,1,FALSE,None
PAY000386,POL000323,CUST003155,AGT00020,07-09-2024,19470,UPI,Success,RCPT793252,FALSE,TRUE,1,FALSE,None
PAY000387,POL000433,CUST002500,AGT00303,26-07-2023,6861,Cash,Success,RCPT128484,FALSE,TRUE,2,FALSE,None
PAY000388,POL000218,CUST002472,AGT00338,09-07-2023,20591,Cheque,Success,RCPT615463,FALSE,TRUE,0,FALSE,None
PAY000389,POL000847,CUST002160,AGT00320,04-11-2022,25356,Card,Success,RCPT653119,FALSE,TRUE,0,FALSE,None
PAY000390,POL000942,CUST000915,AGT00310,26-05-2022,8192,Card,Success,RCPT865815,FALSE,TRUE,0,FALSE,None
PAY000391,POL000248,CUST003006,AGT00377,07-07-2022,29361,Cheque,Success,RCPT608045,FALSE,TRUE,0,FALSE,None
PAY000392,POL000111,CUST000499,AGT00136,13-03-2024,11124,Cheque,Reversed,RCPT870444,FALSE,TRUE,1,TRUE,Duplicate/Unauthorized Refund Claimed
PAY000393,POL000816,CUST001130,AGT00358,13-01-2024,10750,UPI,Success,RCPT618723,FALSE,TRUE,1,FALSE,None
PAY000394,POL000732,CUST001905,AGT00195,05-12-2024,14239,NEFT,Success,RCPT254737,FALSE,TRUE,2,FALSE,None
PAY000395,POL000708,CUST000629,AGT00088,26-04-2023,3490,Cheque,Success,RCPT391349,FALSE,TRUE,0,FALSE,None
PAY000396,POL000147,CUST002114,AGT00274,10-12-2023,34642,Cash,Success,RCPT871603,FALSE,TRUE,1,FALSE,None
PAY000397,POL000344,CUST001684,AGT00367,28-02-2023,8556,Cash,Success,RCPT959022,FALSE,TRUE,1,FALSE,None
PAY000398,POL000509,CUST000021,AGT00167,02-05-2026,28921,UPI,Success,RCPT798828,FALSE,TRUE,1,FALSE,None
PAY000399,POL000505,CUST001740,AGT00195,24-05-2023,15901,Card,Success,RCPT228609,FALSE,TRUE,0,FALSE,None
PAY000400,POL000552,CUST000149,AGT00008,12-03-2022,5670,UPI,Success,RCPT886024,FALSE,TRUE,1,FALSE,None
PAY000401,POL000134,CUST002547,AGT00121,23-08-2024,47310,UPI,Bounced,RCPT559780,FALSE,TRUE,0,TRUE,Bounced Cheque Used for Coverage
PAY000402,POL000464,CUST000814,AGT00243,21-07-2023,139970,NEFT,Success,RCPT383579,FALSE,TRUE,0,FALSE,None
PAY000403,POL000864,CUST002060,AGT00144,27-01-2025,20166,UPI,Success,RCPT837950,FALSE,TRUE,2,FALSE,None
PAY000404,POL000990,CUST000363,AGT00071,29-05-2024,43373,UPI,Success,RCPT738714,FALSE,TRUE,2,FALSE,None
PAY000405,POL000191,CUST002570,AGT00354,02-05-2025,38350,Card,Success,RCPT530578,FALSE,TRUE,0,FALSE,None
PAY000406,POL000163,CUST001095,AGT00330,01-09-2023,72353,Cheque,Success,RCPT311219,FALSE,TRUE,0,FALSE,None
PAY000407,POL000456,CUST000924,AGT00262,09-08-2022,107922,Card,Success,RCPT506610,FALSE,TRUE,0,FALSE,None
PAY000408,POL000061,CUST002546,AGT00254,13-12-2022,4358,Card,Bounced,RCPT724447,FALSE,TRUE,1,TRUE,Bounced Cheque Used for Coverage
PAY000409,POL000005,CUST000318,AGT00171,12-10-2023,31389,UPI,Success,RCPT490261,FALSE,TRUE,1,FALSE,None
PAY000410,POL000037,CUST003016,AGT00122,17-01-2026,4578,Cheque,Success,RCPT738911,FALSE,TRUE,1,FALSE,None
PAY000411,POL000460,CUST001005,AGT00326,01-11-2025,26216,UPI,Success,RCPT720572,FALSE,TRUE,2,FALSE,None
PAY000412,POL000217,CUST002103,AGT00191,15-03-2024,33075,Card,Success,RCPT480261,FALSE,TRUE,0,FALSE,None
PAY000413,POL000737,CUST002974,AGT00363,09-04-2022,8675,UPI,Success,RCPT940860,FALSE,TRUE,1,FALSE,None
PAY000414,POL000999,CUST002845,AGT00104,26-12-2022,8366,Cheque,Success,RCPT798398,FALSE,TRUE,1,FALSE,None
PAY000415,POL000728,CUST002629,AGT00026,02-08-2022,27510,Card,Success,RCPT585334,FALSE,TRUE,2,FALSE,None
PAY000416,POL000139,CUST001172,AGT00013,07-03-2023,16162,Cheque,Success,RCPT834493,FALSE,TRUE,2,FALSE,None
PAY000417,POL000618,CUST000620,AGT00302,07-09-2023,25574,UPI,Success,RCPT109880,FALSE,FALSE,346,TRUE,Premium Diversion by Agent
PAY000418,POL000099,CUST000079,AGT00268,17-07-2024,119517,Card,Success,RCPT514031,FALSE,TRUE,0,FALSE,None
PAY000419,POL000680,CUST001802,AGT00257,10-06-2024,14614,Cheque,Bounced,RCPT974808,FALSE,TRUE,1,TRUE,Bounced Cheque Used for Coverage
PAY000420,POL000961,CUST003193,AGT00005,02-12-2024,45372,Cash,Success,RCPT309494,FALSE,TRUE,1,FALSE,None
PAY000421,POL000264,CUST001267,AGT00170,31-05-2026,40966,UPI,Success,RCPT570718,FALSE,TRUE,1,FALSE,None
PAY000422,POL000599,CUST001439,AGT00113,18-11-2024,41817,Cheque,Success,RCPT518656,FALSE,TRUE,1,FALSE,None
PAY000423,POL000596,CUST002249,AGT00265,04-08-2026,3677,NEFT,Success,RCPT761874,FALSE,TRUE,1,FALSE,None
PAY000424,POL000224,CUST001282,AGT00110,18-11-2023,18220,Card,Success,RCPT399812,FALSE,TRUE,2,FALSE,None
PAY000425,POL000011,CUST002997,AGT00338,21-03-2025,6663,Cheque,Bounced,RCPT931801,FALSE,TRUE,0,TRUE,Bounced Cheque Used for Coverage
PAY000426,POL000327,CUST001628,AGT00161,03-01-2025,34187,UPI,Success,RCPT673467,FALSE,TRUE,2,FALSE,None
PAY000427,POL000698,CUST002181,AGT00059,08-02-2026,21297,Cheque,Success,RCPT885562,FALSE,TRUE,0,FALSE,None
PAY000428,POL000350,CUST001278,AGT00331,13-09-2023,10219,UPI,Success,RCPT934501,FALSE,TRUE,0,FALSE,None
PAY000429,POL000379,CUST001366,AGT00340,19-05-2023,13343,Cheque,Success,RCPT826245,FALSE,TRUE,0,FALSE,None
PAY000430,POL000944,CUST001996,AGT00293,28-01-2024,5828,NEFT,Success,RCPT885956,FALSE,TRUE,2,FALSE,None
PAY000431,POL000231,CUST000416,AGT00017,27-12-2025,22066,UPI,Success,RCPT952997,FALSE,TRUE,1,FALSE,None
PAY000432,POL000141,CUST000172,AGT00132,24-07-2025,98596,UPI,Success,RCPT396908,FALSE,TRUE,0,FALSE,None
PAY000433,POL000618,CUST000620,AGT00302,23-09-2023,26082,Cash,Success,RCPT543709,FALSE,TRUE,0,FALSE,None
PAY000434,POL000765,CUST002867,AGT00345,13-08-2023,33307,Cheque,Success,RCPT519040,FALSE,TRUE,2,FALSE,None
PAY000435,POL000956,CUST000855,AGT00285,29-01-2024,15397,UPI,Success,RCPT819904,FALSE,TRUE,2,FALSE,None
PAY000436,POL000049,CUST001476,AGT00202,17-09-2023,36864,UPI,Success,RCPT847608,FALSE,TRUE,1,FALSE,None
PAY000437,POL000451,CUST003108,AGT00059,12-08-2023,19093,Cheque,Success,RCPT410605,FALSE,TRUE,1,FALSE,None
PAY000438,POL000775,CUST000050,AGT00370,03-08-2022,7373,Card,Success,RCPT511687,FALSE,TRUE,0,FALSE,None
PAY000439,POL000491,CUST001313,AGT00043,25-07-2024,25794,Cheque,Reversed,RCPT518472,FALSE,TRUE,2,TRUE,Duplicate/Unauthorized Refund Claimed
PAY000440,POL000205,CUST002225,AGT00220,03-03-2025,53579,UPI,Success,RCPT657430,FALSE,TRUE,1,FALSE,None
PAY000441,POL000869,CUST002331,AGT00082,23-02-2023,56456,Cheque,Success,RCPT144329,FALSE,TRUE,1,FALSE,None
PAY000442,POL000409,CUST002724,AGT00321,08-08-2026,9824,Cheque,Success,RCPT758405,FALSE,TRUE,1,FALSE,None
PAY000443,POL000407,CUST001866,AGT00176,07-02-2023,16405,Cheque,Success,RCPT770088,FALSE,TRUE,2,FALSE,None
PAY000444,POL000051,CUST002349,AGT00152,21-03-2022,18488,Card,Success,RCPT654001,FALSE,TRUE,2,FALSE,None
PAY000445,POL000175,CUST002345,AGT00353,24-01-2026,13747,Cheque,Success,RCPT179374,FALSE,TRUE,2,FALSE,None
PAY000446,POL000737,CUST002974,AGT00363,21-04-2022,8771,NEFT,Success,RCPT646947,FALSE,TRUE,2,FALSE,None
PAY000447,POL000261,CUST000194,AGT00044,01-03-2023,4746,Cheque,Success,RCPT335325,FALSE,TRUE,2,FALSE,None
PAY000448,POL000480,CUST002717,AGT00367,02-12-2024,8538,NEFT,Success,RCPT499568,FALSE,TRUE,0,FALSE,None
PAY000449,POL000734,CUST000492,AGT00321,02-05-2024,35806,Card,Success,RCPT619135,FALSE,TRUE,0,FALSE,None
PAY000450,POL000223,CUST002567,AGT00254,25-08-2024,17660,Card,Success,RCPT450710,FALSE,TRUE,2,FALSE,None
PAY000451,POL000269,CUST002526,AGT00338,29-03-2023,10071,Cheque,Success,RCPT722870,FALSE,TRUE,0,FALSE,None
PAY000452,POL000810,CUST001440,AGT00008,05-03-2022,9935,UPI,Success,RCPT666035,FALSE,TRUE,2,FALSE,None
PAY000453,POL000893,CUST000234,AGT00176,14-07-2025,116168,UPI,Success,RCPT303758,FALSE,FALSE,182,TRUE,Premium Diversion by Agent
PAY000454,POL000901,CUST000038,AGT00106,25-01-2024,128219,Card,Success,RCPT916055,FALSE,TRUE,0,FALSE,None
PAY000455,POL000919,CUST002516,AGT00331,21-12-2025,17864,Cash,Success,RCPT117716,FALSE,TRUE,1,FALSE,None
PAY000456,POL000318,CUST000775,AGT00118,25-06-2025,5145,NEFT,Success,RCPT828961,FALSE,TRUE,2,FALSE,None
PAY000457,POL000385,CUST002011,AGT00369,16-02-2022,10299,NEFT,Success,RCPT643819,FALSE,TRUE,0,FALSE,None
PAY000458,POL000586,CUST001207,AGT00354,06-10-2023,16783,Card,Success,RCPT880585,FALSE,TRUE,0,FALSE,None
PAY000459,POL000626,CUST002805,AGT00241,26-08-2025,9656,UPI,Bounced,RCPT665048,FALSE,TRUE,1,TRUE,Bounced Cheque Used for Coverage
PAY000460,POL000219,CUST002363,AGT00338,20-01-2026,23827,Card,Success,RCPT103449,FALSE,TRUE,0,FALSE,None
PAY000461,POL000054,CUST001141,AGT00216,18-03-2025,14214,Cheque,Reversed,RCPT985168,FALSE,TRUE,1,TRUE,Duplicate/Unauthorized Refund Claimed
PAY000462,POL000200,CUST003154,AGT00215,25-04-2026,44778,Cash,Success,RCPT878074,FALSE,TRUE,0,FALSE,None
PAY000463,POL000884,CUST000456,AGT00251,20-05-2024,20410,Card,Success,RCPT395921,FALSE,TRUE,1,FALSE,None
PAY000464,POL000643,CUST000440,AGT00209,21-11-2025,34392,UPI,Success,RCPT107279,FALSE,TRUE,1,FALSE,None
PAY000465,POL000339,CUST000062,AGT00241,04-06-2025,15729,Cash,Success,RCPT105191,FALSE,TRUE,2,FALSE,None
PAY000466,POL000704,CUST002765,AGT00080,23-05-2026,7759,Card,Success,RCPT960476,FALSE,TRUE,2,FALSE,None
PAY000467,POL000691,CUST000869,AGT00133,16-04-2022,3684,UPI,Success,RCPT869044,FALSE,TRUE,0,FALSE,None
PAY000468,POL000898,CUST000387,AGT00002,25-02-2026,11571,Cheque,Success,RCPT367451,FALSE,TRUE,2,FALSE,None
PAY000469,POL000305,CUST002847,AGT00049,26-06-2025,34324,Cheque,Success,RCPT759576,FALSE,TRUE,2,FALSE,None
PAY000470,POL000799,CUST001267,AGT00129,02-01-2025,33030,UPI,Success,RCPT560117,FALSE,TRUE,2,FALSE,None
PAY000471,POL000752,CUST002416,AGT00149,31-01-2022,4181,Cheque,Success,RCPT991532,FALSE,TRUE,0,FALSE,None
PAY000472,POL000245,CUST001355,AGT00008,02-06-2023,55496,Cheque,Success,RCPT554959,TRUE,TRUE,0,TRUE,Fake Payment Receipt Submitted
PAY000473,POL000842,CUST002766,AGT00066,12-02-2025,9961,Card,Success,RCPT709726,FALSE,TRUE,2,FALSE,None
PAY000474,POL000629,CUST000690,AGT00275,01-10-2022,37754,Card,Success,RCPT210283,FALSE,TRUE,2,FALSE,None
PAY000475,POL000208,CUST002583,AGT00054,10-02-2022,24286,UPI,Success,RCPT886927,FALSE,FALSE,341,TRUE,Premium Diversion by Agent
PAY000476,POL000997,CUST000262,AGT00358,22-05-2024,8323,UPI,Success,RCPT169128,FALSE,TRUE,2,FALSE,None
PAY000477,POL000724,CUST002976,AGT00280,11-08-2025,26440,Card,Success,RCPT954200,FALSE,TRUE,1,FALSE,None
PAY000478,POL000511,CUST002430,AGT00296,07-05-2025,18053,Card,Success,RCPT140816,FALSE,TRUE,0,FALSE,None
PAY000479,POL000259,CUST002978,AGT00109,12-10-2023,90340,NEFT,Reversed,RCPT819655,FALSE,TRUE,0,TRUE,Duplicate/Unauthorized Refund Claimed
PAY000480,POL000380,CUST001822,AGT00217,22-07-2024,78331,Cash,Success,RCPT442347,FALSE,TRUE,1,FALSE,None
PAY000481,POL000163,CUST001095,AGT00330,10-09-2023,70803,Cheque,Success,RCPT637288,FALSE,TRUE,2,FALSE,None
PAY000482,POL000738,CUST002895,AGT00095,20-01-2023,4938,NEFT,Success,RCPT237791,FALSE,TRUE,1,FALSE,None
PAY000483,POL000341,CUST001170,AGT00250,04-02-2023,19940,NEFT,Success,RCPT169981,FALSE,TRUE,2,FALSE,None
PAY000484,POL000932,CUST000595,AGT00183,11-11-2024,132892,Cheque,Success,RCPT934373,FALSE,TRUE,2,FALSE,None
PAY000485,POL000576,CUST001678,AGT00340,02-02-2022,33965,Cash,Success,RCPT724959,FALSE,TRUE,0,FALSE,None
PAY000486,POL000928,CUST002321,AGT00204,18-11-2023,50633,Card,Success,RCPT569528,FALSE,TRUE,0,FALSE,None
PAY000487,POL000758,CUST002423,AGT00228,12-01-2024,10722,Cash,Success,RCPT663611,FALSE,TRUE,2,FALSE,None
PAY000488,POL000530,CUST000258,AGT00324,11-07-2026,12385,UPI,Success,RCPT838185,FALSE,TRUE,1,FALSE,None
PAY000489,POL000034,CUST001247,AGT00209,27-03-2023,16090,Cash,Success,RCPT812680,FALSE,TRUE,0,FALSE,None
PAY000490,POL000824,CUST000959,AGT00003,28-02-2025,8207,Cash,Success,RCPT766779,FALSE,TRUE,2,FALSE,None
PAY000491,POL000998,CUST001922,AGT00251,27-01-2026,3826,Card,Success,RCPT304508,FALSE,TRUE,0,FALSE,None
PAY000492,POL000323,CUST003155,AGT00020,01-09-2024,20413,NEFT,Success,RCPT650691,FALSE,TRUE,0,FALSE,None
PAY000493,POL000181,CUST003005,AGT00239,01-05-2024,10270,Card,Success,RCPT652586,FALSE,TRUE,0,FALSE,None
PAY000494,POL000963,CUST001144,AGT00336,16-08-2023,22405,Card,Success,RCPT323764,FALSE,TRUE,1,FALSE,None
PAY000495,POL000347,CUST002226,AGT00369,30-04-2025,21964,NEFT,Success,RCPT923797,TRUE,TRUE,1,TRUE,Fake Payment Receipt Submitted
PAY000496,POL000706,CUST000038,AGT00237,09-04-2026,38734,Card,Success,RCPT976005,FALSE,TRUE,2,FALSE,None
PAY000497,POL000192,CUST000199,AGT00118,27-02-2025,8867,Card,Success,RCPT539449,FALSE,TRUE,1,FALSE,None
PAY000498,POL000579,CUST003123,AGT00029,15-04-2026,26245,Card,Success,RCPT172771,FALSE,TRUE,2,FALSE,None
PAY000499,POL000721,CUST002206,AGT00060,23-11-2023,13273,Cheque,Success,RCPT948398,FALSE,TRUE,2,FALSE,None
PAY000500,POL000878,CUST001841,AGT00111,11-08-2025,5468,Card,Success,RCPT138056,FALSE,TRUE,0,FALSE,None
PAY000501,POL000679,CUST002671,AGT00162,02-02-2024,15110,Card,Success,RCPT419109,FALSE,TRUE,0,FALSE,None
PAY000502,POL000246,CUST001567,AGT00338,08-10-2022,49067,Cheque,Success,RCPT474762,FALSE,TRUE,1,FALSE,None
PAY000503,POL000245,CUST001355,AGT00008,23-05-2023,53938,Cheque,Bounced,RCPT597656,FALSE,TRUE,2,TRUE,Bounced Cheque Used for Coverage
PAY000504,POL000678,CUST002845,AGT00043,12-05-2022,6882,Cheque,Success,RCPT688525,FALSE,TRUE,2,FALSE,None
PAY000505,POL000808,CUST001966,AGT00124,17-02-2022,17785,Card,Success,RCPT242267,FALSE,TRUE,0,FALSE,None
PAY000506,POL000915,CUST000805,AGT00370,25-08-2025,40287,Cash,Bounced,RCPT878351,FALSE,TRUE,0,TRUE,Bounced Cheque Used for Coverage
PAY000507,POL000723,CUST000217,AGT00299,05-05-2023,45618,Cheque,Success,RCPT949971,TRUE,TRUE,0,TRUE,Fake Payment Receipt Submitted
PAY000508,POL000133,CUST000493,AGT00187,06-04-2026,11225,NEFT,Reversed,RCPT781608,FALSE,TRUE,1,TRUE,Duplicate/Unauthorized Refund Claimed
PAY000509,POL000197,CUST001538,AGT00024,23-10-2022,21581,Card,Success,RCPT282526,FALSE,TRUE,2,FALSE,None
PAY000510,POL000910,CUST000562,AGT00257,17-03-2024,6129,Cash,Success,RCPT877373,FALSE,TRUE,2,FALSE,None
PAY000511,POL000347,CUST002226,AGT00369,01-05-2025,21931,UPI,Success,RCPT710603,FALSE,TRUE,2,FALSE,None
PAY000512,POL000049,CUST001476,AGT00202,31-08-2023,35337,Cash,Success,RCPT176202,FALSE,TRUE,0,FALSE,None
PAY000513,POL000064,CUST002446,AGT00361,18-04-2023,52308,UPI,Success,RCPT972347,FALSE,TRUE,1,FALSE,None
PAY000514,POL000624,CUST002095,AGT00088,18-09-2024,19558,UPI,Success,RCPT655997,FALSE,TRUE,1,FALSE,None
PAY000515,POL000868,CUST002689,AGT00339,17-08-2025,89861,UPI,Success,RCPT214439,FALSE,TRUE,0,FALSE,None
PAY000516,POL000697,CUST001598,AGT00313,15-03-2023,13225,UPI,Success,RCPT536066,FALSE,TRUE,1,FALSE,None
PAY000517,POL000104,CUST000204,AGT00369,04-01-2026,36049,Cash,Success,RCPT589570,FALSE,TRUE,1,FALSE,None
PAY000518,POL000931,CUST000790,AGT00149,18-09-2022,107420,UPI,Success,RCPT926969,FALSE,TRUE,2,FALSE,None
PAY000519,POL000213,CUST000371,AGT00295,26-06-2023,16811,Cash,Success,RCPT818818,FALSE,TRUE,0,FALSE,None
PAY000520,POL000517,CUST002746,AGT00073,20-06-2026,36699,Cheque,Success,RCPT130949,FALSE,TRUE,0,FALSE,None
PAY000521,POL000119,CUST001535,AGT00176,12-06-2022,23932,NEFT,Success,RCPT475434,FALSE,TRUE,0,FALSE,None
PAY000522,POL000856,CUST000018,AGT00085,09-06-2025,32501,Card,Success,RCPT256925,FALSE,TRUE,0,FALSE,None
PAY000523,POL000761,CUST002019,AGT00353,14-10-2023,4197,NEFT,Success,RCPT330803,FALSE,TRUE,2,FALSE,None
PAY000524,POL000679,CUST002671,AGT00162,31-01-2024,14877,Cash,Success,RCPT266942,FALSE,TRUE,1,FALSE,None
PAY000525,POL000895,CUST002692,AGT00340,06-04-2026,38871,Card,Bounced,RCPT158529,FALSE,TRUE,1,TRUE,Bounced Cheque Used for Coverage
PAY000526,POL000242,CUST000419,AGT00260,15-02-2022,12000,Cash,Success,RCPT425515,FALSE,TRUE,2,FALSE,None
PAY000527,POL000280,CUST000534,AGT00127,03-06-2023,27655,UPI,Success,RCPT412751,FALSE,TRUE,1,FALSE,None
PAY000528,POL000424,CUST002575,AGT00353,12-06-2023,11325,Cash,Success,RCPT551739,FALSE,TRUE,0,FALSE,None
PAY000529,POL000363,CUST002101,AGT00250,18-11-2022,11201,Cheque,Success,RCPT789474,FALSE,TRUE,2,FALSE,None
PAY000530,POL000750,CUST002732,AGT00072,12-01-2025,28211,Cheque,Bounced,RCPT412510,FALSE,TRUE,2,TRUE,Bounced Cheque Used for Coverage
PAY000531,POL000306,CUST001691,AGT00188,20-01-2026,5913,UPI,Success,RCPT654159,FALSE,TRUE,0,FALSE,None
PAY000532,POL000717,CUST000245,AGT00172,18-02-2023,5656,Cheque,Success,RCPT560713,FALSE,TRUE,0,FALSE,None
PAY000533,POL000486,CUST001377,AGT00328,11-09-2025,11911,UPI,Success,RCPT873043,FALSE,TRUE,0,FALSE,None
PAY000534,POL000314,CUST002056,AGT00354,26-09-2022,11217,Cash,Reversed,RCPT333988,FALSE,TRUE,1,TRUE,Duplicate/Unauthorized Refund Claimed
PAY000535,POL000513,CUST001926,AGT00264,27-08-2024,27491,Cash,Reversed,RCPT948716,FALSE,TRUE,0,TRUE,Duplicate/Unauthorized Refund Claimed
PAY000536,POL000683,CUST000449,AGT00165,09-03-2024,23841,Card,Success,RCPT208043,FALSE,TRUE,2,FALSE,None
PAY000537,POL000167,CUST002858,AGT00123,04-05-2022,4764,NEFT,Success,RCPT498906,FALSE,TRUE,1,FALSE,None
PAY000538,POL000394,CUST000889,AGT00213,17-11-2025,7074,Cash,Success,RCPT770528,FALSE,TRUE,1,FALSE,None
PAY000539,POL000770,CUST000288,AGT00327,26-01-2023,5223,Cash,Success,RCPT348618,TRUE,TRUE,2,TRUE,Fake Payment Receipt Submitted
PAY000540,POL000063,CUST000528,AGT00215,25-07-2026,12203,UPI,Success,RCPT608665,FALSE,TRUE,1,FALSE,None
PAY000541,POL000272,CUST000698,AGT00043,03-01-2025,41239,Cheque,Success,RCPT165116,FALSE,TRUE,0,FALSE,None
PAY000542,POL000037,CUST003016,AGT00122,29-01-2026,4378,UPI,Success,RCPT241105,FALSE,TRUE,0,FALSE,None
PAY000543,POL000016,CUST001890,AGT00043,28-11-2023,9867,Cheque,Success,RCPT435727,FALSE,TRUE,0,FALSE,None
PAY000544,POL000766,CUST002350,AGT00074,10-11-2025,16535,Card,Success,RCPT629190,FALSE,TRUE,0,FALSE,None
PAY000545,POL000343,CUST000619,AGT00340,04-12-2022,10742,Cheque,Success,RCPT222793,FALSE,TRUE,1,FALSE,None
PAY000546,POL000346,CUST001878,AGT00305,17-02-2024,58767,Card,Success,RCPT161263,FALSE,TRUE,2,FALSE,None
PAY000547,POL000848,CUST001924,AGT00368,20-11-2024,21370,UPI,Success,RCPT389808,FALSE,TRUE,1,FALSE,None
PAY000548,POL000539,CUST000030,AGT00341,18-08-2023,14717,UPI,Success,RCPT404347,FALSE,TRUE,2,FALSE,None
PAY000549,POL000959,CUST003181,AGT00206,02-09-2024,53853,Card,Success,RCPT366726,FALSE,TRUE,2,FALSE,None
PAY000550,POL000623,CUST001222,AGT00254,19-11-2023,5974,NEFT,Success,RCPT391626,FALSE,TRUE,0,FALSE,None
PAY000551,POL000233,CUST002414,AGT00174,08-12-2023,1923,Cheque,Success,RCPT267216,FALSE,TRUE,1,FALSE,None
PAY000552,POL000990,CUST000363,AGT00071,03-06-2024,42969,Cheque,Success,RCPT927908,FALSE,TRUE,0,FALSE,None
PAY000553,POL000576,CUST001678,AGT00340,25-01-2022,32327,UPI,Success,RCPT918304,FALSE,TRUE,1,FALSE,None
PAY000554,POL000609,CUST000367,AGT00085,09-07-2025,8025,UPI,Success,RCPT182754,FALSE,TRUE,1,FALSE,None
PAY000555,POL000416,CUST002399,AGT00231,01-05-2022,23972,Cash,Success,RCPT510223,FALSE,TRUE,0,FALSE,None
PAY000556,POL000905,CUST001473,AGT00014,02-02-2024,8762,UPI,Success,RCPT805559,FALSE,TRUE,1,FALSE,None
PAY000557,POL000267,CUST001611,AGT00110,06-06-2022,20148,Card,Success,RCPT412860,FALSE,TRUE,0,FALSE,None
PAY000558,POL000997,CUST000262,AGT00358,21-05-2024,8770,UPI,Success,RCPT195363,FALSE,TRUE,2,FALSE,None
PAY000559,POL000326,CUST001337,AGT00010,19-12-2023,31354,UPI,Bounced,RCPT213195,FALSE,TRUE,0,TRUE,Bounced Cheque Used for Coverage
PAY000560,POL000926,CUST003116,AGT00346,30-06-2022,15684,Card,Success,RCPT859104,FALSE,TRUE,1,FALSE,None
PAY000561,POL000744,CUST001456,AGT00108,24-04-2024,5859,Cash,Success,RCPT264336,FALSE,TRUE,1,FALSE,None
PAY000562,POL000911,CUST002000,AGT00317,22-07-2024,12804,UPI,Success,RCPT197143,FALSE,TRUE,2,FALSE,None
PAY000563,POL000443,CUST001694,AGT00275,08-11-2024,5057,UPI,Success,RCPT820590,FALSE,TRUE,2,FALSE,None
PAY000564,POL000560,CUST000453,AGT00161,19-05-2024,94613,Cheque,Success,RCPT389149,FALSE,TRUE,2,FALSE,None
PAY000565,POL000862,CUST001942,AGT00299,19-09-2022,22451,Card,Success,RCPT339831,FALSE,TRUE,0,FALSE,None
PAY000566,POL000722,CUST001025,AGT00367,07-10-2025,11670,NEFT,Success,RCPT393619,FALSE,TRUE,0,FALSE,None
PAY000567,POL000076,CUST001733,AGT00379,18-03-2024,12801,Cheque,Success,RCPT510142,FALSE,TRUE,1,FALSE,None
PAY000568,POL000247,CUST002396,AGT00285,17-05-2026,19176,Cheque,Reversed,RCPT133683,FALSE,TRUE,2,TRUE,Duplicate/Unauthorized Refund Claimed
PAY000569,POL000828,CUST002882,AGT00143,15-10-2025,11797,Cheque,Success,RCPT176810,FALSE,TRUE,2,FALSE,None
PAY000570,POL000580,CUST003184,AGT00040,02-03-2022,21159,Card,Success,RCPT870129,FALSE,TRUE,0,FALSE,None
PAY000571,POL000313,CUST002907,AGT00318,27-10-2024,35566,NEFT,Success,RCPT932481,FALSE,TRUE,1,FALSE,None
PAY000572,POL000576,CUST001678,AGT00340,29-01-2022,33071,UPI,Success,RCPT461627,FALSE,FALSE,223,TRUE,Premium Diversion by Agent
PAY000573,POL000694,CUST001664,AGT00320,14-09-2024,14831,Cheque,Success,RCPT747333,FALSE,TRUE,0,FALSE,None
PAY000574,POL000592,CUST001533,AGT00104,28-02-2025,4809,UPI,Success,RCPT339823,FALSE,TRUE,0,FALSE,None
PAY000575,POL000343,CUST000619,AGT00340,01-12-2022,11407,UPI,Success,RCPT855735,FALSE,TRUE,2,FALSE,None
PAY000576,POL000715,CUST001739,AGT00037,13-02-2022,32508,Card,Success,RCPT600518,FALSE,TRUE,2,FALSE,None
PAY000577,POL000182,CUST002487,AGT00358,07-04-2022,9671,Cheque,Success,RCPT352790,FALSE,TRUE,1,FALSE,None
PAY000578,POL000955,CUST002179,AGT00005,13-02-2026,17823,UPI,Success,RCPT848210,TRUE,TRUE,2,TRUE,Fake Payment Receipt Submitted
PAY000579,POL000984,CUST000401,AGT00045,24-06-2026,112321,Card,Success,RCPT542699,FALSE,TRUE,0,FALSE,None
PAY000580,POL000726,CUST000761,AGT00159,31-10-2022,5846,Cash,Success,RCPT736465,TRUE,TRUE,2,TRUE,Fake Payment Receipt Submitted
PAY000581,POL000935,CUST000001,AGT00300,02-01-2026,26191,Card,Success,RCPT270985,FALSE,TRUE,2,FALSE,None
PAY000582,POL000632,CUST000786,AGT00151,15-02-2022,5319,NEFT,Success,RCPT554150,FALSE,TRUE,1,FALSE,None
PAY000583,POL000399,CUST002312,AGT00073,07-05-2022,4464,Cheque,Success,RCPT361731,FALSE,TRUE,0,FALSE,None
PAY000584,POL000241,CUST001531,AGT00118,06-11-2023,30855,NEFT,Success,RCPT392432,FALSE,TRUE,2,FALSE,None
PAY000585,POL000847,CUST002160,AGT00320,19-11-2022,24928,Cash,Success,RCPT737168,FALSE,TRUE,0,FALSE,None
PAY000586,POL000714,CUST000305,AGT00231,17-04-2026,21553,UPI,Success,RCPT747348,FALSE,TRUE,1,FALSE,None
PAY000587,POL000924,CUST001652,AGT00015,08-11-2022,50412,Cash,Success,RCPT715716,FALSE,TRUE,0,FALSE,None
PAY000588,POL000292,CUST002382,AGT00051,02-03-2024,33389,Cheque,Success,RCPT125682,FALSE,TRUE,2,FALSE,None
PAY000589,POL000054,CUST001141,AGT00216,13-03-2025,14407,Card,Success,RCPT691413,FALSE,TRUE,2,FALSE,None
PAY000590,POL000145,CUST001860,AGT00309,07-06-2024,31187,Card,Success,RCPT786169,FALSE,TRUE,1,FALSE,None
PAY000591,POL000356,CUST001074,AGT00118,20-01-2026,9365,UPI,Success,RCPT970838,FALSE,TRUE,1,FALSE,None
PAY000592,POL000598,CUST000915,AGT00309,27-11-2023,3611,UPI,Success,RCPT351594,TRUE,TRUE,1,TRUE,Fake Payment Receipt Submitted
PAY000593,POL000983,CUST002241,AGT00257,22-10-2023,39561,Card,Success,RCPT807102,FALSE,TRUE,0,FALSE,None
PAY000594,POL000477,CUST001542,AGT00197,05-09-2022,11093,NEFT,Success,RCPT174215,TRUE,TRUE,0,TRUE,Fake Payment Receipt Submitted
PAY000595,POL000022,CUST002242,AGT00156,02-02-2023,22672,Card,Success,RCPT764163,FALSE,TRUE,0,FALSE,None
PAY000596,POL000331,CUST002687,AGT00331,09-12-2025,77993,Cheque,Success,RCPT414716,FALSE,TRUE,0,FALSE,None
PAY000597,POL000292,CUST002382,AGT00051,04-03-2024,32877,Cheque,Success,RCPT606810,FALSE,TRUE,1,FALSE,None
PAY000598,POL000236,CUST002379,AGT00202,07-11-2024,10682,Card,Success,RCPT422682,FALSE,FALSE,322,TRUE,Premium Diversion by Agent
PAY000599,POL000029,CUST001814,AGT00162,05-06-2025,15745,UPI,Success,RCPT994325,FALSE,TRUE,0,FALSE,None
PAY000600,POL000695,CUST002531,AGT00336,27-10-2025,6100,Cash,Success,RCPT205518,FALSE,TRUE,0,FALSE,None
PAY000601,POL000938,CUST000766,AGT00125,24-01-2022,36172,Cash,Success,RCPT805968,FALSE,TRUE,0,FALSE,None
PAY000602,POL000160,CUST002560,AGT00192,15-09-2025,19558,Cash,Success,RCPT667441,FALSE,TRUE,1,FALSE,None
PAY000603,POL000910,CUST000562,AGT00257,22-03-2024,6276,Card,Success,RCPT672945,FALSE,TRUE,1,FALSE,None
PAY000604,POL000530,CUST000258,AGT00324,13-07-2026,12348,Cheque,Success,RCPT240601,FALSE,TRUE,2,FALSE,None
PAY000605,POL000550,CUST002439,AGT00162,06-01-2024,52178,Cheque,Success,RCPT325606,FALSE,TRUE,2,FALSE,None
PAY000606,POL000101,CUST001302,AGT00129,26-05-2026,18540,Card,Success,RCPT934640,FALSE,TRUE,0,FALSE,None
PAY000607,POL000290,CUST001956,AGT00105,28-06-2026,31480,UPI,Success,RCPT700216,TRUE,TRUE,0,TRUE,Fake Payment Receipt Submitted
PAY000608,POL000377,CUST001244,AGT00108,31-07-2026,148791,Cheque,Success,RCPT792625,FALSE,TRUE,1,FALSE,None
PAY000609,POL000173,CUST001796,AGT00262,08-01-2023,10751,Card,Success,RCPT759943,FALSE,TRUE,2,FALSE,None
PAY000610,POL000343,CUST000619,AGT00340,08-12-2022,10638,Cash,Success,RCPT292298,TRUE,TRUE,0,TRUE,Fake Payment Receipt Submitted
PAY000611,POL000928,CUST002321,AGT00204,12-11-2023,50565,NEFT,Success,RCPT650978,FALSE,TRUE,2,FALSE,None
PAY000612,POL000878,CUST001841,AGT00111,04-08-2025,5623,Cheque,Success,RCPT187174,FALSE,TRUE,2,FALSE,None
PAY000613,POL000579,CUST003123,AGT00029,20-04-2026,26985,NEFT,Success,RCPT902670,FALSE,TRUE,2,FALSE,None
PAY000614,POL000191,CUST002570,AGT00354,21-04-2025,40348,NEFT,Success,RCPT843851,FALSE,TRUE,1,FALSE,None
PAY000615,POL000439,CUST002468,AGT00220,27-06-2026,32657,UPI,Success,RCPT418379,FALSE,TRUE,0,FALSE,None
PAY000616,POL000555,CUST000172,AGT00250,03-11-2024,29434,Cash,Success,RCPT252754,FALSE,TRUE,0,FALSE,None
PAY000617,POL000635,CUST001997,AGT00216,15-11-2025,9061,Card,Success,RCPT837358,FALSE,TRUE,1,FALSE,None
PAY000618,POL000790,CUST001791,AGT00187,06-10-2023,22636,Cash,Reversed,RCPT228596,FALSE,TRUE,1,TRUE,Duplicate/Unauthorized Refund Claimed
PAY000619,POL000343,CUST000619,AGT00340,22-11-2022,11171,UPI,Success,RCPT826548,FALSE,TRUE,1,FALSE,None
PAY000620,POL000708,CUST000629,AGT00088,18-04-2023,3379,UPI,Bounced,RCPT378905,FALSE,TRUE,2,TRUE,Bounced Cheque Used for Coverage
PAY000621,POL000845,CUST002945,AGT00213,18-01-2024,13452,NEFT,Success,RCPT608068,FALSE,TRUE,2,FALSE,None
PAY000622,POL000125,CUST000899,AGT00211,04-03-2023,10180,UPI,Success,RCPT851131,FALSE,TRUE,0,FALSE,None
PAY000623,POL000608,CUST002259,AGT00367,20-08-2022,39580,Card,Success,RCPT355672,TRUE,TRUE,0,TRUE,Fake Payment Receipt Submitted
PAY000624,POL000890,CUST000623,AGT00176,10-03-2026,8034,Card,Reversed,RCPT504392,FALSE,TRUE,2,TRUE,Duplicate/Unauthorized Refund Claimed
PAY000625,POL000669,CUST001402,AGT00281,04-01-2025,29025,Card,Success,RCPT990677,FALSE,TRUE,2,FALSE,None
PAY000626,POL000552,CUST000149,AGT00008,19-03-2022,5373,Card,Success,RCPT550714,FALSE,TRUE,1,FALSE,None
PAY000627,POL000360,CUST000372,AGT00034,07-11-2022,11622,UPI,Success,RCPT723738,FALSE,TRUE,2,FALSE,None
PAY000628,POL000503,CUST001133,AGT00328,10-07-2025,5052,NEFT,Success,RCPT672617,FALSE,TRUE,0,FALSE,None
PAY000629,POL000173,CUST001796,AGT00262,01-01-2023,11044,Card,Success,RCPT912071,FALSE,TRUE,0,FALSE,None
PAY000630,POL000887,CUST001499,AGT00337,18-10-2024,66220,UPI,Success,RCPT298824,FALSE,TRUE,1,FALSE,None
PAY000631,POL000394,CUST000889,AGT00213,14-11-2025,6866,UPI,Success,RCPT738021,FALSE,TRUE,1,FALSE,None
PAY000632,POL000461,CUST002951,AGT00367,13-02-2024,30012,Card,Success,RCPT656945,FALSE,TRUE,0,FALSE,None
PAY000633,POL000685,CUST001565,AGT00366,21-01-2025,18070,Cheque,Success,RCPT924649,FALSE,TRUE,2,FALSE,None
PAY000634,POL000120,CUST001868,AGT00116,10-05-2026,16849,UPI,Success,RCPT969815,FALSE,TRUE,2,FALSE,None
PAY000635,POL000273,CUST002046,AGT00071,06-04-2026,5100,Card,Success,RCPT283694,FALSE,TRUE,0,FALSE,None
PAY000636,POL000358,CUST000991,AGT00264,01-04-2025,8080,Cash,Reversed,RCPT117900,FALSE,TRUE,2,TRUE,Duplicate/Unauthorized Refund Claimed
PAY000637,POL000386,CUST002612,AGT00115,12-07-2026,57556,Card,Success,RCPT111242,FALSE,TRUE,2,FALSE,None
PAY000638,POL000913,CUST001930,AGT00258,20-11-2024,12213,NEFT,Success,RCPT458753,FALSE,TRUE,0,FALSE,None
PAY000639,POL000876,CUST002753,AGT00119,02-04-2026,18456,Cash,Success,RCPT530407,FALSE,TRUE,0,FALSE,None
PAY000640,POL000858,CUST001530,AGT00244,21-06-2023,6099,UPI,Success,RCPT689218,FALSE,TRUE,1,FALSE,None
PAY000641,POL000887,CUST001499,AGT00337,22-10-2024,63173,UPI,Success,RCPT511126,FALSE,TRUE,0,FALSE,None
PAY000642,POL000934,CUST002613,AGT00183,06-02-2022,8713,UPI,Success,RCPT455866,FALSE,TRUE,1,FALSE,None
PAY000643,POL000933,CUST002106,AGT00302,15-04-2022,37848,Card,Success,RCPT225272,FALSE,TRUE,1,FALSE,None
PAY000644,POL000319,CUST001760,AGT00378,16-01-2025,9464,UPI,Success,RCPT770338,FALSE,TRUE,2,FALSE,None
PAY000645,POL000261,CUST000194,AGT00044,26-02-2023,4840,Card,Success,RCPT483352,FALSE,TRUE,0,FALSE,None
PAY000646,POL000281,CUST001963,AGT00145,19-09-2023,9800,Cash,Success,RCPT900038,FALSE,TRUE,2,FALSE,None
PAY000647,POL000329,CUST000490,AGT00220,19-05-2024,7006,NEFT,Success,RCPT787391,FALSE,TRUE,0,FALSE,None
PAY000648,POL000124,CUST001877,AGT00331,27-09-2024,29523,Card,Success,RCPT631709,FALSE,TRUE,0,FALSE,None
PAY000649,POL000476,CUST003103,AGT00250,25-02-2026,15628,UPI,Success,RCPT417873,FALSE,TRUE,2,FALSE,None
PAY000650,POL000278,CUST000470,AGT00208,12-04-2024,15160,Card,Success,RCPT364692,FALSE,TRUE,1,FALSE,None
PAY000651,POL000093,CUST002973,AGT00306,22-06-2026,11965,Cash,Success,RCPT631540,FALSE,TRUE,0,FALSE,None
PAY000652,POL000959,CUST003181,AGT00206,01-09-2024,55548,NEFT,Success,RCPT540840,FALSE,TRUE,1,FALSE,None
PAY000653,POL000547,CUST001196,AGT00333,07-03-2025,37411,UPI,Success,RCPT702673,FALSE,TRUE,2,FALSE,None
PAY000654,POL000823,CUST001935,AGT00232,14-05-2026,18651,Cash,Success,RCPT583843,FALSE,TRUE,2,FALSE,None
PAY000655,POL000128,CUST001068,AGT00176,21-07-2022,11132,NEFT,Success,RCPT474275,FALSE,TRUE,0,FALSE,None
PAY000656,POL000532,CUST002138,AGT00031,23-01-2023,6405,UPI,Success,RCPT483472,FALSE,TRUE,2,FALSE,None
PAY000657,POL000773,CUST002471,AGT00183,24-09-2025,43106,Card,Success,RCPT924481,FALSE,TRUE,0,FALSE,None
PAY000658,POL000167,CUST002858,AGT00123,10-05-2022,4489,UPI,Success,RCPT268602,FALSE,TRUE,0,FALSE,None
PAY000659,POL000831,CUST000031,AGT00124,04-07-2024,7122,Cash,Success,RCPT523438,FALSE,TRUE,0,FALSE,None
PAY000660,POL000236,CUST002379,AGT00202,16-10-2024,10852,Card,Success,RCPT884748,FALSE,TRUE,0,FALSE,None
PAY000661,POL000032,CUST000608,AGT00088,04-06-2025,7968,Cash,Bounced,RCPT879807,FALSE,TRUE,0,TRUE,Bounced Cheque Used for Coverage
PAY000662,POL000231,CUST000416,AGT00017,04-01-2026,22381,Card,Success,RCPT264806,FALSE,TRUE,2,FALSE,None
PAY000663,POL000191,CUST002570,AGT00354,26-04-2025,39100,Card,Success,RCPT810588,FALSE,TRUE,0,FALSE,None
PAY000664,POL000842,CUST002766,AGT00066,12-02-2025,9885,UPI,Success,RCPT842974,FALSE,TRUE,1,FALSE,None
PAY000665,POL000936,CUST002264,AGT00163,02-10-2022,17487,UPI,Success,RCPT813067,FALSE,TRUE,0,FALSE,None
PAY000666,POL000657,CUST000663,AGT00207,29-09-2023,4296,Cheque,Reversed,RCPT853771,FALSE,TRUE,0,TRUE,Duplicate/Unauthorized Refund Claimed
PAY000667,POL000613,CUST003127,AGT00287,19-05-2022,123244,UPI,Success,RCPT275126,FALSE,TRUE,0,FALSE,None
PAY000668,POL000591,CUST002292,AGT00079,26-07-2026,41472,Card,Success,RCPT469262,FALSE,TRUE,2,FALSE,None
PAY000669,POL000508,CUST000435,AGT00257,08-06-2024,117821,UPI,Success,RCPT940000,FALSE,TRUE,1,FALSE,None
PAY000670,POL000457,CUST000023,AGT00001,08-08-2022,127567,Cheque,Success,RCPT166045,FALSE,TRUE,1,FALSE,None
PAY000671,POL000672,CUST002204,AGT00130,17-02-2026,6902,UPI,Success,RCPT958783,FALSE,TRUE,1,FALSE,None
PAY000672,POL000255,CUST001665,AGT00027,09-09-2022,3721,NEFT,Success,RCPT207560,FALSE,TRUE,2,FALSE,None
PAY000673,POL000279,CUST002897,AGT00250,08-02-2022,18299,UPI,Success,RCPT611769,FALSE,TRUE,2,FALSE,None
PAY000674,POL000971,CUST001722,AGT00221,21-10-2022,11203,NEFT,Success,RCPT288719,FALSE,TRUE,0,FALSE,None
PAY000675,POL000700,CUST000512,AGT00195,12-03-2026,22064,Cheque,Success,RCPT158312,FALSE,TRUE,2,FALSE,None
PAY000676,POL000973,CUST002279,AGT00001,13-04-2022,27373,UPI,Success,RCPT666686,FALSE,TRUE,1,FALSE,None
PAY000677,POL000722,CUST001025,AGT00367,26-09-2025,11630,Card,Reversed,RCPT423009,FALSE,TRUE,1,TRUE,Duplicate/Unauthorized Refund Claimed
PAY000678,POL000753,CUST000759,AGT00194,15-06-2026,29075,Cheque,Success,RCPT726463,FALSE,TRUE,2,FALSE,None
PAY000679,POL000056,CUST001806,AGT00156,22-06-2026,7384,UPI,Success,RCPT220201,FALSE,TRUE,2,FALSE,None
PAY000680,POL000649,CUST000310,AGT00182,07-05-2026,10925,UPI,Success,RCPT869617,FALSE,TRUE,1,FALSE,None
PAY000681,POL000106,CUST001976,AGT00034,22-05-2025,9205,Cheque,Success,RCPT843788,FALSE,TRUE,1,FALSE,None
PAY000682,POL000581,CUST001487,AGT00048,23-03-2023,12633,Cash,Success,RCPT295297,TRUE,TRUE,1,TRUE,Fake Payment Receipt Submitted
PAY000683,POL000702,CUST003036,AGT00218,20-05-2026,14908,Cheque,Success,RCPT703100,FALSE,TRUE,1,FALSE,None
PAY000684,POL000192,CUST000199,AGT00118,26-02-2025,9052,Card,Success,RCPT991900,FALSE,TRUE,1,FALSE,None
PAY000685,POL000278,CUST000470,AGT00208,26-04-2024,14795,Cheque,Success,RCPT937783,FALSE,TRUE,2,FALSE,None
PAY000686,POL000544,CUST002353,AGT00168,05-06-2023,111107,Cheque,Success,RCPT243618,FALSE,TRUE,2,FALSE,None
PAY000687,POL000175,CUST002345,AGT00353,16-01-2026,13786,Card,Success,RCPT284125,FALSE,TRUE,0,FALSE,None
PAY000688,POL000770,CUST000288,AGT00327,08-02-2023,5033,NEFT,Success,RCPT140526,FALSE,TRUE,0,FALSE,None
PAY000689,POL000635,CUST001997,AGT00216,18-11-2025,8983,UPI,Success,RCPT311650,TRUE,TRUE,0,TRUE,Fake Payment Receipt Submitted
PAY000690,POL000085,CUST001327,AGT00234,10-03-2025,17927,Cheque,Success,RCPT204374,FALSE,TRUE,2,FALSE,None
PAY000691,POL000988,CUST002311,AGT00149,28-07-2023,27104,NEFT,Reversed,RCPT348030,FALSE,TRUE,0,TRUE,Duplicate/Unauthorized Refund Claimed
PAY000692,POL000948,CUST003070,AGT00212,08-05-2025,43366,UPI,Success,RCPT531369,FALSE,TRUE,0,FALSE,None
PAY000693,POL000728,CUST002629,AGT00026,09-08-2022,28246,Card,Success,RCPT100229,FALSE,TRUE,2,FALSE,None
PAY000694,POL000216,CUST001492,AGT00313,11-01-2025,14333,Card,Success,RCPT544854,FALSE,TRUE,1,FALSE,None
PAY000695,POL000014,CUST000679,AGT00343,24-06-2024,8279,Card,Success,RCPT255797,FALSE,FALSE,188,TRUE,Premium Diversion by Agent
PAY000696,POL000037,CUST003016,AGT00122,16-01-2026,4319,Cheque,Success,RCPT832616,FALSE,TRUE,2,FALSE,None
PAY000697,POL000027,CUST000281,AGT00108,19-08-2025,37966,Card,Success,RCPT281201,FALSE,TRUE,1,FALSE,None
PAY000698,POL000664,CUST000936,AGT00098,13-08-2022,16508,Card,Success,RCPT131879,FALSE,TRUE,0,FALSE,None
PAY000699,POL000576,CUST001678,AGT00340,07-02-2022,33070,Card,Success,RCPT575770,FALSE,TRUE,2,FALSE,None
PAY000700,POL000070,CUST000840,AGT00134,22-09-2025,23462,UPI,Success,RCPT983086,FALSE,TRUE,2,FALSE,None
PAY000701,POL000154,CUST000246,AGT00118,02-04-2022,15995,Card,Bounced,RCPT497933,FALSE,TRUE,1,TRUE,Bounced Cheque Used for Coverage
PAY000702,POL000438,CUST000290,AGT00183,11-03-2022,25621,UPI,Success,RCPT577326,FALSE,TRUE,2,FALSE,None
PAY000703,POL000765,CUST002867,AGT00345,13-08-2023,35067,Card,Reversed,RCPT178771,FALSE,TRUE,0,TRUE,Duplicate/Unauthorized Refund Claimed
PAY000704,POL000271,CUST002336,AGT00066,25-01-2025,11063,NEFT,Success,RCPT891621,FALSE,TRUE,1,FALSE,None
PAY000705,POL000541,CUST003150,AGT00204,30-05-2025,18466,Card,Success,RCPT711147,FALSE,TRUE,2,FALSE,None
PAY000706,POL000996,CUST000308,AGT00262,05-03-2025,18900,NEFT,Success,RCPT582217,FALSE,TRUE,0,FALSE,None
PAY000707,POL000074,CUST002682,AGT00176,28-05-2024,21601,UPI,Reversed,RCPT332850,FALSE,TRUE,0,TRUE,Duplicate/Unauthorized Refund Claimed
PAY000708,POL000796,CUST000032,AGT00066,20-10-2025,51780,UPI,Success,RCPT745671,FALSE,TRUE,2,FALSE,None
PAY000709,POL000571,CUST003011,AGT00369,04-07-2025,36557,UPI,Success,RCPT701796,FALSE,TRUE,0,FALSE,None
PAY000710,POL000755,CUST002971,AGT00207,20-01-2026,20680,Cash,Success,RCPT991930,FALSE,TRUE,1,FALSE,None
PAY000711,POL000841,CUST003150,AGT00024,22-07-2024,6475,NEFT,Success,RCPT232937,FALSE,TRUE,0,FALSE,None
PAY000712,POL000149,CUST002494,AGT00010,16-03-2022,23310,Cash,Success,RCPT591818,FALSE,TRUE,1,FALSE,None
PAY000713,POL000506,CUST002355,AGT00283,10-08-2025,17473,Card,Success,RCPT221389,FALSE,TRUE,1,FALSE,None
PAY000714,POL000010,CUST003034,AGT00238,02-04-2026,19943,Cheque,Success,RCPT857389,FALSE,TRUE,1,FALSE,None
PAY000715,POL000644,CUST000985,AGT00240,26-04-2025,55408,Card,Success,RCPT586719,FALSE,TRUE,2,FALSE,None
PAY000716,POL000502,CUST000992,AGT00124,31-08-2022,9847,UPI,Success,RCPT497756,FALSE,TRUE,0,FALSE,None
PAY000717,POL000062,CUST000942,AGT00097,13-12-2025,6248,NEFT,Success,RCPT288513,FALSE,TRUE,2,FALSE,None
PAY000718,POL000388,CUST001213,AGT00164,07-12-2023,122001,Card,Success,RCPT863961,FALSE,TRUE,2,FALSE,None
PAY000719,POL000895,CUST002692,AGT00340,02-04-2026,37361,NEFT,Success,RCPT833360,FALSE,FALSE,383,TRUE,Premium Diversion by Agent
PAY000720,POL000774,CUST000850,AGT00353,20-12-2023,12111,Card,Success,RCPT792942,FALSE,TRUE,2,FALSE,None
PAY000721,POL000730,CUST002675,AGT00084,01-02-2023,7102,Cheque,Success,RCPT179132,FALSE,TRUE,0,FALSE,None
PAY000722,POL000232,CUST002605,AGT00066,03-11-2023,24232,Cheque,Success,RCPT351894,FALSE,TRUE,2,FALSE,None
PAY000723,POL000848,CUST001924,AGT00368,06-12-2024,21042,UPI,Success,RCPT327993,FALSE,TRUE,2,FALSE,None
PAY000724,POL000584,CUST001601,AGT00302,13-08-2023,23443,Cash,Bounced,RCPT180922,FALSE,TRUE,1,TRUE,Bounced Cheque Used for Coverage
PAY000725,POL000988,CUST002311,AGT00149,24-07-2023,27779,Card,Success,RCPT514018,FALSE,TRUE,1,FALSE,None
PAY000726,POL000528,CUST000148,AGT00043,19-11-2022,33020,Cash,Reversed,RCPT565570,FALSE,TRUE,2,TRUE,Duplicate/Unauthorized Refund Claimed
PAY000727,POL000550,CUST002439,AGT00162,19-01-2024,50196,Card,Success,RCPT164761,FALSE,TRUE,1,FALSE,None
PAY000728,POL000689,CUST000307,AGT00340,27-04-2022,23553,UPI,Success,RCPT157276,FALSE,TRUE,2,FALSE,None
PAY000729,POL000445,CUST000987,AGT00270,02-12-2024,8969,Card,Success,RCPT337538,FALSE,TRUE,0,FALSE,None
PAY000730,POL000321,CUST001007,AGT00063,14-03-2026,18456,Cheque,Success,RCPT465937,FALSE,TRUE,0,FALSE,None
PAY000731,POL000894,CUST001618,AGT00346,05-06-2024,22986,Cheque,Success,RCPT728677,FALSE,TRUE,1,FALSE,None
PAY000732,POL000083,CUST002802,AGT00186,05-09-2024,69772,Card,Success,RCPT829933,FALSE,TRUE,0,FALSE,None
PAY000733,POL000434,CUST002131,AGT00106,17-08-2022,33882,Cash,Success,RCPT694009,FALSE,TRUE,0,FALSE,None
PAY000734,POL000017,CUST001548,AGT00115,05-07-2024,9998,Card,Success,RCPT136994,FALSE,TRUE,2,FALSE,None
PAY000735,POL000369,CUST000198,AGT00222,04-03-2024,54150,UPI,Success,RCPT976448,FALSE,TRUE,1,FALSE,None
PAY000736,POL000668,CUST000306,AGT00125,29-05-2026,29181,Cash,Success,RCPT218569,FALSE,TRUE,0,FALSE,None
PAY000737,POL000684,CUST000743,AGT00369,19-11-2024,14501,Card,Reversed,RCPT107692,FALSE,TRUE,1,TRUE,Duplicate/Unauthorized Refund Claimed
PAY000738,POL000908,CUST001050,AGT00033,07-02-2025,30996,Card,Success,RCPT551612,FALSE,TRUE,1,FALSE,None
PAY000739,POL000582,CUST000442,AGT00344,21-07-2025,28104,Cheque,Success,RCPT226728,FALSE,TRUE,1,FALSE,None
PAY000740,POL000583,CUST000271,AGT00197,12-04-2024,17897,Card,Success,RCPT827701,FALSE,TRUE,0,FALSE,None
PAY000741,POL000255,CUST001665,AGT00027,26-08-2022,3639,Cheque,Success,RCPT528089,TRUE,TRUE,1,TRUE,Fake Payment Receipt Submitted
PAY000742,POL000456,CUST000924,AGT00262,06-08-2022,106980,Card,Success,RCPT531160,FALSE,TRUE,1,FALSE,None
PAY000743,POL000643,CUST000440,AGT00209,03-12-2025,32664,UPI,Success,RCPT965673,FALSE,TRUE,2,FALSE,None
PAY000744,POL000561,CUST001419,AGT00369,20-02-2026,47015,Cheque,Reversed,RCPT971448,FALSE,TRUE,2,TRUE,Duplicate/Unauthorized Refund Claimed
PAY000745,POL000533,CUST000824,AGT00264,30-12-2022,3993,UPI,Success,RCPT329565,FALSE,TRUE,2,FALSE,None
PAY000746,POL000392,CUST000807,AGT00132,23-03-2023,8309,Card,Success,RCPT262750,FALSE,TRUE,2,FALSE,None
PAY000747,POL000320,CUST001864,AGT00010,01-04-2025,14596,Cheque,Success,RCPT454379,FALSE,TRUE,1,FALSE,None
PAY000748,POL000220,CUST001152,AGT00007,30-03-2022,32414,UPI,Success,RCPT585746,FALSE,TRUE,2,FALSE,None
PAY000749,POL000699,CUST001673,AGT00128,25-05-2024,10744,Card,Success,RCPT195106,FALSE,TRUE,2,FALSE,None
PAY000750,POL000414,CUST002082,AGT00102,22-02-2025,92409,Card,Success,RCPT512498,FALSE,TRUE,0,FALSE,None
PAY000751,POL000032,CUST000608,AGT00088,10-06-2025,7688,UPI,Success,RCPT548224,FALSE,TRUE,2,FALSE,None
PAY000752,POL000715,CUST001739,AGT00037,04-02-2022,31819,UPI,Success,RCPT899225,FALSE,TRUE,2,FALSE,None
PAY000753,POL000788,CUST001741,AGT00196,04-11-2025,15207,NEFT,Success,RCPT257614,FALSE,TRUE,0,FALSE,None
PAY000754,POL000754,CUST000247,AGT00309,08-02-2025,7901,UPI,Success,RCPT186169,FALSE,TRUE,1,FALSE,None
PAY000755,POL000016,CUST001890,AGT00043,04-12-2023,10215,UPI,Success,RCPT533030,FALSE,FALSE,234,TRUE,Premium Diversion by Agent
PAY000756,POL000409,CUST002724,AGT00321,26-07-2026,9130,Cash,Success,RCPT902069,FALSE,TRUE,0,FALSE,None
PAY000757,POL000828,CUST002882,AGT00143,22-09-2025,12762,Card,Success,RCPT709619,FALSE,TRUE,0,FALSE,None
PAY000758,POL000173,CUST001796,AGT00262,01-01-2023,10125,Cheque,Reversed,RCPT980490,FALSE,TRUE,1,TRUE,Duplicate/Unauthorized Refund Claimed
PAY000759,POL000649,CUST000310,AGT00182,20-05-2026,10748,Cash,Success,RCPT699062,FALSE,TRUE,2,FALSE,None
PAY000760,POL000179,CUST002165,AGT00263,06-08-2022,17118,Card,Success,RCPT492623,FALSE,TRUE,0,FALSE,None
PAY000761,POL000871,CUST001054,AGT00263,14-04-2022,55463,UPI,Success,RCPT848045,FALSE,TRUE,0,FALSE,None
PAY000762,POL000573,CUST001226,AGT00205,05-02-2023,10577,Card,Success,RCPT609270,FALSE,TRUE,0,FALSE,None
PAY000763,POL000497,CUST001037,AGT00122,07-06-2023,2270,UPI,Success,RCPT995854,FALSE,TRUE,1,FALSE,None
PAY000764,POL000936,CUST002264,AGT00163,02-10-2022,17267,Card,Success,RCPT410323,FALSE,TRUE,1,FALSE,None
PAY000765,POL000104,CUST000204,AGT00369,12-01-2026,36590,Card,Success,RCPT745458,FALSE,TRUE,1,FALSE,None
PAY000766,POL000317,CUST001785,AGT00222,24-04-2026,30514,Cheque,Bounced,RCPT502472,FALSE,TRUE,1,TRUE,Bounced Cheque Used for Coverage
PAY000767,POL000707,CUST003115,AGT00122,23-09-2023,52337,Card,Success,RCPT154947,FALSE,TRUE,1,FALSE,None
PAY000768,POL000768,CUST001318,AGT00016,02-08-2022,40816,Cheque,Success,RCPT749622,FALSE,TRUE,2,FALSE,None
PAY000769,POL000976,CUST001321,AGT00199,06-07-2022,121667,UPI,Success,RCPT309033,FALSE,TRUE,2,FALSE,None
PAY000770,POL000588,CUST003082,AGT00087,28-10-2025,9865,Cash,Success,RCPT711426,FALSE,TRUE,1,FALSE,None
PAY000771,POL000783,CUST003138,AGT00340,01-09-2025,9270,Cash,Success,RCPT901108,FALSE,TRUE,1,FALSE,None
PAY000772,POL000181,CUST003005,AGT00239,22-04-2024,9810,UPI,Success,RCPT503997,FALSE,TRUE,1,FALSE,None
PAY000773,POL000132,CUST001668,AGT00129,20-08-2024,19624,Card,Success,RCPT446336,FALSE,TRUE,0,FALSE,None
PAY000774,POL000663,CUST001202,AGT00167,09-04-2024,26953,Card,Success,RCPT345573,FALSE,TRUE,0,FALSE,None
PAY000775,POL000155,CUST002904,AGT00187,24-11-2023,18745,Cheque,Success,RCPT462756,FALSE,TRUE,1,FALSE,None
PAY000776,POL000359,CUST002692,AGT00268,12-05-2023,79966,Card,Success,RCPT164758,FALSE,TRUE,1,FALSE,None
PAY000777,POL000235,CUST002647,AGT00144,31-03-2026,17160,UPI,Success,RCPT781038,FALSE,TRUE,0,FALSE,None
PAY000778,POL000760,CUST000207,AGT00313,14-01-2024,7087,UPI,Success,RCPT563544,FALSE,TRUE,0,FALSE,None
PAY000779,POL000165,CUST002127,AGT00197,06-07-2024,44975,UPI,Success,RCPT149962,FALSE,TRUE,0,FALSE,None
PAY000780,POL000717,CUST000245,AGT00172,14-02-2023,5329,Cash,Success,RCPT308563,FALSE,TRUE,0,FALSE,None
PAY000781,POL000427,CUST000053,AGT00199,03-08-2023,48650,UPI,Success,RCPT407672,FALSE,TRUE,0,FALSE,None
PAY000782,POL000677,CUST000614,AGT00008,08-01-2025,17912,Cheque,Bounced,RCPT239340,FALSE,TRUE,1,TRUE,Bounced Cheque Used for Coverage
PAY000783,POL000488,CUST001360,AGT00338,30-06-2023,59154,Cheque,Success,RCPT206212,FALSE,TRUE,1,FALSE,None
PAY000784,POL000213,CUST000371,AGT00295,25-06-2023,17451,Cheque,Success,RCPT256673,FALSE,TRUE,0,FALSE,None
PAY000785,POL000925,CUST000082,AGT00350,01-04-2022,38052,UPI,Success,RCPT301047,FALSE,TRUE,1,FALSE,None
PAY000786,POL000766,CUST002350,AGT00074,01-11-2025,16617,UPI,Success,RCPT672427,FALSE,FALSE,375,TRUE,Premium Diversion by Agent
PAY000787,POL000157,CUST002796,AGT00007,16-09-2024,52514,UPI,Success,RCPT768587,FALSE,TRUE,0,FALSE,None
PAY000788,POL000689,CUST000307,AGT00340,21-04-2022,22330,UPI,Success,RCPT405845,FALSE,TRUE,0,FALSE,None
PAY000789,POL000075,CUST001651,AGT00260,03-03-2022,20959,Cheque,Success,RCPT326125,FALSE,TRUE,1,FALSE,None
PAY000790,POL000435,CUST000738,AGT00234,02-11-2025,23182,Card,Reversed,RCPT195238,FALSE,TRUE,1,TRUE,Duplicate/Unauthorized Refund Claimed
PAY000791,POL000178,CUST002408,AGT00017,29-11-2022,6993,UPI,Success,RCPT171925,FALSE,TRUE,1,FALSE,None
PAY000792,POL000796,CUST000032,AGT00066,28-09-2025,51818,UPI,Success,RCPT424569,FALSE,TRUE,1,FALSE,None
PAY000793,POL000842,CUST002766,AGT00066,10-02-2025,10341,UPI,Success,RCPT587327,FALSE,TRUE,2,FALSE,None
PAY000794,POL000645,CUST001373,AGT00370,11-10-2024,20301,Cheque,Success,RCPT996156,FALSE,TRUE,0,FALSE,None
PAY000795,POL000637,CUST001110,AGT00081,16-11-2024,12915,UPI,Success,RCPT669517,FALSE,TRUE,0,FALSE,None
PAY000796,POL000312,CUST000627,AGT00336,16-01-2026,11246,Card,Success,RCPT971910,FALSE,TRUE,1,FALSE,None
PAY000797,POL000832,CUST000704,AGT00214,09-03-2023,13191,UPI,Success,RCPT321000,FALSE,TRUE,1,FALSE,None
PAY000798,POL000127,CUST002669,AGT00322,07-03-2026,12214,Card,Success,RCPT911700,FALSE,TRUE,2,FALSE,None
PAY000799,POL000377,CUST001244,AGT00108,03-08-2026,145013,NEFT,Success,RCPT570992,FALSE,TRUE,0,FALSE,None
PAY000800,POL000345,CUST002746,AGT00194,01-05-2026,6629,Cheque,Success,RCPT162448,FALSE,TRUE,0,FALSE,None
PAY000801,POL000225,CUST002901,AGT00098,23-11-2025,41557,UPI,Success,RCPT297940,FALSE,TRUE,1,FALSE,None
PAY000802,POL000017,CUST001548,AGT00115,21-06-2024,9972,Card,Reversed,RCPT407436,FALSE,TRUE,1,TRUE,Duplicate/Unauthorized Refund Claimed
PAY000803,POL000497,CUST001037,AGT00122,08-06-2023,2238,Cheque,Success,RCPT630588,FALSE,TRUE,2,FALSE,None
PAY000804,POL000993,CUST000085,AGT00269,23-07-2024,81721,Cash,Success,RCPT314266,FALSE,TRUE,0,FALSE,None
PAY000805,POL000473,CUST000912,AGT00209,29-04-2026,12475,UPI,Success,RCPT664222,FALSE,TRUE,2,FALSE,None
PAY000806,POL000865,CUST001099,AGT00338,05-06-2026,3389,Cheque,Success,RCPT256892,FALSE,TRUE,0,FALSE,None
PAY000807,POL000311,CUST001797,AGT00107,30-03-2023,10169,Cheque,Success,RCPT428017,FALSE,TRUE,1,FALSE,None
PAY000808,POL000758,CUST002423,AGT00228,11-01-2024,9927,NEFT,Reversed,RCPT850802,FALSE,TRUE,2,TRUE,Duplicate/Unauthorized Refund Claimed
PAY000809,POL000137,CUST000948,AGT00046,21-08-2024,122674,UPI,Success,RCPT626155,FALSE,TRUE,1,FALSE,None
PAY000810,POL000475,CUST003191,AGT00258,07-06-2023,4903,Cheque,Reversed,RCPT194117,FALSE,TRUE,0,TRUE,Duplicate/Unauthorized Refund Claimed
PAY000811,POL000217,CUST002103,AGT00191,14-03-2024,31736,Card,Success,RCPT559246,FALSE,TRUE,0,FALSE,None
PAY000812,POL000196,CUST001807,AGT00311,21-10-2022,9120,Card,Success,RCPT235714,FALSE,TRUE,2,FALSE,None
PAY000813,POL000201,CUST000031,AGT00175,11-09-2024,19493,UPI,Success,RCPT202190,FALSE,TRUE,1,FALSE,None
PAY000814,POL000366,CUST002639,AGT00324,26-11-2023,29345,UPI,Success,RCPT632640,FALSE,TRUE,0,FALSE,None
PAY000815,POL000719,CUST002808,AGT00081,18-03-2022,17923,UPI,Success,RCPT757396,FALSE,TRUE,0,FALSE,None
PAY000816,POL000528,CUST000148,AGT00043,21-11-2022,33548,Cheque,Success,RCPT819452,FALSE,TRUE,2,FALSE,None
PAY000817,POL000400,CUST002913,AGT00309,18-09-2025,29702,UPI,Success,RCPT639010,FALSE,TRUE,2,FALSE,None
PAY000818,POL000525,CUST001030,AGT00060,25-06-2024,30800,Cash,Success,RCPT934756,FALSE,TRUE,1,FALSE,None
PAY000819,POL000590,CUST001258,AGT00103,29-03-2026,33802,Cash,Success,RCPT247258,FALSE,TRUE,2,FALSE,None
PAY000820,POL000214,CUST001124,AGT00319,14-04-2026,43549,UPI,Success,RCPT945517,FALSE,TRUE,0,FALSE,None
PAY000821,POL000341,CUST001170,AGT00250,20-02-2023,20164,Cash,Success,RCPT470147,FALSE,TRUE,1,FALSE,None
PAY000822,POL000329,CUST000490,AGT00220,11-06-2024,7135,Card,Success,RCPT873608,FALSE,TRUE,1,FALSE,None
PAY000823,POL000959,CUST003181,AGT00206,03-09-2024,54313,UPI,Success,RCPT191487,FALSE,TRUE,1,FALSE,None
PAY000824,POL000119,CUST001535,AGT00176,13-06-2022,23771,Card,Success,RCPT289969,FALSE,TRUE,0,FALSE,None
PAY000825,POL000425,CUST000498,AGT00357,16-02-2022,8199,Cash,Success,RCPT888713,FALSE,TRUE,2,FALSE,None
PAY000826,POL000693,CUST001618,AGT00159,24-11-2025,45053,UPI,Success,RCPT196231,FALSE,TRUE,1,FALSE,None
PAY000827,POL000836,CUST001058,AGT00237,08-11-2025,54258,NEFT,Success,RCPT359965,FALSE,TRUE,0,FALSE,None
PAY000828,POL000842,CUST002766,AGT00066,13-02-2025,10959,UPI,Success,RCPT536044,FALSE,TRUE,2,FALSE,None
PAY000829,POL000867,CUST001715,AGT00234,24-11-2023,45719,Card,Success,RCPT538003,FALSE,TRUE,1,FALSE,None
PAY000830,POL000373,CUST002771,AGT00253,09-01-2023,53765,Cheque,Success,RCPT996408,FALSE,TRUE,2,FALSE,None
PAY000831,POL000649,CUST000310,AGT00182,02-05-2026,10835,Cash,Success,RCPT158054,FALSE,TRUE,2,FALSE,None
PAY000832,POL000179,CUST002165,AGT00263,25-08-2022,15930,UPI,Success,RCPT508010,FALSE,TRUE,2,FALSE,None
PAY000833,POL000432,CUST001301,AGT00211,04-08-2023,22138,Cheque,Success,RCPT457828,FALSE,TRUE,0,FALSE,None
PAY000834,POL000720,CUST002887,AGT00173,30-01-2025,13146,UPI,Success,RCPT737340,FALSE,TRUE,1,FALSE,None
PAY000835,POL000945,CUST000095,AGT00367,23-05-2026,53537,Card,Success,RCPT284391,FALSE,TRUE,1,FALSE,None
PAY000836,POL000402,CUST002400,AGT00093,04-07-2025,17159,Card,Success,RCPT247098,FALSE,TRUE,1,FALSE,None
PAY000837,POL000394,CUST000889,AGT00213,19-11-2025,6933,UPI,Success,RCPT983065,FALSE,TRUE,0,FALSE,None
PAY000838,POL000981,CUST002884,AGT00073,01-10-2023,10924,UPI,Success,RCPT725473,FALSE,TRUE,2,FALSE,None
PAY000839,POL000883,CUST002139,AGT00158,05-03-2025,9053,UPI,Success,RCPT478649,FALSE,TRUE,0,FALSE,None
PAY000840,POL000566,CUST002724,AGT00257,05-05-2024,17631,NEFT,Reversed,RCPT446262,FALSE,TRUE,1,TRUE,Duplicate/Unauthorized Refund Claimed
PAY000841,POL000079,CUST000916,AGT00337,08-05-2026,101267,NEFT,Success,RCPT496548,FALSE,TRUE,2,FALSE,None
PAY000842,POL000783,CUST003138,AGT00340,15-09-2025,10034,NEFT,Bounced,RCPT789231,FALSE,TRUE,0,TRUE,Bounced Cheque Used for Coverage
PAY000843,POL000907,CUST000241,AGT00048,29-05-2022,16096,UPI,Success,RCPT561929,FALSE,TRUE,0,FALSE,None
PAY000844,POL000424,CUST002575,AGT00353,15-06-2023,11277,UPI,Success,RCPT259242,FALSE,TRUE,0,FALSE,None
PAY000845,POL000118,CUST001232,AGT00026,21-12-2022,19847,UPI,Success,RCPT734258,FALSE,TRUE,0,FALSE,None
PAY000846,POL000368,CUST002145,AGT00278,09-01-2024,30640,Cash,Success,RCPT612719,FALSE,TRUE,2,FALSE,None
PAY000847,POL000106,CUST001976,AGT00034,08-05-2025,8825,Cheque,Success,RCPT163455,FALSE,TRUE,0,FALSE,None
PAY000848,POL000105,CUST000985,AGT00077,06-02-2024,22593,Cash,Success,RCPT589355,TRUE,TRUE,2,TRUE,Fake Payment Receipt Submitted
PAY000849,POL000303,CUST000184,AGT00209,20-12-2025,9180,Cash,Success,RCPT724769,FALSE,TRUE,0,FALSE,None
PAY000850,POL000630,CUST001048,AGT00192,12-05-2025,51349,Card,Success,RCPT609098,FALSE,TRUE,1,FALSE,None
PAY000851,POL000894,CUST001618,AGT00346,09-06-2024,24709,Cash,Success,RCPT317493,FALSE,TRUE,0,FALSE,None
PAY000852,POL000741,CUST001179,AGT00144,17-12-2023,11175,NEFT,Success,RCPT400953,FALSE,TRUE,0,FALSE,None
PAY000853,POL000148,CUST002189,AGT00139,21-09-2024,2924,UPI,Success,RCPT195264,FALSE,TRUE,1,FALSE,None
PAY000854,POL000866,CUST000212,AGT00151,16-01-2026,28681,Cash,Success,RCPT829623,FALSE,TRUE,2,FALSE,None
PAY000855,POL000150,CUST000189,AGT00344,09-07-2024,15237,Cheque,Success,RCPT966500,FALSE,TRUE,0,FALSE,None
PAY000856,POL000816,CUST001130,AGT00358,10-01-2024,11429,UPI,Success,RCPT664116,FALSE,TRUE,0,FALSE,None
PAY000857,POL000256,CUST000955,AGT00338,26-01-2025,27977,UPI,Success,RCPT453325,FALSE,TRUE,1,FALSE,None
PAY000858,POL000082,CUST002183,AGT00364,25-07-2026,24416,NEFT,Success,RCPT145329,FALSE,TRUE,2,FALSE,None
PAY000859,POL000016,CUST001890,AGT00043,03-12-2023,9513,NEFT,Success,RCPT294278,FALSE,TRUE,1,FALSE,None
PAY000860,POL000901,CUST000038,AGT00106,10-01-2024,140308,NEFT,Success,RCPT255780,FALSE,TRUE,0,FALSE,None
PAY000861,POL000193,CUST001788,AGT00151,19-10-2024,18668,Card,Success,RCPT575399,FALSE,TRUE,2,FALSE,None
PAY000862,POL000723,CUST000217,AGT00299,19-04-2023,44247,Cheque,Success,RCPT902388,FALSE,TRUE,0,FALSE,None
PAY000863,POL000074,CUST002682,AGT00176,08-05-2024,21077,UPI,Success,RCPT598488,FALSE,TRUE,1,FALSE,None
PAY000864,POL000277,CUST000330,AGT00373,29-01-2023,11017,Cheque,Bounced,RCPT839332,FALSE,TRUE,0,TRUE,Bounced Cheque Used for Coverage
PAY000865,POL000061,CUST002546,AGT00254,11-12-2022,4561,UPI,Success,RCPT950188,FALSE,TRUE,1,FALSE,None
PAY000866,POL000973,CUST002279,AGT00001,06-04-2022,26194,Card,Success,RCPT203250,TRUE,TRUE,1,TRUE,Fake Payment Receipt Submitted
PAY000867,POL000951,CUST002804,AGT00331,01-04-2023,35573,UPI,Success,RCPT967036,FALSE,TRUE,2,FALSE,None
PAY000868,POL000536,CUST000838,AGT00061,29-07-2024,80061,Cheque,Success,RCPT712033,FALSE,TRUE,1,FALSE,None
PAY000869,POL000535,CUST001111,AGT00012,25-03-2024,88015,Card,Success,RCPT310340,FALSE,TRUE,2,FALSE,None
PAY000870,POL000343,CUST000619,AGT00340,28-11-2022,11399,Card,Success,RCPT687097,FALSE,TRUE,2,FALSE,None
PAY000871,POL000395,CUST002924,AGT00033,04-08-2026,22239,NEFT,Success,RCPT712252,FALSE,TRUE,2,FALSE,None
PAY000872,POL000943,CUST001845,AGT00157,09-01-2023,16534,Cheque,Success,RCPT628377,FALSE,TRUE,2,FALSE,None
PAY000873,POL000258,CUST002602,AGT00285,16-06-2023,8532,NEFT,Success,RCPT917220,FALSE,TRUE,2,FALSE,None
PAY000874,POL000198,CUST002718,AGT00302,02-08-2025,13242,UPI,Bounced,RCPT717247,FALSE,TRUE,1,TRUE,Bounced Cheque Used for Coverage
PAY000875,POL000053,CUST001574,AGT00300,28-08-2022,50343,UPI,Success,RCPT591877,FALSE,TRUE,1,FALSE,None
PAY000876,POL000651,CUST001812,AGT00273,24-08-2024,17288,UPI,Success,RCPT179535,FALSE,TRUE,2,FALSE,None
PAY000877,POL000271,CUST002336,AGT00066,22-01-2025,11031,UPI,Success,RCPT597025,FALSE,TRUE,1,FALSE,None
PAY000878,POL000201,CUST000031,AGT00175,16-09-2024,18816,Cheque,Success,RCPT350180,FALSE,TRUE,2,FALSE,None
PAY000879,POL000396,CUST002725,AGT00162,16-06-2023,8813,Cheque,Success,RCPT698766,FALSE,TRUE,1,FALSE,None
PAY000880,POL000378,CUST001422,AGT00251,20-01-2024,5570,UPI,Success,RCPT509056,FALSE,TRUE,2,FALSE,None
PAY000881,POL000891,CUST001480,AGT00004,22-07-2026,19074,UPI,Success,RCPT758610,FALSE,TRUE,0,FALSE,None
PAY000882,POL000676,CUST000403,AGT00044,06-12-2024,8472,Cheque,Success,RCPT882591,FALSE,TRUE,0,FALSE,None
PAY000883,POL000604,CUST001882,AGT00260,11-11-2023,30309,UPI,Success,RCPT680002,FALSE,TRUE,2,FALSE,None
PAY000884,POL000535,CUST001111,AGT00012,14-03-2024,84361,Card,Success,RCPT298866,FALSE,TRUE,1,FALSE,None
PAY000885,POL000923,CUST002828,AGT00001,12-01-2026,52500,Cheque,Success,RCPT338478,FALSE,FALSE,314,TRUE,Premium Diversion by Agent
PAY000886,POL000088,CUST001213,AGT00138,30-01-2023,26799,Card,Reversed,RCPT873858,FALSE,TRUE,1,TRUE,Duplicate/Unauthorized Refund Claimed
PAY000887,POL000398,CUST002383,AGT00347,09-02-2024,50610,Cheque,Success,RCPT971790,FALSE,TRUE,2,FALSE,None
PAY000888,POL000182,CUST002487,AGT00358,25-03-2022,9424,Cash,Success,RCPT878816,FALSE,TRUE,2,FALSE,None
PAY000889,POL000867,CUST001715,AGT00234,06-12-2023,43002,Card,Success,RCPT966469,FALSE,TRUE,1,FALSE,None
PAY000890,POL000283,CUST003025,AGT00024,13-02-2026,29496,Card,Success,RCPT155509,FALSE,TRUE,1,FALSE,None
PAY000891,POL000533,CUST000824,AGT00264,01-01-2023,3799,Cash,Success,RCPT897200,FALSE,TRUE,2,FALSE,None
PAY000892,POL000561,CUST001419,AGT00369,22-02-2026,48858,Card,Success,RCPT486895,FALSE,TRUE,0,FALSE,None
PAY000893,POL000190,CUST001362,AGT00085,02-12-2023,2906,Cheque,Success,RCPT688972,FALSE,TRUE,0,FALSE,None
PAY000894,POL000205,CUST002225,AGT00220,28-02-2025,53256,Cash,Success,RCPT481822,FALSE,TRUE,0,FALSE,None
PAY000895,POL000968,CUST001947,AGT00280,10-08-2025,15065,Cash,Success,RCPT118167,FALSE,TRUE,0,FALSE,None
PAY000896,POL000044,CUST000532,AGT00326,04-09-2023,10020,Cash,Success,RCPT805605,FALSE,TRUE,0,FALSE,None
PAY000897,POL000300,CUST002298,AGT00370,27-08-2023,3328,Cheque,Success,RCPT356051,FALSE,TRUE,1,FALSE,None
PAY000898,POL000640,CUST001605,AGT00008,03-05-2022,7041,UPI,Success,RCPT317524,FALSE,TRUE,0,FALSE,None
PAY000899,POL000994,CUST001546,AGT00257,29-08-2022,27091,Card,Success,RCPT410649,FALSE,TRUE,1,FALSE,None
PAY000900,POL000701,CUST002259,AGT00088,17-07-2024,15288,Cash,Success,RCPT891549,TRUE,TRUE,0,TRUE,Fake Payment Receipt Submitted
PAY000901,POL000682,CUST000177,AGT00326,15-06-2022,10213,Cash,Success,RCPT927138,FALSE,TRUE,1,FALSE,None
PAY000902,POL000279,CUST002897,AGT00250,03-02-2022,18386,Cheque,Success,RCPT886158,FALSE,TRUE,0,FALSE,None
PAY000903,POL000713,CUST001702,AGT00308,01-10-2022,24135,UPI,Success,RCPT503549,FALSE,TRUE,0,FALSE,None
PAY000904,POL000385,CUST002011,AGT00369,28-01-2022,10494,Card,Bounced,RCPT853198,FALSE,TRUE,1,TRUE,Bounced Cheque Used for Coverage
PAY000905,POL000637,CUST001110,AGT00081,10-11-2024,12949,Cheque,Success,RCPT901354,FALSE,TRUE,1,FALSE,None
PAY000906,POL000804,CUST002026,AGT00326,07-06-2025,10599,Card,Success,RCPT446197,FALSE,TRUE,2,FALSE,None
PAY000907,POL000311,CUST001797,AGT00107,13-04-2023,9859,Card,Success,RCPT682149,FALSE,TRUE,0,FALSE,None
PAY000908,POL000878,CUST001841,AGT00111,15-08-2025,5255,Cash,Success,RCPT302728,FALSE,TRUE,0,FALSE,None
PAY000909,POL000528,CUST000148,AGT00043,21-11-2022,33663,UPI,Success,RCPT626765,TRUE,TRUE,1,TRUE,Fake Payment Receipt Submitted
PAY000910,POL000857,CUST001179,AGT00276,20-02-2026,33302,Card,Success,RCPT973310,FALSE,TRUE,1,FALSE,None
PAY000911,POL000274,CUST001702,AGT00370,20-04-2022,11411,Cash,Reversed,RCPT368281,FALSE,TRUE,0,TRUE,Duplicate/Unauthorized Refund Claimed
PAY000912,POL000482,CUST000387,AGT00277,19-12-2023,4305,UPI,Success,RCPT397788,FALSE,TRUE,0,FALSE,None
PAY000913,POL000806,CUST000988,AGT00088,07-03-2025,3883,UPI,Success,RCPT198346,FALSE,TRUE,1,FALSE,None
PAY000914,POL000451,CUST003108,AGT00059,30-07-2023,18773,UPI,Success,RCPT228823,FALSE,FALSE,231,TRUE,Premium Diversion by Agent
PAY000915,POL000532,CUST002138,AGT00031,25-01-2023,6545,Cheque,Success,RCPT531813,FALSE,TRUE,0,FALSE,None
PAY000916,POL000531,CUST002778,AGT00125,19-10-2022,4813,Card,Success,RCPT873489,FALSE,TRUE,1,FALSE,None
PAY000917,POL000525,CUST001030,AGT00060,03-07-2024,30880,Card,Success,RCPT239667,FALSE,TRUE,1,FALSE,None
PAY000918,POL000017,CUST001548,AGT00115,29-06-2024,10543,UPI,Success,RCPT256974,FALSE,TRUE,0,FALSE,None
PAY000919,POL000718,CUST001745,AGT00298,08-02-2022,12332,Card,Success,RCPT146261,FALSE,TRUE,2,FALSE,None
PAY000920,POL000030,CUST000933,AGT00245,13-01-2023,22740,Cash,Success,RCPT995144,FALSE,TRUE,1,FALSE,None
PAY000921,POL000470,CUST001715,AGT00093,05-08-2022,62290,UPI,Success,RCPT712554,FALSE,TRUE,2,FALSE,None
PAY000922,POL000811,CUST000520,AGT00228,16-11-2024,10258,UPI,Success,RCPT467297,FALSE,TRUE,1,FALSE,None
PAY000923,POL000304,CUST001284,AGT00104,23-07-2024,21314,Card,Success,RCPT274181,FALSE,TRUE,2,FALSE,None
PAY000924,POL000555,CUST000172,AGT00250,29-10-2024,30763,UPI,Success,RCPT687327,FALSE,TRUE,1,FALSE,None
PAY000925,POL000093,CUST002973,AGT00306,23-06-2026,12027,UPI,Success,RCPT159737,FALSE,TRUE,2,FALSE,None
PAY000926,POL000882,CUST001715,AGT00125,31-10-2024,47830,Cheque,Success,RCPT807162,FALSE,TRUE,2,FALSE,None
PAY000927,POL000578,CUST000849,AGT00272,20-02-2023,7169,NEFT,Success,RCPT456793,FALSE,TRUE,1,FALSE,None
PAY000928,POL000631,CUST000687,AGT00151,16-07-2023,21409,Card,Reversed,RCPT874393,FALSE,TRUE,2,TRUE,Duplicate/Unauthorized Refund Claimed
PAY000929,POL000821,CUST002161,AGT00193,01-04-2022,7012,UPI,Success,RCPT852822,FALSE,TRUE,0,FALSE,None
PAY000930,POL000584,CUST001601,AGT00302,01-09-2023,24482,UPI,Success,RCPT312269,FALSE,TRUE,0,FALSE,None
PAY000931,POL000846,CUST002046,AGT00065,08-03-2022,23980,Card,Success,RCPT674317,FALSE,TRUE,0,FALSE,None
PAY000932,POL000162,CUST001811,AGT00128,13-03-2025,17354,Card,Success,RCPT396798,FALSE,TRUE,2,FALSE,None
PAY000933,POL000973,CUST002279,AGT00001,27-03-2022,25766,NEFT,Success,RCPT297911,FALSE,TRUE,1,FALSE,None
PAY000934,POL000842,CUST002766,AGT00066,09-02-2025,9976,Cheque,Success,RCPT544108,FALSE,TRUE,2,FALSE,None
PAY000935,POL000328,CUST001361,AGT00288,27-09-2024,17760,Cheque,Success,RCPT969464,FALSE,TRUE,1,FALSE,None
PAY000936,POL000967,CUST000710,AGT00044,21-06-2025,25512,Card,Success,RCPT611780,FALSE,TRUE,2,FALSE,None
PAY000937,POL000781,CUST002613,AGT00330,11-07-2026,4361,UPI,Success,RCPT558152,FALSE,TRUE,1,FALSE,None
PAY000938,POL000730,CUST002675,AGT00084,16-02-2023,7719,NEFT,Success,RCPT843320,FALSE,TRUE,2,FALSE,None
PAY000939,POL000254,CUST000331,AGT00138,06-07-2025,51827,Cheque,Success,RCPT697276,FALSE,TRUE,2,FALSE,None
PAY000940,POL000440,CUST000339,AGT00375,21-05-2022,20113,UPI,Success,RCPT388618,FALSE,TRUE,0,FALSE,None
PAY000941,POL000571,CUST003011,AGT00369,19-06-2025,35655,Cheque,Success,RCPT532102,FALSE,TRUE,2,FALSE,None
PAY000942,POL000544,CUST002353,AGT00168,27-06-2023,114259,NEFT,Success,RCPT721697,FALSE,TRUE,0,FALSE,None
PAY000943,POL000851,CUST001169,AGT00338,20-06-2026,53195,Card,Success,RCPT862103,FALSE,TRUE,1,FALSE,None
PAY000944,POL000120,CUST001868,AGT00116,03-05-2026,16250,Cash,Success,RCPT221483,FALSE,TRUE,1,FALSE,None
PAY000945,POL000975,CUST002377,AGT00202,07-02-2023,3818,Cash,Bounced,RCPT877092,FALSE,TRUE,0,TRUE,Bounced Cheque Used for Coverage
PAY000946,POL000822,CUST002356,AGT00028,14-04-2025,43496,Cash,Success,RCPT602972,FALSE,TRUE,2,FALSE,None
PAY000947,POL000514,CUST003145,AGT00340,19-08-2024,10049,Cheque,Success,RCPT114426,FALSE,TRUE,1,FALSE,None
PAY000948,POL000630,CUST001048,AGT00192,28-05-2025,51949,UPI,Success,RCPT226689,FALSE,TRUE,2,FALSE,None
PAY000949,POL000549,CUST002070,AGT00322,23-02-2025,17699,Cheque,Success,RCPT654829,FALSE,TRUE,2,FALSE,None
PAY000950,POL000979,CUST002494,AGT00202,14-09-2025,14870,NEFT,Bounced,RCPT437060,FALSE,TRUE,2,TRUE,Bounced Cheque Used for Coverage
PAY000951,POL000097,CUST000864,AGT00191,18-07-2024,15739,UPI,Success,RCPT487619,FALSE,TRUE,1,FALSE,None
PAY000952,POL000871,CUST001054,AGT00263,22-04-2022,56705,UPI,Success,RCPT330729,FALSE,TRUE,1,FALSE,None
PAY000953,POL000370,CUST002195,AGT00171,06-02-2024,23415,Cheque,Success,RCPT963772,FALSE,TRUE,2,FALSE,None
PAY000954,POL000417,CUST002631,AGT00164,30-07-2025,30262,UPI,Success,RCPT343791,FALSE,TRUE,0,FALSE,None
PAY000955,POL000257,CUST003018,AGT00077,21-07-2022,140382,UPI,Success,RCPT612933,FALSE,TRUE,0,FALSE,None
PAY000956,POL000128,CUST001068,AGT00176,03-08-2022,10778,UPI,Success,RCPT191092,FALSE,TRUE,0,FALSE,None
PAY000957,POL000359,CUST002692,AGT00268,04-05-2023,80843,NEFT,Success,RCPT760325,FALSE,TRUE,2,FALSE,None
PAY000958,POL000156,CUST002992,AGT00190,16-01-2022,10870,Cash,Success,RCPT558920,FALSE,TRUE,0,FALSE,None
PAY000959,POL000657,CUST000663,AGT00207,20-09-2023,4346,Cash,Success,RCPT222400,FALSE,TRUE,1,FALSE,None
PAY000960,POL000057,CUST003199,AGT00103,09-08-2026,4242,UPI,Success,RCPT275196,FALSE,TRUE,0,FALSE,None
PAY000961,POL000582,CUST000442,AGT00344,20-07-2025,26209,UPI,Success,RCPT509978,FALSE,TRUE,0,FALSE,None
PAY000962,POL000948,CUST003070,AGT00212,09-05-2025,45309,Card,Success,RCPT429612,FALSE,TRUE,2,FALSE,None
PAY000963,POL000556,CUST000047,AGT00057,30-07-2025,12171,Card,Success,RCPT638501,TRUE,TRUE,1,TRUE,Fake Payment Receipt Submitted
PAY000964,POL000724,CUST002976,AGT00280,26-08-2025,26584,UPI,Success,RCPT264033,FALSE,TRUE,1,FALSE,None
PAY000965,POL000687,CUST002349,AGT00356,27-03-2026,38982,Cheque,Success,RCPT386983,FALSE,TRUE,0,FALSE,None
PAY000966,POL000653,CUST002722,AGT00167,23-03-2025,36094,Cheque,Success,RCPT523158,FALSE,TRUE,2,FALSE,None
PAY000967,POL000076,CUST001733,AGT00379,17-03-2024,13010,Card,Success,RCPT392469,FALSE,TRUE,2,FALSE,None
PAY000968,POL000158,CUST003105,AGT00136,27-11-2022,17243,Cheque,Success,RCPT191583,FALSE,TRUE,0,FALSE,None
PAY000969,POL000085,CUST001327,AGT00234,08-03-2025,18549,Card,Success,RCPT110207,FALSE,TRUE,1,FALSE,None
PAY000970,POL000322,CUST000677,AGT00340,08-01-2025,25863,NEFT,Success,RCPT982403,FALSE,TRUE,1,FALSE,None
PAY000971,POL000309,CUST003141,AGT00344,07-10-2024,22609,UPI,Success,RCPT563368,FALSE,TRUE,1,FALSE,None
PAY000972,POL000530,CUST000258,AGT00324,25-07-2026,12702,NEFT,Success,RCPT727606,FALSE,TRUE,2,FALSE,None
PAY000973,POL000284,CUST002468,AGT00100,03-04-2026,111927,UPI,Success,RCPT304486,FALSE,FALSE,198,TRUE,Premium Diversion by Agent
PAY000974,POL000900,CUST001635,AGT00023,25-06-2022,17141,Card,Success,RCPT508030,FALSE,TRUE,2,FALSE,None
PAY000975,POL000042,CUST002564,AGT00103,27-04-2025,89683,UPI,Success,RCPT379828,FALSE,TRUE,1,FALSE,None
PAY000976,POL000894,CUST001618,AGT00346,22-05-2024,23332,NEFT,Success,RCPT791328,FALSE,FALSE,216,TRUE,Premium Diversion by Agent
PAY000977,POL000885,CUST000444,AGT00005,23-06-2026,16989,NEFT,Bounced,RCPT889805,FALSE,TRUE,1,TRUE,Bounced Cheque Used for Coverage
PAY000978,POL000134,CUST002547,AGT00121,27-08-2024,46693,UPI,Success,RCPT190685,FALSE,TRUE,0,FALSE,None
PAY000979,POL000614,CUST001737,AGT00081,09-03-2022,10044,Cheque,Success,RCPT732321,FALSE,TRUE,1,FALSE,None
PAY000980,POL000649,CUST000310,AGT00182,04-05-2026,11058,Cash,Success,RCPT986119,FALSE,TRUE,0,FALSE,None
PAY000981,POL000404,CUST001797,AGT00335,31-07-2023,29170,Cash,Success,RCPT639466,FALSE,TRUE,2,FALSE,None
PAY000982,POL000493,CUST000965,AGT00212,21-04-2022,6425,NEFT,Success,RCPT388100,FALSE,TRUE,2,FALSE,None
PAY000983,POL000222,CUST000093,AGT00197,31-01-2023,4308,Card,Success,RCPT664980,TRUE,TRUE,2,TRUE,Fake Payment Receipt Submitted
PAY000984,POL000229,CUST003178,AGT00292,05-01-2023,18464,UPI,Success,RCPT668407,FALSE,TRUE,1,FALSE,None
PAY000985,POL000806,CUST000988,AGT00088,21-03-2025,3740,Card,Success,RCPT453779,FALSE,TRUE,0,FALSE,None
PAY000986,POL000452,CUST000373,AGT00338,10-06-2026,6917,UPI,Success,RCPT629279,FALSE,TRUE,2,FALSE,None
PAY000987,POL000998,CUST001922,AGT00251,30-01-2026,3782,Cash,Success,RCPT891634,FALSE,TRUE,2,FALSE,None
PAY000988,POL000306,CUST001691,AGT00188,28-01-2026,6123,Cheque,Success,RCPT751780,FALSE,TRUE,0,FALSE,None
PAY000989,POL000828,CUST002882,AGT00143,06-10-2025,12682,Card,Success,RCPT382460,FALSE,TRUE,1,FALSE,None
PAY000990,POL000909,CUST001672,AGT00070,10-03-2024,65920,UPI,Success,RCPT653983,FALSE,TRUE,2,FALSE,None
PAY000991,POL000119,CUST001535,AGT00176,18-06-2022,23068,Cheque,Reversed,RCPT943564,FALSE,TRUE,1,TRUE,Duplicate/Unauthorized Refund Claimed
PAY000992,POL000611,CUST001594,AGT00111,01-02-2022,10188,UPI,Success,RCPT888042,FALSE,TRUE,1,FALSE,None
PAY000993,POL000862,CUST001942,AGT00299,17-09-2022,23144,Card,Success,RCPT226092,FALSE,TRUE,1,FALSE,None
PAY000994,POL000938,CUST000766,AGT00125,29-01-2022,38292,UPI,Success,RCPT510204,FALSE,TRUE,2,FALSE,None
PAY000995,POL000324,CUST001831,AGT00338,29-03-2024,3297,Cash,Success,RCPT195862,FALSE,TRUE,2,FALSE,None
PAY000996,POL000921,CUST001678,AGT00246,28-11-2025,143148,UPI,Success,RCPT878015,FALSE,TRUE,0,FALSE,None
PAY000997,POL000159,CUST002378,AGT00281,07-02-2025,10040,Cheque,Success,RCPT297228,FALSE,TRUE,0,FALSE,None
PAY000998,POL000239,CUST002059,AGT00085,12-10-2022,35981,UPI,Success,RCPT508551,FALSE,TRUE,1,FALSE,None
PAY000999,POL000396,CUST002725,AGT00162,04-06-2023,9028,Card,Success,RCPT889034,FALSE,TRUE,2,FALSE,None
PAY001000,POL000320,CUST001864,AGT00010,15-03-2025,15728,UPI,Success,RCPT978727,FALSE,TRUE,1,FALSE,None
