policy_id,customer_id,agent_id,policy_type,issue_date,premium_amount,sum_insured,policy_status,channel,state,free_look_period_days,free_look_cancelled,backdated_flag,premium_actually_collected,fraud_flag,fraud_type
POL000001,CUST000680,AGT00223,Health,2024-10-30,5594,279700,Active,Broker,Chhattisgarh,15,False,False,True,False,None
POL000002,CUST000203,AGT00222,Life,2024-10-16,51638,3046642,Cancelled,Agent,Andhra Pradesh,15,False,False,True,False,None
POL000003,CUST001130,AGT00256,Health,2026-02-13,35690,1713120,Active,Agent,Odisha,15,False,False,True,False,None
POL000004,CUST003194,AGT00141,Health,2024-10-14,21524,538100,Active,Online,Odisha,15,False,False,True,False,None
POL000005,CUST000318,AGT00171,Health,2023-09-30,32469,1818264,Matured,Agent,Kerala,15,False,False,True,False,None
POL000006,CUST001206,AGT00126,Travel,2022-09-24,5158,211478,Active,Broker,Sikkim,15,False,False,True,False,None
POL000007,CUST001639,AGT00309,Health,2022-03-29,31206,1747536,Active,Agent,Rajasthan,15,False,False,True,False,None
POL000008,CUST001797,AGT00049,Auto,2023-03-31,21072,337152,Active,Agent,Manipur,15,False,False,True,False,None
POL000009,CUST000406,AGT00369,Travel,2026-07-08,4461,89220,Active,Online,Madhya Pradesh,15,False,False,True,False,None
POL000010,CUST003034,AGT00238,Auto,2026-04-06,21460,343360,Active,Agent,Karnataka,15,False,False,True,False,None
POL000011,CUST002997,AGT00338,Property,2025-03-17,6774,379344,Matured,Bancassurance,Manipur,15,False,True,True,True,Backdated Policy Issuance
POL000012,CUST003142,AGT00160,Auto,2024-01-27,12594,390414,Active,Broker,Goa,15,False,False,True,False,None
POL000013,CUST002543,AGT00127,Life,2023-03-07,104093,5621022,Active,Agent,Mizoram,15,False,False,True,False,None
POL000014,CUST000679,AGT00343,Auto,2024-06-29,9030,252840,Cancelled,Agent,Telangana,15,False,False,True,False,None
POL000015,CUST001271,AGT00036,Travel,2022-08-30,10329,247896,Active,Agent,Odisha,15,False,False,True,False,None
POL000016,CUST001890,AGT00043,Health,2023-12-03,10318,608762,Active,Agent,Himachal Pradesh,15,False,False,True,False,None
POL000017,CUST001548,AGT00115,Auto,2024-06-20,10717,503699,Active,Online,Tripura,15,False,False,True,False,None
POL000018,CUST001644,AGT00367,Auto,2024-01-11,16331,914536,Cancelled,Broker,Bihar,15,False,False,True,False,None
POL000019,CUST001360,AGT00238,Health,2022-03-07,20405,530530,Active,Agent,Haryana,15,False,False,True,False,None
POL000020,CUST001446,AGT00208,Life,2024-08-29,83427,3837642,Active,Agent,Jharkhand,15,False,False,True,False,None
POL000021,CUST000835,AGT00264,Health,2023-01-13,57763,2194994,Active,Agent,Meghalaya,15,False,False,True,False,None
POL000022,CUST002242,AGT00156,Auto,2023-01-23,23615,661220,Active,Agent,Karnataka,15,False,False,True,False,None
POL000023,CUST002356,AGT00290,Health,2024-02-20,13062,248178,Active,Online,Arunachal Pradesh,15,False,False,True,False,None
POL000024,CUST001669,AGT00149,Health,2022-07-28,22424,426056,Lapsed,Online,Odisha,15,False,False,True,False,None
POL000025,CUST001931,AGT00315,Auto,2025-12-09,16612,764152,Active,Agent,Mizoram,15,False,False,True,False,None
POL000026,CUST002554,AGT00105,Auto,2022-01-16,8728,514952,Lapsed,Agent,Mizoram,15,False,False,True,False,None
POL000027,CUST000281,AGT00108,Life,2025-08-13,41743,1961921,Active,Bancassurance,Odisha,15,False,False,True,False,None
POL000028,CUST002723,AGT00196,Travel,2024-09-12,8299,149382,Active,Agent,Mizoram,15,False,False,True,False,None
POL000029,CUST001814,AGT00162,Auto,2025-05-28,17078,751432,Active,Broker,West Bengal,15,False,False,True,False,None
POL000030,CUST000933,AGT00245,Property,2023-01-02,23779,1307845,Matured,Agent,Maharashtra,15,False,False,True,False,None
POL000031,CUST002763,AGT00138,Auto,2024-02-19,17468,541508,Cancelled,Broker,Jharkhand,15,False,False,True,False,None
POL000032,CUST000608,AGT00088,Health,2025-06-06,8236,140012,Cancelled,Online,Karnataka,15,True,False,True,True,Free-Look Period Abuse
POL000033,CUST000483,AGT00179,Health,2026-07-13,8680,234360,Lapsed,Agent,Madhya Pradesh,15,False,True,True,True,Backdated Policy Issuance
POL000034,CUST001247,AGT00209,Auto,2023-03-16,17461,1012738,Lapsed,Broker,Karnataka,15,False,False,True,False,None
POL000035,CUST001773,AGT00053,Health,2023-11-21,53151,2657550,Active,Online,Tripura,15,False,False,False,True,Fake Policy - No Premium Collected
POL000036,CUST002165,AGT00208,Property,2026-04-05,17283,553056,Active,Agent,Goa,15,False,False,True,False,None
POL000037,CUST003016,AGT00122,Travel,2026-01-13,4590,169830,Active,Agent,Chhattisgarh,15,False,False,True,False,None
POL000038,CUST000192,AGT00149,Auto,2024-11-25,20785,1018465,Active,Online,Arunachal Pradesh,15,False,False,False,True,Fake Policy - No Premium Collected
POL000039,CUST002836,AGT00109,Auto,2024-04-26,3817,179399,Active,Online,Uttarakhand,15,False,False,True,False,None
POL000040,CUST002666,AGT00355,Travel,2023-02-26,6622,331100,Active,Online,Telangana,15,False,False,True,False,None
POL000041,CUST002018,AGT00256,Auto,2026-07-02,23946,742326,Active,Online,Telangana,15,False,False,True,False,None
POL000042,CUST002564,AGT00103,Life,2025-04-27,97410,5162730,Active,Online,Gujarat,15,False,False,True,False,None
POL000043,CUST000307,AGT00243,Auto,2025-04-16,5438,261024,Cancelled,Broker,Maharashtra,15,True,False,True,False,None
POL000044,CUST000532,AGT00326,Health,2023-08-31,10693,278018,Active,Online,Mizoram,15,False,False,True,False,None
POL000045,CUST000122,AGT00151,Auto,2025-08-31,9641,183179,Matured,Agent,Himachal Pradesh,15,False,False,True,True,Fronting / Straw Policyholder
POL000046,CUST002697,AGT00317,Property,2022-01-20,15767,851418,Active,Bancassurance,Odisha,15,False,False,True,False,None
POL000047,CUST000592,AGT00059,Property,2023-11-07,21911,898351,Active,Agent,Punjab,15,False,False,True,False,None
POL000048,CUST002918,AGT00313,Auto,2023-01-17,24864,1342656,Cancelled,Agent,Karnataka,15,False,False,True,False,None
POL000049,CUST001476,AGT00202,Property,2023-09-01,38794,1047438,Active,Online,Bihar,15,False,False,True,False,None
POL000050,CUST000059,AGT00087,Health,2022-05-23,34004,1360160,Active,Agent,Kerala,15,False,False,True,False,None
POL000051,CUST002349,AGT00152,Auto,2022-03-03,20063,561764,Active,Agent,Jharkhand,15,False,False,False,True,Fake Policy - No Premium Collected
POL000052,CUST002601,AGT00375,Property,2025-06-19,21981,1011126,Active,Agent,Goa,15,False,False,True,False,None
POL000053,CUST001574,AGT00300,Health,2022-08-26,50875,1271875,Active,Online,Bihar,15,False,False,True,False,None
POL000054,CUST001141,AGT00216,Auto,2025-02-28,15222,791544,Active,Bancassurance,Jharkhand,15,False,False,True,False,None
POL000055,CUST001811,AGT00043,Auto,2026-06-17,5177,155310,Active,Online,Himachal Pradesh,15,False,False,True,False,None
POL000056,CUST001806,AGT00156,Travel,2026-06-15,7791,280476,Cancelled,Online,Meghalaya,15,False,False,True,False,None
POL000057,CUST003199,AGT00103,Property,2026-07-27,4688,140640,Active,Agent,Manipur,15,False,False,True,False,None
POL000058,CUST000399,AGT00025,Property,2025-02-20,29365,792855,Active,Agent,Haryana,15,False,False,True,False,None
POL000059,CUST002563,AGT00202,Auto,2026-01-03,16105,418730,Active,Agent,Goa,15,False,False,True,False,None
POL000060,CUST002853,AGT00339,Property,2024-07-15,21739,695648,Active,Agent,Jharkhand,15,False,False,True,False,None
POL000061,CUST002546,AGT00254,Auto,2022-12-08,4646,199778,Cancelled,Agent,Himachal Pradesh,15,False,False,True,False,None
POL000062,CUST000942,AGT00097,Travel,2025-12-13,6437,205984,Active,Agent,Punjab,15,False,False,True,False,None
POL000063,CUST000528,AGT00215,Auto,2026-07-12,12864,205824,Cancelled,Agent,Tripura,15,False,False,True,False,None
POL000064,CUST002446,AGT00361,Health,2023-03-31,57665,922640,Active,Online,Bihar,15,False,False,True,False,None
POL000065,CUST001775,AGT00273,Health,2025-05-06,22528,382976,Cancelled,Broker,Haryana,15,False,False,True,False,None
POL000066,CUST001422,AGT00257,Property,2022-10-09,34709,1492487,Active,Bancassurance,Sikkim,15,False,False,True,False,None
POL000067,CUST001670,AGT00369,Property,2024-06-04,26885,591470,Active,Online,Himachal Pradesh,15,False,False,True,False,None
POL000068,CUST001551,AGT00306,Health,2024-10-21,20218,505450,Lapsed,Agent,Chhattisgarh,15,False,False,True,False,None
POL000069,CUST000436,AGT00052,Health,2023-12-24,48968,1273168,Lapsed,Online,Bihar,15,False,False,True,False,None
POL000070,CUST000840,AGT00134,Property,2025-09-17,24592,1131232,Active,Agent,Gujarat,15,False,False,True,False,None
POL000071,CUST000360,AGT00369,Auto,2025-05-20,11187,201366,Matured,Online,Nagaland,15,False,False,True,False,None
POL000072,CUST001153,AGT00187,Property,2022-03-28,16976,390448,Active,Broker,Uttarakhand,15,False,False,True,False,None
POL000073,CUST000864,AGT00042,Travel,2023-10-27,13394,508972,Active,Online,Mizoram,15,False,False,True,False,None
POL000074,CUST002682,AGT00176,Auto,2024-05-11,23332,699960,Active,Bancassurance,Tripura,15,False,False,True,False,None
POL000075,CUST001651,AGT00260,Auto,2022-03-02,21429,664299,Lapsed,Online,Goa,15,False,False,True,False,None
POL000076,CUST001733,AGT00379,Auto,2024-03-07,14140,509040,Matured,Online,Andhra Pradesh,15,False,False,True,False,None
POL000077,CUST001246,AGT00125,Auto,2022-04-05,21011,441231,Active,Agent,Punjab,15,False,False,True,True,Fronting / Straw Policyholder
POL000078,CUST002262,AGT00194,Health,2024-02-25,47975,1151400,Active,Bancassurance,Arunachal Pradesh,15,False,False,True,False,None
POL000079,CUST000916,AGT00337,Life,2026-04-26,104429,4490447,Active,Agent,Nagaland,15,False,False,True,False,None
POL000080,CUST002640,AGT00136,Health,2025-03-16,31709,1585450,Active,Bancassurance,Nagaland,15,False,False,True,False,None
POL000081,CUST001799,AGT00041,Auto,2025-06-23,12127,460826,Active,Agent,Uttar Pradesh,15,False,False,True,False,None
POL000082,CUST002183,AGT00364,Life,2026-07-26,26088,730464,Active,Agent,Gujarat,15,False,False,True,False,None
POL000083,CUST002802,AGT00186,Life,2024-08-18,73377,2054556,Active,Broker,Andhra Pradesh,15,False,False,True,False,None
POL000084,CUST000386,AGT00191,Travel,2022-10-24,11589,451971,Active,Agent,Meghalaya,15,False,False,True,False,None
POL000085,CUST001327,AGT00234,Auto,2025-02-20,18627,670572,Active,Broker,Uttarakhand,15,False,False,False,True,Fake Policy - No Premium Collected
POL000086,CUST001806,AGT00001,Life,2023-11-25,120833,4470821,Lapsed,Agent,Uttarakhand,15,False,False,True,False,None
POL000087,CUST001586,AGT00355,Travel,2026-01-19,14752,678592,Active,Broker,Andhra Pradesh,15,False,False,True,False,None
POL000088,CUST001213,AGT00138,Health,2023-02-03,28382,1135280,Active,Online,Kerala,15,False,False,True,False,None
POL000089,CUST001550,AGT00150,Health,2024-08-03,50217,2058897,Active,Online,Gujarat,15,False,False,True,False,None
POL000090,CUST000389,AGT00068,Auto,2025-06-08,6311,372349,Active,Agent,Jharkhand,15,False,False,True,False,None
POL000091,CUST002792,AGT00144,Property,2023-06-18,15073,391898,Active,Agent,Odisha,15,False,False,True,False,None
POL000092,CUST000704,AGT00308,Health,2023-02-06,35348,1166484,Lapsed,Broker,Maharashtra,15,False,False,True,False,None
POL000093,CUST002973,AGT00306,Travel,2026-06-04,12201,402633,Matured,Agent,Telangana,15,False,False,True,False,None
POL000094,CUST001739,AGT00358,Property,2022-05-10,19688,945024,Lapsed,Agent,Manipur,15,False,False,True,False,None
POL000095,CUST002821,AGT00151,Health,2022-10-19,27555,1267530,Active,Online,Mizoram,15,False,True,True,True,Backdated Policy Issuance
POL000096,CUST003185,AGT00266,Health,2022-10-03,33071,1422053,Active,Agent,Chhattisgarh,15,False,False,True,False,None
POL000097,CUST000864,AGT00191,Auto,2024-06-30,16060,562100,Active,Agent,Uttarakhand,15,False,False,True,False,None
POL000098,CUST001060,AGT00308,Auto,2025-10-31,6458,316442,Cancelled,Agent,Manipur,15,True,False,True,False,None
POL000099,CUST000079,AGT00268,Life,2024-07-14,123475,6914600,Matured,Agent,Jharkhand,15,False,False,True,False,None
POL000100,CUST001299,AGT00140,Life,2022-02-24,18011,342209,Active,Broker,Bihar,15,False,False,True,False,None
POL000101,CUST001302,AGT00129,Health,2026-05-21,18635,484510,Active,Agent,Tamil Nadu,15,False,False,True,False,None
POL000102,CUST000674,AGT00098,Property,2024-01-09,30295,636195,Lapsed,Bancassurance,Tamil Nadu,15,False,False,True,False,None
POL000103,CUST002360,AGT00216,Auto,2024-11-15,3027,166485,Active,Agent,West Bengal,15,False,False,True,False,None
POL000104,CUST000204,AGT00369,Health,2026-01-04,37699,603184,Lapsed,Agent,Bihar,15,False,False,True,True,Fronting / Straw Policyholder
POL000105,CUST000985,AGT00077,Health,2024-02-04,24083,939237,Cancelled,Online,Manipur,15,False,False,True,False,None
POL000106,CUST001976,AGT00034,Auto,2025-05-05,9423,226152,Active,Agent,Maharashtra,15,False,False,True,False,None
POL000107,CUST000017,AGT00044,Travel,2023-10-04,2830,147160,Matured,Online,Meghalaya,15,False,False,True,False,None
POL000108,CUST000476,AGT00300,Life,2025-06-20,94390,5474620,Matured,Broker,Himachal Pradesh,15,False,False,True,False,None
POL000109,CUST001017,AGT00135,Health,2023-12-25,6187,123740,Matured,Agent,Assam,15,False,False,True,False,None
POL000110,CUST000210,AGT00087,Health,2025-04-28,8133,333453,Active,Broker,West Bengal,15,False,False,False,True,Fake Policy - No Premium Collected
POL000111,CUST000499,AGT00136,Auto,2024-03-12,12260,600740,Active,Agent,Chhattisgarh,15,False,False,True,False,None
POL000112,CUST000429,AGT00244,Health,2024-01-08,39457,946968,Active,Agent,Himachal Pradesh,15,False,False,True,False,None
POL000113,CUST003150,AGT00204,Life,2024-01-28,131355,3021165,Active,Agent,Telangana,15,False,False,True,False,None
POL000114,CUST003152,AGT00283,Travel,2026-05-11,9872,335648,Active,Bancassurance,Sikkim,15,False,False,True,False,None
POL000115,CUST001330,AGT00130,Property,2023-07-21,22062,1125162,Active,Agent,Bihar,15,False,False,True,False,None
POL000116,CUST002106,AGT00172,Auto,2025-07-23,19677,964173,Cancelled,Broker,Kerala,15,True,False,True,False,None
POL000117,CUST001554,AGT00038,Health,2025-12-03,38744,1975944,Active,Online,Uttar Pradesh,15,False,False,True,False,None
POL000118,CUST001232,AGT00026,Auto,2022-12-06,21031,1135674,Active,Agent,Assam,15,False,False,True,False,None
POL000119,CUST001535,AGT00176,Auto,2022-06-02,24282,534204,Active,Agent,Telangana,15,False,False,True,False,None
POL000120,CUST001868,AGT00116,Health,2026-05-08,17801,801045,Lapsed,Broker,Uttar Pradesh,15,False,False,True,False,None
POL000121,CUST003042,AGT00230,Health,2025-11-22,15548,886236,Active,Online,Haryana,15,False,False,True,False,None
POL000122,CUST002570,AGT00011,Auto,2026-01-07,14683,440490,Active,Agent,Telangana,15,False,False,True,False,None
POL000123,CUST002629,AGT00045,Life,2026-07-05,52785,2216970,Matured,Broker,Assam,15,False,False,True,False,None
POL000124,CUST001877,AGT00331,Life,2024-09-30,31358,627160,Active,Agent,Karnataka,15,False,False,True,False,None
POL000125,CUST000899,AGT00211,Auto,2023-03-03,11280,518880,Active,Bancassurance,Goa,15,False,True,True,True,Backdated Policy Issuance
POL000126,CUST001107,AGT00268,Property,2024-09-29,15290,642180,Lapsed,Broker,Mizoram,15,False,False,True,False,None
POL000127,CUST002669,AGT00322,Auto,2026-02-19,13148,328700,Lapsed,Online,Karnataka,15,False,False,True,False,None
POL000128,CUST001068,AGT00176,Health,2022-07-23,11621,650776,Active,Broker,Himachal Pradesh,15,False,True,True,True,Backdated Policy Issuance
POL000129,CUST001507,AGT00291,Property,2025-02-09,14366,531542,Matured,Online,Manipur,15,False,False,True,False,None
POL000130,CUST003014,AGT00197,Health,2022-11-21,54738,2408472,Matured,Online,Rajasthan,15,False,False,True,False,None
POL000131,CUST002958,AGT00087,Travel,2025-07-05,3022,69506,Active,Online,Telangana,15,False,False,True,True,Fronting / Straw Policyholder
POL000132,CUST001668,AGT00129,Auto,2024-08-07,21637,908754,Active,Agent,Mizoram,15,False,False,True,False,None
POL000133,CUST000493,AGT00187,Health,2026-04-01,12354,469452,Cancelled,Online,Sikkim,15,True,False,True,True,Free-Look Period Abuse
POL000134,CUST002547,AGT00121,Health,2024-08-08,51529,2164218,Active,Agent,Tripura,15,False,False,True,False,None
POL000135,CUST003090,AGT00128,Life,2025-10-05,89204,3389752,Active,Agent,Assam,15,False,False,True,False,None
POL000136,CUST000605,AGT00129,Property,2024-07-27,29187,846423,Lapsed,Agent,Tamil Nadu,15,False,False,True,False,None
POL000137,CUST000948,AGT00046,Life,2024-08-14,134800,7144400,Active,Agent,Tamil Nadu,15,False,False,True,False,None
POL000138,CUST000294,AGT00029,Property,2024-06-12,24781,1164707,Lapsed,Agent,Karnataka,15,False,False,True,False,None
POL000139,CUST001172,AGT00013,Auto,2023-03-11,16349,784752,Active,Broker,Arunachal Pradesh,15,False,False,True,False,None
POL000140,CUST002019,AGT00042,Health,2025-12-20,17550,631800,Active,Agent,Maharashtra,15,False,False,True,False,None
POL000141,CUST000172,AGT00132,Life,2025-07-27,103881,4466883,Active,Online,Bihar,15,False,False,True,False,None
POL000142,CUST001587,AGT00223,Health,2023-01-06,36029,1729392,Active,Agent,Tamil Nadu,15,False,False,True,False,None
POL000143,CUST000531,AGT00073,Travel,2024-07-21,12049,674744,Active,Agent,Uttar Pradesh,15,False,False,True,False,None
POL000144,CUST001144,AGT00339,Auto,2022-09-06,7803,187272,Lapsed,Agent,Mizoram,15,False,True,True,True,Backdated Policy Issuance
POL000145,CUST001860,AGT00309,Health,2024-06-09,31340,1849060,Active,Agent,Karnataka,15,False,True,True,True,Backdated Policy Issuance
POL000146,CUST001761,AGT00195,Health,2022-06-30,9290,408760,Active,Online,Gujarat,15,False,False,True,False,None
POL000147,CUST002114,AGT00274,Property,2023-12-04,34743,868575,Lapsed,Online,Uttarakhand,15,False,False,True,False,None
POL000148,CUST002189,AGT00139,Travel,2024-09-25,3074,147552,Active,Agent,Nagaland,15,False,False,True,False,None
POL000149,CUST002494,AGT00010,Auto,2022-03-19,24285,849975,Cancelled,Agent,Sikkim,15,True,False,True,True,Free-Look Period Abuse
POL000150,CUST000189,AGT00344,Auto,2024-07-07,16821,454167,Active,Broker,Uttarakhand,15,False,False,True,False,None
POL000151,CUST000158,AGT00048,Health,2024-06-03,6522,254358,Lapsed,Agent,Rajasthan,15,False,False,True,False,None
POL000152,CUST002718,AGT00363,Health,2022-12-02,38329,1341515,Active,Agent,Arunachal Pradesh,15,False,False,True,False,None
POL000153,CUST001971,AGT00214,Travel,2022-02-19,9489,142335,Active,Online,Rajasthan,15,False,False,True,False,None
POL000154,CUST000246,AGT00118,Health,2022-03-26,17328,329232,Active,Agent,Rajasthan,15,False,False,True,True,Fronting / Straw Policyholder
POL000155,CUST002904,AGT00187,Auto,2023-11-26,19857,714852,Matured,Bancassurance,Andhra Pradesh,15,False,False,True,False,None
POL000156,CUST002992,AGT00190,Health,2022-01-04,11677,245217,Active,Online,Haryana,15,False,False,True,False,None
POL000157,CUST002796,AGT00007,Health,2024-09-19,55357,1494639,Lapsed,Agent,Chhattisgarh,15,False,False,False,True,Fake Policy - No Premium Collected
POL000158,CUST003105,AGT00136,Property,2022-11-13,18772,1107548,Lapsed,Agent,Odisha,15,False,False,True,False,None
POL000159,CUST002378,AGT00281,Auto,2025-02-08,10966,405742,Active,Online,Madhya Pradesh,15,False,False,True,False,None
POL000160,CUST002560,AGT00192,Auto,2025-09-19,21642,757470,Lapsed,Agent,West Bengal,15,False,False,False,True,Fake Policy - No Premium Collected
POL000161,CUST000850,AGT00094,Travel,2024-02-02,14750,295000,Cancelled,Bancassurance,Haryana,15,True,False,True,False,None
POL000162,CUST001811,AGT00128,Auto,2025-03-02,19279,655486,Active,Online,Sikkim,15,False,False,True,False,None
POL000163,CUST001095,AGT00330,Life,2023-09-04,77776,2022176,Active,Agent,Gujarat,15,False,False,True,False,None
POL000164,CUST001337,AGT00197,Health,2024-10-01,18520,1000080,Cancelled,Online,Himachal Pradesh,15,True,False,True,False,None
POL000165,CUST002127,AGT00197,Health,2024-07-02,49711,1143353,Active,Agent,Meghalaya,15,False,False,True,False,None
POL000166,CUST000169,AGT00368,Auto,2024-03-09,17089,717738,Cancelled,Agent,Chhattisgarh,15,False,True,True,True,Backdated Policy Issuance
POL000167,CUST002858,AGT00123,Auto,2022-04-29,4982,124550,Cancelled,Online,Meghalaya,15,True,False,True,True,Free-Look Period Abuse
POL000168,CUST003031,AGT00183,Health,2022-12-16,25143,1156578,Active,Online,Uttarakhand,15,False,False,True,False,None
POL000169,CUST002228,AGT00310,Auto,2024-07-05,16582,414550,Cancelled,Online,Goa,15,False,False,True,False,None
POL000170,CUST001652,AGT00290,Health,2023-11-18,47844,1818072,Active,Agent,Telangana,15,False,False,True,False,None
POL000171,CUST002308,AGT00105,Auto,2023-06-26,9497,275413,Active,Online,Meghalaya,15,False,True,True,True,Backdated Policy Issuance
POL000172,CUST001510,AGT00057,Life,2024-12-14,120491,6627005,Cancelled,Agent,Jharkhand,15,False,False,True,False,None
POL000173,CUST001796,AGT00262,Travel,2022-12-27,11055,541695,Active,Online,Chhattisgarh,15,False,False,True,False,None
POL000174,CUST003077,AGT00101,Auto,2023-12-09,18378,569718,Lapsed,Online,Gujarat,15,False,False,True,False,None
POL000175,CUST002345,AGT00353,Auto,2026-01-16,13864,540696,Active,Online,Rajasthan,15,False,False,True,True,Fronting / Straw Policyholder
POL000176,CUST000620,AGT00049,Property,2026-04-26,9271,454279,Active,Broker,Assam,15,False,False,True,False,None
POL000177,CUST002903,AGT00122,Life,2023-11-16,53039,1750287,Active,Broker,Mizoram,15,False,False,True,False,None
POL000178,CUST002408,AGT00017,Auto,2022-11-26,7279,400345,Active,Bancassurance,West Bengal,15,False,False,True,False,None
POL000179,CUST002165,AGT00263,Health,2022-08-07,17342,780390,Matured,Bancassurance,Telangana,15,False,False,True,False,None
POL000180,CUST000357,AGT00340,Auto,2022-07-27,22186,687766,Matured,Broker,Telangana,15,False,False,True,False,None
POL000181,CUST003005,AGT00239,Auto,2024-04-24,10312,381544,Cancelled,Bancassurance,Gujarat,15,False,False,True,False,None
POL000182,CUST002487,AGT00358,Travel,2022-03-26,10156,152340,Active,Broker,Andhra Pradesh,15,False,False,True,False,None
POL000183,CUST001678,AGT00048,Property,2023-11-16,35748,857952,Matured,Online,Maharashtra,15,False,False,True,False,None
POL000184,CUST001212,AGT00031,Life,2022-09-02,23804,523688,Lapsed,Agent,Assam,15,False,False,True,False,None
POL000185,CUST001305,AGT00321,Auto,2024-05-21,19192,1074752,Active,Agent,Meghalaya,15,False,False,True,False,None
POL000186,CUST001535,AGT00328,Auto,2024-10-19,20450,818000,Lapsed,Broker,Nagaland,15,False,True,True,True,Backdated Policy Issuance
POL000187,CUST001490,AGT00317,Property,2025-09-20,32615,1565520,Active,Agent,Punjab,15,False,False,True,False,None
POL000188,CUST003187,AGT00306,Auto,2025-05-20,3687,121671,Active,Broker,Gujarat,15,False,False,True,False,None
POL000189,CUST001964,AGT00138,Health,2023-08-19,57755,1617140,Cancelled,Agent,Tamil Nadu,15,False,False,True,False,None
POL000190,CUST001362,AGT00085,Auto,2023-11-16,3068,67496,Active,Agent,Goa,15,False,False,True,False,None
POL000191,CUST002570,AGT00354,Health,2025-04-21,41681,625215,Active,Online,Arunachal Pradesh,15,False,False,True,False,None
POL000192,CUST000199,AGT00118,Auto,2025-03-02,9774,381186,Active,Bancassurance,Maharashtra,15,False,False,True,False,None
POL000193,CUST001788,AGT00151,Auto,2024-10-10,19803,752514,Matured,Agent,Tamil Nadu,15,False,False,True,False,None
POL000194,CUST001074,AGT00262,Property,2024-10-10,27750,943500,Active,Broker,Himachal Pradesh,15,False,False,False,True,Fake Policy - No Premium Collected
POL000195,CUST001166,AGT00112,Life,2022-12-16,69836,3072784,Cancelled,Broker,Punjab,15,True,False,True,True,Free-Look Period Abuse
POL000196,CUST001807,AGT00311,Auto,2022-10-09,9891,187929,Active,Agent,Madhya Pradesh,15,False,False,True,True,Fronting / Straw Policyholder
POL000197,CUST001538,AGT00024,Life,2022-10-20,21714,369138,Active,Agent,Rajasthan,15,False,False,True,False,None
POL000198,CUST002718,AGT00302,Auto,2025-07-16,13316,612536,Matured,Agent,Odisha,15,False,False,True,False,None
POL000199,CUST003102,AGT00227,Health,2025-05-05,33163,1028053,Active,Agent,Haryana,15,False,False,True,False,None
POL000200,CUST003154,AGT00215,Life,2026-04-10,49514,2772784,Active,Agent,Rajasthan,15,False,True,True,True,Backdated Policy Issuance
POL000201,CUST000031,AGT00175,Auto,2024-09-10,20592,391248,Active,Agent,Kerala,15,False,False,True,False,None
POL000202,CUST003056,AGT00108,Health,2022-01-20,41343,1033575,Cancelled,Agent,Meghalaya,15,False,False,True,False,None
POL000203,CUST002381,AGT00176,Life,2024-01-29,106115,5517980,Active,Broker,Mizoram,15,False,False,True,False,None
POL000204,CUST000660,AGT00171,Travel,2023-02-09,7602,136836,Lapsed,Online,Sikkim,15,False,False,True,False,None
POL000205,CUST002225,AGT00220,Health,2025-02-12,57038,3023014,Active,Online,Goa,15,False,False,True,False,None
POL000206,CUST002418,AGT00109,Auto,2023-12-02,6549,216117,Active,Agent,Jharkhand,15,False,False,True,False,None
POL000207,CUST000547,AGT00027,Auto,2024-09-06,19998,1059894,Matured,Broker,Uttarakhand,15,False,False,True,False,None
POL000208,CUST002583,AGT00054,Health,2022-01-26,25147,930439,Matured,Broker,Haryana,15,False,False,True,False,None
POL000209,CUST001130,AGT00262,Auto,2023-07-20,6490,201190,Matured,Online,Jharkhand,15,False,False,True,False,None
POL000210,CUST002145,AGT00007,Health,2023-01-30,38823,1048221,Matured,Bancassurance,Sikkim,15,False,False,False,True,Fake Policy - No Premium Collected
POL000211,CUST002278,AGT00328,Life,2024-09-27,132077,5415157,Cancelled,Broker,Meghalaya,15,False,False,True,False,None
POL000212,CUST002275,AGT00259,Auto,2025-11-05,9751,146265,Lapsed,Online,Meghalaya,15,False,False,True,False,None
POL000213,CUST000371,AGT00295,Auto,2023-06-07,17906,286496,Cancelled,Online,Uttar Pradesh,15,False,False,True,False,None
POL000214,CUST001124,AGT00319,Health,2026-04-12,46851,1499232,Active,Agent,Rajasthan,15,False,False,True,False,None
POL000215,CUST001469,AGT00046,Auto,2024-05-11,17425,871250,Active,Agent,Madhya Pradesh,15,False,False,True,False,None
POL000216,CUST001492,AGT00313,Travel,2025-01-11,14373,848007,Active,Agent,Punjab,15,False,False,True,False,None
POL000217,CUST002103,AGT00191,Health,2024-03-12,34023,1599081,Matured,Agent,Kerala,15,False,False,True,False,None
POL000218,CUST002472,AGT00338,Property,2023-07-04,20967,1048350,Active,Agent,Nagaland,15,False,False,True,False,None
POL000219,CUST002363,AGT00338,Property,2026-01-08,25773,412368,Cancelled,Broker,Meghalaya,15,False,True,True,True,Backdated Policy Issuance
POL000220,CUST001152,AGT00007,Property,2022-03-28,35014,630252,Active,Agent,Jharkhand,15,False,False,False,True,Fake Policy - No Premium Collected
POL000221,CUST002080,AGT00145,Auto,2024-04-12,20762,622860,Active,Bancassurance,Bihar,15,False,False,True,False,None
POL000222,CUST000093,AGT00197,Travel,2023-01-22,4676,84168,Cancelled,Online,Haryana,15,True,False,True,True,Free-Look Period Abuse
POL000223,CUST002567,AGT00254,Auto,2024-08-20,17797,409331,Active,Agent,Bihar,15,False,False,True,False,None
POL000224,CUST001282,AGT00110,Auto,2023-10-30,20133,704655,Active,Agent,Tripura,15,False,False,True,False,None
POL000225,CUST002901,AGT00098,Health,2025-11-22,45028,1666036,Active,Agent,Tripura,15,False,False,True,False,None
POL000226,CUST001926,AGT00144,Auto,2022-10-13,3300,52800,Cancelled,Bancassurance,Jharkhand,15,False,False,True,False,None
POL000227,CUST001244,AGT00190,Auto,2023-11-29,7695,130815,Active,Broker,Maharashtra,15,False,False,True,False,None
POL000228,CUST002800,AGT00365,Auto,2024-08-22,15174,561438,Active,Agent,Manipur,15,False,False,True,False,None
POL000229,CUST003178,AGT00292,Auto,2023-01-04,19222,768880,Active,Bancassurance,Karnataka,15,False,False,True,False,None
POL000230,CUST001572,AGT00161,Life,2023-10-17,123428,2591988,Lapsed,Online,Haryana,15,False,False,True,False,None
POL000231,CUST000416,AGT00017,Auto,2025-12-16,23221,1161050,Active,Agent,Sikkim,15,False,False,True,False,None
POL000232,CUST002605,AGT00066,Health,2023-10-16,25181,1460498,Active,Online,Maharashtra,15,False,False,True,False,None
POL000233,CUST002414,AGT00174,Travel,2023-11-28,1999,93953,Active,Online,Bihar,15,False,False,True,True,Fronting / Straw Policyholder
POL000234,CUST001545,AGT00311,Health,2026-01-06,33672,1683600,Cancelled,Agent,Goa,15,True,False,True,False,None
POL000235,CUST002647,AGT00144,Life,2026-03-24,17940,322920,Lapsed,Broker,Manipur,15,False,False,True,False,None
POL000236,CUST002379,AGT00202,Travel,2024-10-20,11624,430088,Cancelled,Agent,Karnataka,15,False,False,True,False,None
POL000237,CUST000689,AGT00340,Auto,2026-05-27,16818,655902,Active,Agent,Sikkim,15,False,False,True,False,None
POL000238,CUST001666,AGT00349,Health,2024-07-03,21047,1157585,Active,Agent,Bihar,15,False,False,True,False,None
POL000239,CUST002059,AGT00085,Property,2022-10-15,39065,1562600,Active,Bancassurance,Kerala,15,False,False,True,False,None
POL000240,CUST002866,AGT00012,Travel,2022-04-05,7090,297780,Active,Broker,Tamil Nadu,15,False,False,True,False,None
POL000241,CUST001531,AGT00118,Life,2023-10-31,31022,1302924,Lapsed,Agent,Madhya Pradesh,15,False,False,True,False,None
POL000242,CUST000419,AGT00260,Auto,2022-02-10,13040,456400,Active,Agent,Tamil Nadu,15,False,False,True,False,None
POL000243,CUST001146,AGT00365,Travel,2022-11-27,12371,296904,Active,Agent,Chhattisgarh,15,False,False,True,False,None
POL000244,CUST000911,AGT00027,Auto,2025-03-24,16110,660510,Active,Broker,Tripura,15,False,False,True,False,None
POL000245,CUST001355,AGT00008,Health,2023-05-19,56565,1640385,Cancelled,Agent,Meghalaya,15,True,False,True,False,None
POL000246,CUST001567,AGT00338,Health,2022-10-02,50913,1578303,Cancelled,Broker,Uttarakhand,15,False,False,True,False,None
POL000247,CUST002396,AGT00285,Health,2026-05-08,19662,1042086,Cancelled,Bancassurance,Uttar Pradesh,15,False,False,True,False,None
POL000248,CUST003006,AGT00377,Property,2022-06-28,32018,1568882,Active,Online,West Bengal,15,False,False,True,False,None
POL000249,CUST000412,AGT00150,Property,2022-05-17,23567,447773,Active,Agent,Meghalaya,15,False,False,True,False,None
POL000250,CUST001248,AGT00155,Life,2024-02-06,25330,759900,Active,Agent,Punjab,15,False,False,True,False,None
POL000251,CUST000153,AGT00068,Auto,2024-09-14,5451,201687,Active,Agent,Maharashtra,15,False,False,True,False,None
POL000252,CUST001236,AGT00043,Health,2025-04-18,36886,1954958,Active,Online,Sikkim,15,False,False,True,False,None
POL000253,CUST000092,AGT00217,Life,2025-04-20,59663,1372249,Active,Online,Haryana,15,False,False,True,False,None
POL000254,CUST000331,AGT00138,Health,2025-07-06,54460,2559620,Active,Online,Andhra Pradesh,15,False,True,True,True,Backdated Policy Issuance
POL000255,CUST001665,AGT00027,Travel,2022-08-31,3921,192129,Cancelled,Agent,Jharkhand,15,False,False,True,False,None
POL000256,CUST000955,AGT00338,Property,2025-01-24,28821,1556334,Active,Broker,Himachal Pradesh,15,False,False,True,False,None
POL000257,CUST003018,AGT00077,Life,2022-07-16,140919,5354922,Active,Agent,Mizoram,15,False,False,True,True,Fronting / Straw Policyholder
POL000258,CUST002602,AGT00285,Auto,2023-06-10,8616,327408,Active,Agent,Gujarat,15,False,False,True,False,None
POL000259,CUST002978,AGT00109,Life,2023-09-24,95646,3634548,Active,Broker,West Bengal,15,False,False,True,False,None
POL000260,CUST001252,AGT00310,Travel,2025-11-11,7754,255882,Active,Agent,Uttar Pradesh,15,False,False,True,False,None
POL000261,CUST000194,AGT00044,Health,2023-02-12,5245,277985,Active,Online,Maharashtra,15,False,False,True,False,None
POL000262,CUST000530,AGT00289,Property,2025-07-16,13980,545220,Active,Broker,Arunachal Pradesh,15,False,False,True,False,None
POL000263,CUST002893,AGT00036,Auto,2025-04-09,16394,737730,Active,Online,Nagaland,15,False,False,True,False,None
POL000264,CUST001267,AGT00170,Health,2026-05-27,43692,2271984,Active,Agent,Tripura,15,False,False,True,False,None
POL000265,CUST001474,AGT00278,Life,2023-11-22,19320,753480,Cancelled,Agent,Karnataka,15,True,False,True,True,Free-Look Period Abuse
POL000266,CUST000639,AGT00068,Life,2022-06-19,73125,2998125,Active,Agent,Himachal Pradesh,15,False,False,True,False,None
POL000267,CUST001611,AGT00110,Property,2022-06-08,20915,962090,Active,Agent,Sikkim,15,False,False,True,False,None
POL000268,CUST001598,AGT00331,Auto,2026-03-13,13469,336725,Active,Bancassurance,Karnataka,15,False,False,True,False,None
POL000269,CUST002526,AGT00338,Auto,2023-03-23,10450,198550,Cancelled,Online,Maharashtra,15,False,False,False,True,Fake Policy - No Premium Collected
POL000270,CUST002528,AGT00012,Life,2024-10-14,84230,4885340,Active,Agent,Madhya Pradesh,15,False,False,True,False,None
POL000271,CUST002336,AGT00066,Auto,2025-01-10,11104,521888,Cancelled,Bancassurance,Uttar Pradesh,15,True,False,True,True,Free-Look Period Abuse
POL000272,CUST000698,AGT00043,Health,2024-12-16,42869,1414677,Cancelled,Online,Manipur,15,True,False,True,True,Free-Look Period Abuse
POL000273,CUST002046,AGT00071,Auto,2026-03-23,5212,297084,Cancelled,Agent,Maharashtra,15,False,False,True,False,None
POL000274,CUST001702,AGT00370,Auto,2022-04-22,12454,373620,Matured,Agent,Madhya Pradesh,15,False,False,True,False,None
POL000275,CUST002743,AGT00206,Life,2022-02-17,127522,6248578,Cancelled,Agent,Himachal Pradesh,15,True,False,True,False,None
POL000276,CUST000540,AGT00178,Life,2026-06-04,106415,2660375,Active,Bancassurance,Arunachal Pradesh,15,False,False,True,False,None
POL000277,CUST000330,AGT00373,Auto,2023-01-11,11703,292575,Active,Online,Himachal Pradesh,15,False,False,True,False,None
POL000278,CUST000470,AGT00208,Auto,2024-04-07,16219,389256,Lapsed,Broker,Meghalaya,15,False,False,True,True,Fronting / Straw Policyholder
POL000279,CUST002897,AGT00250,Auto,2022-02-02,18399,883152,Matured,Agent,Telangana,15,False,False,True,False,None
POL000280,CUST000534,AGT00127,Health,2023-05-19,28196,535724,Active,Broker,Haryana,15,False,False,True,False,None
POL000281,CUST001963,AGT00145,Auto,2023-09-19,10660,394420,Cancelled,Agent,Karnataka,15,False,False,True,False,None
POL000282,CUST000467,AGT00223,Health,2024-10-23,54293,2117427,Active,Bancassurance,Rajasthan,15,False,False,True,False,None
POL000283,CUST003025,AGT00024,Life,2026-02-18,31867,1370281,Active,Bancassurance,Uttarakhand,15,False,False,True,False,None
POL000284,CUST002468,AGT00100,Life,2026-03-20,117507,6345378,Matured,Agent,Arunachal Pradesh,15,False,False,True,False,None
POL000285,CUST003194,AGT00077,Auto,2022-02-11,7271,196317,Cancelled,Broker,Jharkhand,15,True,False,True,True,Free-Look Period Abuse
POL000286,CUST000762,AGT00005,Life,2022-01-09,73572,3384312,Matured,Broker,Manipur,15,False,True,True,True,Backdated Policy Issuance
POL000287,CUST001006,AGT00201,Travel,2024-09-26,8428,404544,Lapsed,Bancassurance,Maharashtra,15,False,False,True,False,None
POL000288,CUST000891,AGT00209,Auto,2024-03-29,24703,642278,Active,Agent,Haryana,15,False,False,True,False,None
POL000289,CUST002356,AGT00146,Auto,2023-10-19,14459,549442,Active,Agent,Odisha,15,False,False,True,False,None
POL000290,CUST001956,AGT00105,Health,2026-06-21,33003,1782162,Matured,Broker,Goa,15,False,False,True,False,None
POL000291,CUST002972,AGT00247,Auto,2025-03-11,20469,716415,Active,Broker,Nagaland,15,False,False,True,False,None
POL000292,CUST002382,AGT00051,Life,2024-02-29,36517,1570231,Active,Agent,Gujarat,15,False,False,True,False,None
POL000293,CUST000954,AGT00195,Property,2025-12-30,35232,1303584,Active,Broker,Tripura,15,False,False,True,False,None
POL000294,CUST001444,AGT00295,Health,2024-11-16,58915,2769005,Active,Agent,Rajasthan,15,False,False,True,False,None
POL000295,CUST003070,AGT00064,Life,2024-12-02,25910,570020,Active,Broker,Bihar,15,False,False,True,False,None
POL000296,CUST001673,AGT00288,Life,2025-02-28,57647,3228232,Lapsed,Agent,Punjab,15,False,False,True,False,None
POL000297,CUST002837,AGT00291,Auto,2025-05-24,8177,220779,Active,Agent,Punjab,15,False,False,True,False,None
POL000298,CUST000832,AGT00019,Auto,2026-06-18,14160,269040,Active,Agent,Karnataka,15,False,False,True,False,None
POL000299,CUST000844,AGT00006,Property,2026-03-24,21468,1180740,Cancelled,Agent,Chhattisgarh,15,False,False,True,False,None
POL000300,CUST002298,AGT00370,Travel,2023-08-21,3337,80088,Active,Online,Punjab,15,False,False,False,True,Fake Policy - No Premium Collected
POL000301,CUST003167,AGT00076,Property,2025-09-30,29583,828324,Cancelled,Online,Nagaland,15,False,False,True,False,None
POL000302,CUST001320,AGT00313,Travel,2026-03-12,12456,473328,Active,Agent,Andhra Pradesh,15,False,False,True,False,None
POL000303,CUST000184,AGT00209,Auto,2025-12-07,9510,237750,Matured,Agent,Telangana,15,False,False,True,False,None
POL000304,CUST001284,AGT00104,Auto,2024-07-24,23299,396083,Active,Broker,Andhra Pradesh,15,False,False,True,False,None
POL000305,CUST002847,AGT00049,Health,2025-06-23,34715,1492745,Active,Agent,Uttar Pradesh,15,False,False,True,False,None
POL000306,CUST001691,AGT00188,Auto,2026-01-12,6323,278212,Cancelled,Online,Madhya Pradesh,15,False,False,True,False,None
POL000307,CUST002234,AGT00152,Property,2024-10-08,10881,554931,Cancelled,Online,Assam,15,True,False,True,True,Free-Look Period Abuse
POL000308,CUST001433,AGT00261,Travel,2022-01-21,13675,287175,Active,Bancassurance,Tripura,15,False,False,True,False,None
POL000309,CUST003141,AGT00344,Property,2024-09-25,24077,746387,Matured,Online,Tamil Nadu,15,False,False,True,False,None
POL000310,CUST002886,AGT00309,Health,2025-12-02,56581,1923754,Active,Agent,Karnataka,15,False,False,True,False,None
POL000311,CUST001797,AGT00107,Auto,2023-04-02,10655,266375,Matured,Broker,Kerala,15,False,False,True,False,None
POL000312,CUST000627,AGT00336,Auto,2026-01-07,11431,662998,Active,Bancassurance,Tripura,15,False,False,True,False,None
POL000313,CUST002907,AGT00318,Health,2024-10-10,37422,1459458,Active,Agent,Tripura,15,False,True,True,True,Backdated Policy Issuance
POL000314,CUST002056,AGT00354,Life,2022-09-22,11244,427272,Active,Bancassurance,Nagaland,15,False,False,True,False,None
POL000315,CUST000783,AGT00176,Health,2022-07-03,18803,300848,Active,Online,Assam,15,False,False,True,False,None
POL000316,CUST001508,AGT00295,Travel,2022-08-15,10109,414469,Active,Agent,Rajasthan,15,False,False,True,False,None
POL000317,CUST001785,AGT00222,Property,2026-04-21,30761,1015113,Active,Agent,Arunachal Pradesh,15,False,False,True,False,None
POL000318,CUST000775,AGT00118,Auto,2025-06-23,5162,221966,Active,Online,Mizoram,15,False,False,True,False,None
POL000319,CUST001760,AGT00378,Auto,2025-01-01,9486,483786,Active,Agent,Gujarat,15,False,False,True,False,None
POL000320,CUST001864,AGT00010,Life,2025-03-19,15855,396375,Active,Agent,Kerala,15,False,False,False,True,Fake Policy - No Premium Collected
POL000321,CUST001007,AGT00063,Auto,2026-03-17,18948,625284,Cancelled,Agent,Nagaland,15,False,False,True,False,None
POL000322,CUST000677,AGT00340,Property,2024-12-28,26970,1132740,Active,Agent,Gujarat,15,False,False,True,False,None
POL000323,CUST003155,AGT00020,Health,2024-08-26,20749,1099697,Cancelled,Agent,Goa,15,True,False,True,False,None
POL000324,CUST001831,AGT00338,Auto,2024-03-15,3415,119525,Matured,Online,Uttarakhand,15,False,False,True,False,None
POL000325,CUST000211,AGT00269,Health,2025-06-07,22332,893280,Active,Agent,Nagaland,15,False,False,True,False,None
POL000326,CUST001337,AGT00010,Health,2023-12-24,34534,1243224,Matured,Bancassurance,Madhya Pradesh,15,False,False,True,False,None
POL000327,CUST001628,AGT00161,Property,2024-12-31,37716,754320,Active,Agent,West Bengal,15,False,False,True,False,None
POL000328,CUST001361,AGT00288,Auto,2024-09-28,19533,488325,Active,Agent,Tamil Nadu,15,False,False,True,False,None
POL000329,CUST000490,AGT00220,Property,2024-05-24,7240,202720,Active,Agent,Haryana,15,False,False,True,False,None
POL000330,CUST001427,AGT00358,Life,2026-06-20,66933,3346650,Active,Agent,Jharkhand,15,False,False,True,False,None
POL000331,CUST002687,AGT00331,Life,2025-11-21,79101,4271454,Cancelled,Agent,Uttar Pradesh,15,False,False,True,True,Fronting / Straw Policyholder
POL000332,CUST000191,AGT00127,Auto,2022-03-25,12888,708840,Cancelled,Online,Goa,15,True,False,True,False,None
POL000333,CUST002719,AGT00029,Life,2024-01-10,45256,724096,Active,Broker,Kerala,15,False,False,True,False,None
POL000334,CUST000843,AGT00362,Health,2025-08-15,59030,3364710,Lapsed,Agent,Karnataka,15,False,False,True,False,None
POL000335,CUST000335,AGT00195,Health,2025-08-09,12506,425204,Active,Agent,Maharashtra,15,False,False,True,False,None
POL000336,CUST001643,AGT00026,Property,2022-08-11,25983,935388,Active,Agent,Gujarat,15,False,False,True,False,None
POL000337,CUST001111,AGT00311,Health,2024-03-03,12591,667323,Active,Broker,Nagaland,15,False,False,False,True,Fake Policy - No Premium Collected
POL000338,CUST000579,AGT00331,Property,2024-01-03,31618,569124,Matured,Broker,Telangana,15,False,False,True,False,None
POL000339,CUST000062,AGT00241,Auto,2025-05-24,16264,699352,Cancelled,Agent,Haryana,15,False,False,True,False,None
POL000340,CUST000387,AGT00170,Property,2025-06-08,26680,1013840,Active,Agent,Andhra Pradesh,15,False,False,True,False,None
POL000341,CUST001170,AGT00250,Auto,2023-02-09,20907,313605,Active,Bancassurance,Arunachal Pradesh,15,False,False,True,True,Fronting / Straw Policyholder
POL000342,CUST002201,AGT00265,Property,2025-04-07,29420,1117960,Active,Agent,West Bengal,15,False,False,True,False,None
POL000343,CUST000619,AGT00340,Travel,2022-11-25,11482,505208,Active,Online,Andhra Pradesh,15,False,False,False,True,Fake Policy - No Premium Collected
POL000344,CUST001684,AGT00367,Auto,2023-03-02,9144,237744,Lapsed,Agent,Tripura,15,False,False,True,False,None
POL000345,CUST002746,AGT00194,Health,2026-04-27,7196,237468,Active,Online,Mizoram,15,False,False,True,False,None
POL000346,CUST001878,AGT00305,Life,2024-02-09,63820,3254820,Active,Bancassurance,Bihar,15,False,False,True,False,None
POL000347,CUST002226,AGT00369,Auto,2025-05-04,23055,1244970,Matured,Bancassurance,Mizoram,15,False,False,True,False,None
POL000348,CUST002895,AGT00057,Health,2023-08-31,54262,3092934,Cancelled,Broker,Madhya Pradesh,15,True,False,True,True,Free-Look Period Abuse
POL000349,CUST000487,AGT00005,Health,2023-06-10,53784,968112,Active,Agent,Uttar Pradesh,15,False,False,True,False,None
POL000350,CUST001278,AGT00331,Property,2023-09-17,11198,324742,Active,Agent,Meghalaya,15,False,False,True,False,None
POL000351,CUST002548,AGT00077,Property,2022-03-18,5620,191080,Active,Agent,Arunachal Pradesh,15,False,False,True,False,None
POL000352,CUST000541,AGT00011,Life,2025-07-24,19845,1151010,Active,Bancassurance,Goa,15,False,False,True,True,Fronting / Straw Policyholder
POL000353,CUST001536,AGT00062,Life,2024-07-08,97833,3326322,Active,Online,Jharkhand,15,False,False,True,False,None
POL000354,CUST002061,AGT00146,Life,2024-08-03,101039,3536365,Active,Agent,Jharkhand,15,False,False,True,False,None
POL000355,CUST000151,AGT00086,Health,2023-04-11,45409,1089816,Cancelled,Agent,Andhra Pradesh,15,False,False,True,False,None
POL000356,CUST001074,AGT00118,Health,2026-01-11,10004,440176,Matured,Online,Haryana,15,False,False,True,True,Fronting / Straw Policyholder
POL000357,CUST001239,AGT00371,Health,2025-09-05,14963,568594,Active,Bancassurance,Rajasthan,15,False,False,True,False,None
POL000358,CUST000991,AGT00264,Travel,2025-03-29,8521,460134,Active,Online,Tripura,15,False,False,True,False,None
POL000359,CUST002692,AGT00268,Life,2023-05-07,84407,4557978,Lapsed,Agent,Tamil Nadu,15,False,False,True,True,Fronting / Straw Policyholder
POL000360,CUST000372,AGT00034,Health,2022-11-09,12077,628004,Matured,Agent,Haryana,15,False,False,True,False,None
POL000361,CUST001137,AGT00277,Property,2026-07-13,28419,483123,Cancelled,Agent,Arunachal Pradesh,15,False,False,True,False,None
POL000362,CUST002300,AGT00281,Health,2025-03-30,17526,753618,Active,Bancassurance,Himachal Pradesh,15,False,False,True,False,None
POL000363,CUST002101,AGT00250,Life,2022-11-04,11217,246774,Active,Bancassurance,Telangana,15,False,False,True,False,None
POL000364,CUST001154,AGT00088,Health,2025-03-15,22046,947978,Cancelled,Bancassurance,Bihar,15,True,False,True,True,Free-Look Period Abuse
POL000365,CUST000193,AGT00158,Auto,2025-11-20,16892,405408,Lapsed,Online,Uttarakhand,15,False,False,True,False,None
POL000366,CUST002639,AGT00324,Life,2023-11-22,30357,576783,Active,Online,Uttar Pradesh,15,False,False,True,False,None
POL000367,CUST001081,AGT00252,Life,2022-03-30,50354,1258850,Active,Online,Madhya Pradesh,15,False,False,True,False,None
POL000368,CUST002145,AGT00278,Health,2024-01-05,30757,553626,Lapsed,Online,Rajasthan,15,False,False,True,False,None
POL000369,CUST000198,AGT00222,Health,2024-02-17,57170,2801330,Active,Online,Madhya Pradesh,15,False,False,True,False,None
POL000370,CUST002195,AGT00171,Life,2024-01-21,24263,1310202,Cancelled,Agent,Chhattisgarh,15,False,False,True,False,None
POL000371,CUST001599,AGT00290,Property,2025-08-24,27505,715130,Cancelled,Online,Uttarakhand,15,True,False,True,True,Free-Look Period Abuse
POL000372,CUST001601,AGT00023,Property,2026-04-19,36771,1286985,Lapsed,Agent,Telangana,15,False,False,True,False,None
POL000373,CUST002771,AGT00253,Health,2023-01-06,54480,1634400,Active,Agent,Himachal Pradesh,15,False,False,True,False,None
POL000374,CUST000684,AGT00379,Travel,2023-03-27,13170,368760,Active,Broker,West Bengal,15,False,False,True,False,None
POL000375,CUST003084,AGT00299,Life,2022-06-16,84935,2972725,Lapsed,Bancassurance,Assam,15,False,False,False,True,Fake Policy - No Premium Collected
POL000376,CUST000333,AGT00111,Property,2023-01-27,35977,1475057,Lapsed,Online,Assam,15,False,False,True,False,None
POL000377,CUST001244,AGT00108,Life,2026-07-19,149840,7492000,Cancelled,Agent,Assam,15,True,False,True,False,None
POL000378,CUST001422,AGT00251,Auto,2024-01-06,6151,92265,Active,Bancassurance,Mizoram,15,False,False,False,True,Fake Policy - No Premium Collected
POL000379,CUST001366,AGT00340,Auto,2023-05-06,14719,220785,Cancelled,Online,Telangana,15,True,False,True,True,Free-Look Period Abuse
POL000380,CUST001822,AGT00217,Life,2024-07-13,79038,2845368,Active,Agent,Tamil Nadu,15,False,False,True,False,None
POL000381,CUST002560,AGT00197,Health,2025-03-19,45832,1329128,Active,Online,Tripura,15,False,False,True,False,None
POL000382,CUST002220,AGT00062,Life,2026-01-31,63149,2147066,Cancelled,Agent,Telangana,15,False,False,True,False,None
POL000383,CUST001492,AGT00269,Health,2024-12-02,56559,961503,Active,Agent,Maharashtra,15,False,False,True,False,None
POL000384,CUST001772,AGT00263,Auto,2024-08-02,6574,184072,Active,Broker,Andhra Pradesh,15,False,False,True,False,None
POL000385,CUST002011,AGT00369,Auto,2022-01-29,10838,249274,Active,Agent,Andhra Pradesh,15,False,False,True,False,None
POL000386,CUST002612,AGT00115,Life,2026-07-14,61318,2023494,Active,Agent,Telangana,15,False,False,True,False,None
POL000387,CUST002560,AGT00289,Auto,2024-11-20,19943,1076922,Matured,Agent,Uttarakhand,15,False,False,True,False,None
POL000388,CUST001213,AGT00164,Life,2023-11-24,135059,6482832,Active,Agent,Nagaland,15,False,False,True,False,None
POL000389,CUST001144,AGT00208,Health,2022-05-08,26157,470826,Cancelled,Agent,Punjab,15,True,False,True,True,Free-Look Period Abuse
POL000390,CUST000105,AGT00311,Property,2024-02-06,13443,631821,Cancelled,Agent,Chhattisgarh,15,False,False,True,True,Fronting / Straw Policyholder
POL000391,CUST002722,AGT00087,Auto,2025-08-10,7435,423795,Active,Agent,Bihar,15,False,False,False,True,Fake Policy - No Premium Collected
POL000392,CUST000807,AGT00132,Auto,2023-03-17,8650,441150,Active,Agent,Telangana,15,False,False,True,False,None
POL000393,CUST001065,AGT00297,Life,2024-05-18,57545,920720,Active,Agent,Odisha,15,False,False,True,False,None
POL000394,CUST000889,AGT00213,Health,2025-11-12,7251,297291,Active,Agent,Uttar Pradesh,15,False,False,True,False,None
POL000395,CUST002924,AGT00033,Auto,2026-07-24,23247,1371573,Active,Online,Madhya Pradesh,15,False,False,True,False,None
POL000396,CUST002725,AGT00162,Travel,2023-06-08,9749,302219,Lapsed,Online,Gujarat,15,False,False,True,False,None
POL000397,CUST000321,AGT00221,Auto,2026-04-20,6708,301860,Active,Agent,Uttarakhand,15,False,False,True,False,None
POL000398,CUST002383,AGT00347,Health,2024-01-30,51871,2852905,Active,Online,Punjab,15,False,False,True,False,None
POL000399,CUST002312,AGT00073,Auto,2022-04-20,4709,94180,Active,Bancassurance,West Bengal,15,False,False,True,False,None
POL000400,CUST002913,AGT00309,Health,2025-09-13,30499,1372455,Active,Bancassurance,Jharkhand,15,False,False,True,False,None
POL000401,CUST001501,AGT00049,Health,2025-11-29,11421,194157,Matured,Agent,Uttar Pradesh,15,False,False,True,False,None
POL000402,CUST002400,AGT00093,Auto,2025-06-22,18523,1000242,Active,Broker,Karnataka,15,False,False,True,False,None
POL000403,CUST001569,AGT00094,Property,2022-06-12,27157,461669,Cancelled,Agent,Maharashtra,15,False,False,True,False,None
POL000404,CUST001797,AGT00335,Health,2023-07-14,31979,1503013,Active,Agent,Mizoram,15,False,False,True,False,None
POL000405,CUST001520,AGT00077,Life,2023-02-03,50851,1372977,Active,Agent,Telangana,15,False,False,True,False,None
POL000406,CUST001919,AGT00302,Auto,2023-08-06,15944,558040,Active,Agent,Andhra Pradesh,15,False,False,True,False,None
POL000407,CUST001866,AGT00176,Health,2023-02-03,17202,877302,Matured,Online,Jharkhand,15,False,False,False,True,Fake Policy - No Premium Collected
POL000408,CUST001406,AGT00380,Auto,2026-02-25,9092,272760,Active,Online,Himachal Pradesh,15,False,False,True,False,None
POL000409,CUST002724,AGT00321,Property,2026-07-28,9903,346605,Active,Online,Manipur,15,False,False,True,False,None
POL000410,CUST001505,AGT00281,Life,2022-08-27,138204,8015832,Matured,Agent,Gujarat,15,False,False,True,False,None
POL000411,CUST002967,AGT00332,Property,2026-01-28,18949,511623,Cancelled,Agent,Bihar,15,False,False,True,False,None
POL000412,CUST001960,AGT00238,Health,2026-05-23,42077,757386,Active,Agent,Himachal Pradesh,15,False,False,True,False,None
POL000413,CUST000005,AGT00323,Property,2024-11-21,10287,462915,Matured,Agent,Rajasthan,15,False,False,True,False,None
POL000414,CUST002082,AGT00102,Life,2025-02-20,100345,2307935,Lapsed,Bancassurance,Odisha,15,False,False,True,False,None
POL000415,CUST001169,AGT00036,Auto,2026-04-07,15920,748240,Active,Broker,Meghalaya,15,False,False,True,False,None
POL000416,CUST002399,AGT00231,Auto,2022-04-20,24966,1273266,Active,Bancassurance,Madhya Pradesh,15,False,False,True,False,None
POL000417,CUST002631,AGT00164,Health,2025-07-18,32122,1638222,Active,Online,Jharkhand,15,False,False,True,False,None
POL000418,CUST002513,AGT00160,Life,2025-11-04,133496,5072848,Active,Agent,Maharashtra,15,False,False,True,False,None
POL000419,CUST000348,AGT00197,Auto,2022-10-27,24174,942786,Lapsed,Agent,Assam,15,False,False,True,False,None
POL000420,CUST001766,AGT00138,Life,2026-07-09,29058,1598190,Active,Agent,Haryana,15,False,False,True,True,Fronting / Straw Policyholder
POL000421,CUST000125,AGT00234,Health,2024-09-28,28267,1215481,Active,Agent,Maharashtra,15,False,False,True,False,None
POL000422,CUST001814,AGT00008,Health,2024-02-03,52735,2847690,Cancelled,Broker,Nagaland,15,False,False,True,True,Fronting / Straw Policyholder
POL000423,CUST002405,AGT00370,Auto,2022-09-06,4241,212050,Active,Agent,Himachal Pradesh,15,False,False,True,True,Fronting / Straw Policyholder
POL000424,CUST002575,AGT00353,Health,2023-06-05,12088,350552,Matured,Agent,Meghalaya,15,False,False,True,False,None
POL000425,CUST000498,AGT00357,Auto,2022-02-03,8709,513831,Matured,Broker,Jharkhand,15,False,False,True,False,None
POL000426,CUST001177,AGT00138,Auto,2022-08-16,17739,567648,Matured,Broker,Tamil Nadu,15,False,False,True,False,None
POL000427,CUST000053,AGT00199,Life,2023-08-08,53693,1825562,Cancelled,Agent,Nagaland,15,False,False,True,False,None
POL000428,CUST000149,AGT00366,Auto,2025-11-23,23474,446006,Active,Online,Mizoram,15,False,False,True,False,None
POL000429,CUST000503,AGT00343,Auto,2024-08-15,16778,536896,Active,Agent,Haryana,15,False,False,True,False,None
POL000430,CUST000870,AGT00302,Auto,2024-03-23,11160,602640,Active,Online,Madhya Pradesh,15,False,False,True,False,None
POL000431,CUST000219,AGT00152,Health,2023-12-25,50665,759975,Active,Agent,Andhra Pradesh,15,False,True,True,True,Backdated Policy Issuance
POL000432,CUST001301,AGT00211,Auto,2023-08-07,24513,808929,Active,Agent,Meghalaya,15,False,False,True,False,None
POL000433,CUST002500,AGT00303,Auto,2023-07-24,7403,273911,Active,Online,Telangana,15,False,False,True,False,None
POL000434,CUST002131,AGT00106,Health,2022-08-08,35469,1418760,Matured,Agent,Madhya Pradesh,15,False,True,True,True,Backdated Policy Issuance
POL000435,CUST000738,AGT00234,Health,2025-10-26,23867,1026281,Matured,Online,Kerala,15,False,False,True,False,None
POL000436,CUST002575,AGT00316,Travel,2024-02-26,2743,131664,Active,Broker,Tripura,15,False,False,True,False,None
POL000437,CUST002452,AGT00265,Health,2023-06-12,58952,1945416,Active,Agent,Nagaland,15,False,False,True,False,None
POL000438,CUST000290,AGT00183,Health,2022-03-16,27766,888512,Active,Online,Tamil Nadu,15,False,False,True,False,None
POL000439,CUST002468,AGT00220,Health,2026-06-30,34737,555792,Cancelled,Online,Bihar,15,False,False,True,False,None
POL000440,CUST000339,AGT00375,Auto,2022-05-16,21261,871701,Lapsed,Agent,Manipur,15,False,False,True,False,None
POL000441,CUST002825,AGT00227,Property,2022-03-15,8533,170660,Active,Online,Haryana,15,False,False,True,False,None
POL000442,CUST002759,AGT00301,Health,2022-09-11,27537,1459461,Active,Online,Odisha,15,False,False,True,False,None
POL000443,CUST001694,AGT00275,Auto,2024-11-07,5251,105020,Active,Online,Andhra Pradesh,15,False,False,True,False,None
POL000444,CUST001869,AGT00263,Property,2024-10-18,38409,768180,Matured,Bancassurance,Madhya Pradesh,15,False,False,True,False,None
POL000445,CUST000987,AGT00270,Auto,2024-12-02,9590,431550,Active,Online,Tripura,15,False,False,True,False,None
POL000446,CUST000959,AGT00174,Travel,2022-02-19,11464,630520,Cancelled,Bancassurance,Haryana,15,True,False,True,True,Free-Look Period Abuse
POL000447,CUST001231,AGT00181,Property,2023-05-30,14633,790182,Cancelled,Online,Manipur,15,False,False,True,False,None
POL000448,CUST002734,AGT00178,Health,2024-01-14,18018,792792,Cancelled,Agent,Kerala,15,False,False,True,False,None
POL000449,CUST001289,AGT00009,Auto,2024-01-01,10715,375025,Cancelled,Agent,Meghalaya,15,False,False,True,False,None
POL000450,CUST002007,AGT00093,Auto,2023-07-25,6817,374935,Active,Agent,Odisha,15,False,False,True,False,None
POL000451,CUST003108,AGT00059,Auto,2023-07-30,20454,1186332,Lapsed,Online,Bihar,15,False,False,True,False,None
POL000452,CUST000373,AGT00338,Auto,2026-05-25,7600,243200,Active,Online,Rajasthan,15,False,False,False,True,Fake Policy - No Premium Collected
POL000453,CUST001512,AGT00107,Health,2025-08-19,30701,1135937,Active,Agent,Jharkhand,15,False,False,True,False,None
POL000454,CUST003042,AGT00053,Travel,2025-03-11,3143,163436,Active,Agent,Karnataka,15,False,False,True,False,None
POL000455,CUST000531,AGT00044,Health,2024-06-21,48952,1811224,Active,Agent,Chhattisgarh,15,False,False,True,False,None
POL000456,CUST000924,AGT00262,Life,2022-07-21,113711,4775862,Active,Agent,Uttar Pradesh,15,False,False,True,False,None
POL000457,CUST000023,AGT00001,Life,2022-07-26,130761,6538050,Matured,Online,Rajasthan,15,False,False,True,False,None
POL000458,CUST002152,AGT00180,Property,2023-02-19,8210,320190,Active,Broker,Assam,15,False,False,True,False,None
POL000459,CUST000241,AGT00044,Auto,2022-08-09,20341,427161,Matured,Bancassurance,Bihar,15,False,False,True,False,None
POL000460,CUST001005,AGT00326,Health,2025-10-17,27290,873280,Active,Agent,Nagaland,15,False,False,True,False,None
POL000461,CUST002951,AGT00367,Property,2024-01-28,30865,1049410,Active,Online,Goa,15,False,False,True,True,Fronting / Straw Policyholder
POL000462,CUST001897,AGT00367,Property,2025-01-09,22070,419330,Active,Online,Gujarat,15,False,False,True,False,None
POL000463,CUST001166,AGT00168,Travel,2024-02-02,13499,431968,Lapsed,Bancassurance,West Bengal,15,False,False,True,False,None
POL000464,CUST000814,AGT00243,Life,2023-07-17,141206,7907536,Active,Online,Meghalaya,15,False,False,True,False,None
POL000465,CUST000655,AGT00226,Auto,2025-08-01,19415,1048410,Cancelled,Agent,Odisha,15,False,False,True,False,None
POL000466,CUST000783,AGT00135,Health,2023-01-04,42180,1982460,Active,Agent,Haryana,15,False,False,True,False,None
POL000467,CUST002355,AGT00169,Auto,2026-02-24,16490,478210,Matured,Online,Assam,15,False,False,True,False,None
POL000468,CUST000008,AGT00022,Life,2024-06-14,129529,6346921,Active,Online,Chhattisgarh,15,False,False,True,False,None
POL000469,CUST003141,AGT00304,Health,2025-10-01,23722,355830,Cancelled,Broker,Madhya Pradesh,15,False,False,True,False,None
POL000470,CUST001715,AGT00093,Life,2022-07-23,63810,2233350,Active,Agent,Punjab,15,False,False,True,True,Fronting / Straw Policyholder
POL000471,CUST000575,AGT00176,Travel,2024-11-14,4214,92708,Cancelled,Bancassurance,Uttarakhand,15,False,False,True,False,None
POL000472,CUST003140,AGT00183,Life,2024-08-14,58546,1229466,Lapsed,Agent,Meghalaya,15,False,False,True,False,None
POL000473,CUST000912,AGT00209,Auto,2026-04-26,12895,709225,Active,Bancassurance,Mizoram,15,False,False,True,False,None
POL000474,CUST000518,AGT00311,Auto,2022-03-10,9406,545548,Matured,Broker,Telangana,15,False,False,True,False,None
POL000475,CUST003191,AGT00258,Property,2023-05-31,5132,277128,Active,Online,Uttarakhand,15,False,False,True,False,None
POL000476,CUST003103,AGT00250,Auto,2026-02-24,17318,935172,Active,Online,Odisha,15,False,False,True,False,None
POL000477,CUST001542,AGT00197,Auto,2022-08-28,11535,507540,Cancelled,Agent,Tripura,15,False,False,False,True,Fake Policy - No Premium Collected
POL000478,CUST000483,AGT00035,Auto,2022-12-27,8295,431340,Cancelled,Agent,Haryana,15,True,False,True,False,None
POL000479,CUST002255,AGT00151,Health,2026-01-04,46211,2264339,Active,Agent,Arunachal Pradesh,15,False,True,True,True,Backdated Policy Issuance
POL000480,CUST002717,AGT00367,Auto,2024-11-20,9154,146464,Active,Agent,Tripura,15,False,False,True,False,None
POL000481,CUST000579,AGT00378,Travel,2026-07-11,10912,240064,Cancelled,Online,Meghalaya,15,False,False,True,False,None
POL000482,CUST000387,AGT00277,Travel,2023-12-08,4399,228748,Active,Agent,Himachal Pradesh,15,False,False,True,False,None
POL000483,CUST000412,AGT00088,Travel,2026-06-14,6378,114804,Active,Broker,Maharashtra,15,False,False,False,True,Fake Policy - No Premium Collected
POL000484,CUST001866,AGT00038,Auto,2023-11-21,15072,768672,Lapsed,Agent,Jharkhand,15,False,False,True,False,None
POL000485,CUST001394,AGT00154,Travel,2023-10-19,8604,301140,Cancelled,Online,Telangana,15,False,False,True,False,None
POL000486,CUST001377,AGT00328,Travel,2025-09-07,11957,322839,Cancelled,Online,Karnataka,15,True,False,True,True,Free-Look Period Abuse
POL000487,CUST001968,AGT00272,Travel,2022-12-10,8731,200813,Lapsed,Agent,Uttarakhand,15,False,False,True,False,None
POL000488,CUST001360,AGT00338,Life,2023-06-20,65423,3859957,Lapsed,Agent,Chhattisgarh,15,False,False,True,False,None
POL000489,CUST002939,AGT00231,Life,2022-12-21,98947,4254721,Active,Agent,Arunachal Pradesh,15,False,False,True,False,None
POL000490,CUST000906,AGT00049,Auto,2026-02-03,12979,713845,Active,Broker,Karnataka,15,False,False,True,False,None
POL000491,CUST001313,AGT00043,Property,2024-07-16,26516,1007608,Lapsed,Online,Tamil Nadu,15,False,False,True,False,None
POL000492,CUST000963,AGT00014,Auto,2024-09-09,17227,516810,Matured,Agent,Odisha,15,False,False,True,False,None
POL000493,CUST000965,AGT00212,Auto,2022-04-15,6672,173472,Lapsed,Broker,Punjab,15,False,False,True,False,None
POL000494,CUST002188,AGT00094,Travel,2025-09-07,12859,205744,Active,Agent,Maharashtra,15,False,False,True,False,None
POL000495,CUST001977,AGT00278,Health,2026-05-15,55054,1816782,Active,Online,West Bengal,15,False,True,True,True,Backdated Policy Issuance
POL000496,CUST002348,AGT00257,Auto,2024-08-19,6479,285076,Active,Agent,Andhra Pradesh,15,False,False,True,False,None
POL000497,CUST001037,AGT00122,Travel,2023-06-11,2312,69360,Lapsed,Online,Himachal Pradesh,15,False,False,True,False,None
POL000498,CUST000664,AGT00070,Travel,2023-05-19,11056,420128,Lapsed,Bancassurance,Tamil Nadu,15,False,False,True,False,None
POL000499,CUST000825,AGT00038,Auto,2025-01-13,5159,139293,Active,Broker,Gujarat,15,False,False,True,False,None
POL000500,CUST001888,AGT00280,Property,2024-07-19,8708,165452,Active,Agent,Tripura,15,False,False,True,False,None
POL000501,CUST002448,AGT00172,Health,2023-12-10,6017,222629,Matured,Agent,Nagaland,15,False,False,True,False,None
POL000502,CUST000992,AGT00124,Health,2022-08-23,10279,534508,Lapsed,Broker,Uttar Pradesh,15,False,False,True,False,None
POL000503,CUST001133,AGT00328,Auto,2025-07-10,5112,230040,Active,Agent,Meghalaya,15,False,False,True,False,None
POL000504,CUST002197,AGT00223,Auto,2024-10-26,15752,488312,Active,Agent,Nagaland,15,False,False,True,False,None
POL000505,CUST001740,AGT00195,Auto,2023-05-09,17593,299081,Matured,Online,Meghalaya,15,False,False,True,False,None
POL000506,CUST002355,AGT00283,Auto,2025-08-05,18339,733560,Cancelled,Agent,Karnataka,15,False,False,True,False,None
POL000507,CUST001084,AGT00311,Travel,2026-05-13,1997,53919,Active,Agent,Rajasthan,15,False,False,True,False,None
POL000508,CUST000435,AGT00257,Life,2024-05-27,122132,7083656,Active,Bancassurance,Haryana,15,False,False,False,True,Fake Policy - No Premium Collected
POL000509,CUST000021,AGT00167,Property,2026-04-27,29041,1510132,Active,Agent,Karnataka,15,False,False,True,False,None
POL000510,CUST002923,AGT00144,Life,2025-10-05,134530,4843080,Active,Agent,Manipur,15,False,False,False,True,Fake Policy - No Premium Collected
POL000511,CUST002430,AGT00296,Auto,2025-05-08,19167,670845,Active,Online,Tamil Nadu,15,False,False,True,False,None
POL000512,CUST002293,AGT00195,Travel,2024-08-24,10275,441825,Cancelled,Broker,Meghalaya,15,True,False,True,True,Free-Look Period Abuse
POL000513,CUST001926,AGT00264,Property,2024-08-23,28320,1670880,Active,Agent,Mizoram,15,False,False,True,False,None
POL000514,CUST003145,AGT00340,Auto,2024-08-21,11075,586975,Lapsed,Online,Nagaland,15,False,False,False,True,Fake Policy - No Premium Collected
POL000515,CUST001473,AGT00350,Auto,2024-06-15,20960,398240,Active,Broker,West Bengal,15,False,False,True,False,None
POL000516,CUST001100,AGT00108,Life,2025-09-20,135422,3791816,Active,Agent,Telangana,15,False,False,True,False,None
POL000517,CUST002746,AGT00073,Life,2026-06-19,37046,1185472,Active,Agent,Telangana,15,False,False,True,False,None
POL000518,CUST002638,AGT00102,Property,2022-08-05,30050,540900,Active,Agent,Assam,15,False,False,True,False,None
POL000519,CUST000390,AGT00287,Auto,2023-09-15,12327,579369,Active,Online,Bihar,15,False,False,True,False,None
POL000520,CUST002616,AGT00141,Auto,2022-12-19,13540,717620,Active,Broker,Maharashtra,15,False,False,True,False,None
POL000521,CUST001355,AGT00068,Health,2023-11-23,49067,1668278,Cancelled,Agent,Tamil Nadu,15,False,False,True,False,None
POL000522,CUST002307,AGT00036,Life,2023-11-06,96713,2611251,Lapsed,Broker,Assam,15,False,False,True,False,None
POL000523,CUST000426,AGT00125,Auto,2023-09-23,14720,736000,Cancelled,Broker,Madhya Pradesh,15,False,True,True,True,Backdated Policy Issuance
POL000524,CUST001726,AGT00052,Health,2022-11-21,15897,937923,Lapsed,Agent,Chhattisgarh,15,False,False,True,False,None
POL000525,CUST001030,AGT00060,Health,2024-06-19,31639,569502,Lapsed,Online,Tripura,15,False,False,True,False,None
POL000526,CUST000006,AGT00256,Life,2025-06-05,85185,4174065,Active,Agent,Andhra Pradesh,15,False,False,True,False,None
POL000527,CUST000191,AGT00006,Auto,2025-03-14,23812,523864,Matured,Bancassurance,Goa,15,False,False,True,False,None
POL000528,CUST000148,AGT00043,Health,2022-11-04,34224,1848096,Active,Online,Mizoram,15,False,False,True,False,None
POL000529,CUST000405,AGT00323,Property,2023-10-16,25657,1282850,Active,Online,Telangana,15,False,False,True,True,Fronting / Straw Policyholder
POL000530,CUST000258,AGT00324,Travel,2026-07-16,12959,259180,Active,Online,Bihar,15,False,False,True,False,None
POL000531,CUST002778,AGT00125,Auto,2022-10-12,5108,183888,Matured,Online,Goa,15,False,False,True,False,None
POL000532,CUST002138,AGT00031,Auto,2023-01-27,6947,138940,Matured,Broker,Gujarat,15,False,False,True,False,None
POL000533,CUST000824,AGT00264,Travel,2022-12-26,4083,228648,Lapsed,Online,Manipur,15,False,False,True,False,None
POL000534,CUST000010,AGT00138,Health,2024-02-08,22875,1143750,Active,Bancassurance,West Bengal,15,False,False,True,False,None
POL000535,CUST001111,AGT00012,Life,2024-03-07,93469,2149787,Active,Online,Bihar,15,False,False,True,False,None
POL000536,CUST000838,AGT00061,Life,2024-07-20,86930,2607900,Matured,Agent,Arunachal Pradesh,15,False,False,True,False,None
POL000537,CUST000988,AGT00053,Auto,2022-06-14,5263,278939,Lapsed,Bancassurance,Maharashtra,15,False,False,True,False,None
POL000538,CUST000625,AGT00222,Life,2024-01-03,28519,1482988,Matured,Online,Meghalaya,15,False,False,True,False,None
POL000539,CUST000030,AGT00341,Life,2023-08-04,15983,751201,Active,Online,Goa,15,False,False,True,True,Fronting / Straw Policyholder
POL000540,CUST002176,AGT00303,Health,2024-03-31,20535,657120,Cancelled,Bancassurance,Rajasthan,15,True,False,True,False,None
POL000541,CUST003150,AGT00204,Auto,2025-06-01,19806,514956,Cancelled,Agent,Uttar Pradesh,15,False,False,True,False,None
POL000542,CUST002469,AGT00158,Travel,2022-05-04,14316,586956,Active,Agent,Mizoram,15,False,False,True,False,None
POL000543,CUST001079,AGT00233,Health,2022-12-10,30489,457335,Matured,Agent,Meghalaya,15,False,False,True,False,None
POL000544,CUST002353,AGT00168,Life,2023-06-08,117883,3418607,Active,Online,Chhattisgarh,15,False,False,True,False,None
POL000545,CUST000546,AGT00095,Property,2024-12-11,23494,963254,Matured,Broker,Telangana,15,False,False,True,False,None
POL000546,CUST001129,AGT00254,Health,2022-05-09,39833,1194990,Active,Bancassurance,West Bengal,15,False,False,True,True,Fronting / Straw Policyholder
POL000547,CUST001196,AGT00333,Property,2025-03-04,39402,1379070,Lapsed,Agent,Nagaland,15,False,False,True,False,None
POL000548,CUST001523,AGT00142,Travel,2023-10-19,1482,22230,Active,Broker,Maharashtra,15,False,False,True,False,None
POL000549,CUST002070,AGT00322,Health,2025-02-24,18346,788878,Active,Bancassurance,Madhya Pradesh,15,False,False,True,False,None
POL000550,CUST002439,AGT00162,Health,2024-01-08,53005,901085,Active,Online,Andhra Pradesh,15,False,False,True,False,None
POL000551,CUST000617,AGT00151,Travel,2024-07-27,8437,219362,Matured,Agent,Jharkhand,15,False,False,True,False,None
POL000552,CUST000149,AGT00008,Auto,2022-03-12,5712,239904,Lapsed,Online,Bihar,15,False,False,True,False,None
POL000553,CUST001812,AGT00260,Auto,2022-09-30,20091,1064823,Active,Bancassurance,Maharashtra,15,False,True,True,True,Backdated Policy Issuance
POL000554,CUST002347,AGT00309,Travel,2025-04-25,11713,597363,Matured,Bancassurance,Jharkhand,15,False,False,True,False,None
POL000555,CUST000172,AGT00250,Property,2024-10-23,32295,1453275,Active,Online,Telangana,15,False,False,False,True,Fake Policy - No Premium Collected
POL000556,CUST000047,AGT00057,Travel,2025-08-01,12901,580545,Active,Broker,Sikkim,15,False,False,True,False,None
POL000557,CUST000626,AGT00038,Auto,2022-01-22,19867,933749,Active,Agent,Himachal Pradesh,15,False,False,True,False,None
POL000558,CUST001811,AGT00215,Auto,2022-06-15,17719,832793,Cancelled,Agent,Mizoram,15,False,False,False,True,Fake Policy - No Premium Collected
POL000559,CUST002255,AGT00151,Auto,2025-08-26,4533,244782,Active,Bancassurance,Karnataka,15,False,False,True,False,None
POL000560,CUST000453,AGT00161,Life,2024-05-24,99856,2496400,Active,Agent,Punjab,15,False,False,True,False,None
POL000561,CUST001419,AGT00369,Life,2026-02-09,50898,2188614,Matured,Agent,Kerala,15,False,False,False,True,Fake Policy - No Premium Collected
POL000562,CUST002973,AGT00273,Health,2023-05-13,54350,2119650,Cancelled,Agent,Odisha,15,False,False,True,False,None
POL000563,CUST000754,AGT00153,Auto,2023-03-10,16156,436212,Active,Online,Rajasthan,15,False,False,True,False,None
POL000564,CUST002756,AGT00006,Life,2024-01-28,16826,975908,Lapsed,Online,Goa,15,False,False,True,False,None
POL000565,CUST001009,AGT00009,Health,2022-08-22,29218,964194,Matured,Agent,Chhattisgarh,15,False,False,True,False,None
POL000566,CUST002724,AGT00257,Auto,2024-04-16,18591,929550,Active,Bancassurance,Jharkhand,15,False,False,True,False,None
POL000567,CUST002903,AGT00320,Travel,2023-10-25,4320,181440,Cancelled,Bancassurance,Mizoram,15,False,False,False,True,Fake Policy - No Premium Collected
POL000568,CUST002831,AGT00266,Auto,2023-12-26,6346,114228,Active,Agent,Sikkim,15,False,False,True,False,None
POL000569,CUST001134,AGT00152,Life,2023-01-11,44158,750686,Lapsed,Agent,Gujarat,15,False,False,True,False,None
POL000570,CUST002732,AGT00008,Property,2023-12-31,20333,1057316,Active,Online,Uttar Pradesh,15,False,False,True,False,None
POL000571,CUST003011,AGT00369,Health,2025-06-23,37793,1927443,Lapsed,Online,Punjab,15,False,False,True,True,Fronting / Straw Policyholder
POL000572,CUST002912,AGT00374,Auto,2022-10-30,13304,758328,Active,Agent,Tamil Nadu,15,False,False,True,False,None
POL000573,CUST001226,AGT00205,Auto,2023-02-09,10877,424203,Lapsed,Agent,Kerala,15,False,False,True,False,None
POL000574,CUST000168,AGT00025,Property,2023-12-09,28660,1576300,Active,Agent,Mizoram,15,False,False,True,False,None
POL000575,CUST000086,AGT00202,Auto,2024-07-05,15078,738822,Active,Agent,Punjab,15,False,False,True,False,None
POL000576,CUST001678,AGT00340,Life,2022-01-21,35268,1516524,Active,Agent,Himachal Pradesh,15,False,True,True,True,Backdated Policy Issuance
POL000577,CUST001983,AGT00254,Travel,2022-09-14,2494,137170,Cancelled,Online,Meghalaya,15,False,False,True,False,None
POL000578,CUST000849,AGT00272,Travel,2023-02-03,7606,327058,Active,Online,Manipur,15,False,False,True,False,None
POL000579,CUST003123,AGT00029,Health,2026-04-02,28664,745264,Active,Broker,Gujarat,15,False,False,True,False,None
POL000580,CUST003184,AGT00040,Property,2022-02-20,22735,1114015,Active,Agent,Karnataka,15,False,False,True,False,None
POL000581,CUST001487,AGT00048,Travel,2023-03-23,13302,452268,Lapsed,Broker,Telangana,15,False,False,True,False,None
POL000582,CUST000442,AGT00344,Health,2025-07-17,28973,898163,Active,Agent,Telangana,15,False,False,True,False,None
POL000583,CUST000271,AGT00197,Auto,2024-04-06,18317,476242,Lapsed,Agent,West Bengal,15,False,False,True,False,None
POL000584,CUST001601,AGT00302,Auto,2023-08-18,24831,1241550,Cancelled,Broker,Chhattisgarh,15,True,False,True,True,Free-Look Period Abuse
POL000585,CUST000344,AGT00043,Auto,2024-03-28,18457,442968,Active,Online,Goa,15,False,False,True,False,None
POL000586,CUST001207,AGT00354,Property,2023-09-28,18542,593344,Active,Agent,Mizoram,15,False,False,True,False,None
POL000587,CUST002551,AGT00312,Health,2025-07-09,40809,1795596,Matured,Online,Tamil Nadu,15,False,False,True,False,None
POL000588,CUST003082,AGT00087,Property,2025-10-20,10654,234388,Active,Bancassurance,Uttarakhand,15,False,False,True,False,None
POL000589,CUST002542,AGT00334,Property,2024-12-08,6021,331155,Active,Online,Meghalaya,15,False,False,True,False,None
POL000590,CUST001258,AGT00103,Life,2026-03-22,33852,914004,Active,Broker,Andhra Pradesh,15,False,False,True,False,None
POL000591,CUST002292,AGT00079,Life,2026-07-11,45535,2049075,Active,Bancassurance,Karnataka,15,False,False,True,False,None
POL000592,CUST001533,AGT00104,Auto,2025-02-15,4892,97840,Active,Online,Maharashtra,15,False,False,True,False,None
POL000593,CUST000267,AGT00347,Property,2026-01-16,31446,660366,Cancelled,Online,Goa,15,False,False,True,False,None
POL000594,CUST001654,AGT00350,Health,2024-02-14,53073,1857555,Active,Agent,Chhattisgarh,15,False,False,True,False,None
POL000595,CUST000893,AGT00125,Health,2024-08-30,26364,1370928,Active,Agent,Meghalaya,15,False,False,True,False,None
POL000596,CUST002249,AGT00265,Auto,2026-07-23,3973,226461,Active,Online,Assam,15,False,False,True,False,None
POL000597,CUST000239,AGT00254,Travel,2023-02-01,9624,404208,Active,Broker,Andhra Pradesh,15,False,True,True,True,Backdated Policy Issuance
POL000598,CUST000915,AGT00309,Travel,2023-11-14,3656,212048,Lapsed,Agent,Jharkhand,15,False,False,False,True,Fake Policy - No Premium Collected
POL000599,CUST001439,AGT00113,Health,2024-11-16,44945,1573075,Active,Bancassurance,Tamil Nadu,15,False,False,True,False,None
POL000600,CUST003017,AGT00192,Health,2023-12-12,19538,683830,Matured,Agent,Gujarat,15,False,False,True,False,None
POL000601,CUST002532,AGT00251,Life,2025-10-27,89118,3386484,Active,Online,Gujarat,15,False,False,True,False,None
POL000602,CUST001461,AGT00007,Auto,2025-01-25,10329,423489,Lapsed,Agent,Tamil Nadu,15,False,False,False,True,Fake Policy - No Premium Collected
POL000603,CUST002294,AGT00144,Auto,2023-06-13,9444,387204,Active,Agent,Bihar,15,False,False,True,False,None
POL000604,CUST001882,AGT00260,Life,2023-11-16,32236,870372,Active,Broker,Nagaland,15,False,False,True,False,None
POL000605,CUST003080,AGT00098,Auto,2023-09-05,14406,619458,Cancelled,Agent,Manipur,15,False,False,True,False,None
POL000606,CUST002200,AGT00367,Health,2022-07-05,16486,873758,Cancelled,Agent,Karnataka,15,False,False,True,False,None
POL000607,CUST001416,AGT00008,Health,2023-11-27,57641,2420922,Active,Online,Bihar,15,False,False,True,False,None
POL000608,CUST002259,AGT00367,Health,2022-08-03,42410,2162910,Active,Online,Arunachal Pradesh,15,False,True,True,True,Backdated Policy Issuance
POL000609,CUST000367,AGT00085,Auto,2025-06-28,8105,348515,Active,Broker,Punjab,15,False,False,True,False,None
POL000610,CUST002992,AGT00014,Health,2022-08-04,56302,2026872,Lapsed,Bancassurance,Manipur,15,False,False,True,False,None
POL000611,CUST001594,AGT00111,Auto,2022-01-29,10702,535100,Active,Agent,Punjab,15,False,True,True,True,Backdated Policy Issuance
POL000612,CUST000086,AGT00301,Health,2022-04-12,49191,2164404,Cancelled,Online,Goa,15,False,False,True,False,None
POL000613,CUST003127,AGT00287,Life,2022-05-03,135845,5705490,Active,Online,Assam,15,False,False,True,False,None
POL000614,CUST001737,AGT00081,Travel,2022-02-23,10895,403115,Active,Bancassurance,Kerala,15,False,False,True,False,None
POL000615,CUST001658,AGT00077,Auto,2025-07-30,22552,1059944,Active,Bancassurance,Rajasthan,15,False,False,True,False,None
POL000616,CUST002042,AGT00242,Property,2026-06-26,5037,90666,Active,Online,Nagaland,15,False,False,True,False,None
POL000617,CUST002494,AGT00175,Auto,2025-02-14,5235,88995,Active,Online,Haryana,15,False,False,True,False,None
POL000618,CUST000620,AGT00302,Health,2023-09-08,27241,1253086,Active,Agent,Kerala,15,False,False,True,True,Fronting / Straw Policyholder
POL000619,CUST002352,AGT00007,Health,2023-07-11,9487,170766,Lapsed,Agent,Rajasthan,15,False,False,True,False,None
POL000620,CUST000132,AGT00229,Health,2022-04-24,17018,255270,Active,Online,Andhra Pradesh,15,False,False,True,False,None
POL000621,CUST000904,AGT00277,Life,2024-05-04,45471,1182246,Lapsed,Online,Gujarat,15,False,False,True,False,None
POL000622,CUST000988,AGT00377,Health,2026-04-16,12750,344250,Active,Online,Himachal Pradesh,15,False,False,False,True,Fake Policy - No Premium Collected
POL000623,CUST001222,AGT00254,Auto,2023-11-07,6032,289536,Matured,Online,Jharkhand,15,False,True,True,True,Backdated Policy Issuance
POL000624,CUST002095,AGT00088,Property,2024-09-03,20741,891863,Matured,Agent,Uttarakhand,15,False,False,True,False,None
POL000625,CUST001764,AGT00041,Auto,2023-12-02,21915,504045,Cancelled,Online,West Bengal,15,False,False,True,False,None
POL000626,CUST002805,AGT00241,Auto,2025-08-09,10471,471195,Lapsed,Agent,Maharashtra,15,False,False,True,False,None
POL000627,CUST001227,AGT00197,Auto,2025-05-03,7719,162099,Active,Agent,Odisha,15,False,False,True,False,None
POL000628,CUST001285,AGT00342,Auto,2022-10-19,15943,430461,Lapsed,Agent,Telangana,15,False,False,True,False,None
POL000629,CUST000690,AGT00275,Health,2022-09-18,41028,656448,Matured,Broker,Jharkhand,15,False,False,True,False,None
POL000630,CUST001048,AGT00192,Health,2025-05-15,54515,2562205,Active,Agent,Kerala,15,False,False,True,False,None
POL000631,CUST000687,AGT00151,Auto,2023-07-18,21836,458556,Active,Broker,Punjab,15,False,False,True,False,None
POL000632,CUST000786,AGT00151,Auto,2022-02-18,5846,187072,Active,Agent,Tripura,15,False,False,True,False,None
POL000633,CUST000340,AGT00088,Life,2024-10-26,81513,1793286,Active,Agent,Madhya Pradesh,15,False,False,False,True,Fake Policy - No Premium Collected
POL000634,CUST000412,AGT00005,Property,2023-01-14,10294,267644,Active,Bancassurance,Himachal Pradesh,15,False,False,True,False,None
POL000635,CUST001997,AGT00216,Travel,2025-11-18,9323,531411,Active,Online,Nagaland,15,False,False,True,False,None
POL000636,CUST000286,AGT00083,Travel,2022-08-12,1392,61248,Active,Agent,Nagaland,15,False,False,True,False,None
POL000637,CUST001110,AGT00081,Travel,2024-11-12,13768,316664,Matured,Agent,Rajasthan,15,False,False,True,False,None
POL000638,CUST000850,AGT00047,Property,2024-10-04,22638,950796,Active,Bancassurance,Sikkim,15,False,False,True,False,None
POL000639,CUST000430,AGT00074,Life,2023-10-19,18086,325548,Cancelled,Agent,Gujarat,15,False,False,True,False,None
POL000640,CUST001605,AGT00008,Auto,2022-04-20,7626,404178,Active,Online,Assam,15,False,False,True,False,None
POL000641,CUST000031,AGT00253,Life,2023-12-25,47732,1479692,Active,Agent,Odisha,15,False,False,True,False,None
POL000642,CUST000603,AGT00151,Auto,2023-07-07,14630,365750,Active,Agent,Chhattisgarh,15,False,False,True,False,None
POL000643,CUST000440,AGT00209,Property,2025-11-23,36143,578288,Active,Agent,Bihar,15,False,False,True,False,None
POL000644,CUST000985,AGT00240,Health,2025-04-10,59820,2213340,Active,Online,Telangana,15,False,False,True,False,None
POL000645,CUST001373,AGT00370,Life,2024-10-02,20697,745092,Active,Online,Gujarat,15,False,False,True,False,None
POL000646,CUST001919,AGT00023,Auto,2023-11-29,9589,383560,Active,Agent,Himachal Pradesh,15,False,False,True,False,None
POL000647,CUST000412,AGT00156,Health,2023-12-27,32470,844220,Active,Broker,Goa,15,False,True,True,True,Backdated Policy Issuance
POL000648,CUST000528,AGT00095,Auto,2022-11-02,5243,241178,Active,Broker,Himachal Pradesh,15,False,False,True,False,None
POL000649,CUST000310,AGT00182,Auto,2026-05-07,11177,257071,Active,Bancassurance,Odisha,15,False,False,True,False,None
POL000650,CUST002997,AGT00352,Health,2026-05-25,46724,2663268,Active,Agent,Bihar,15,False,False,True,False,None
POL000651,CUST001812,AGT00273,Auto,2024-08-16,19202,364838,Active,Agent,Chhattisgarh,15,False,False,True,False,None
POL000652,CUST001362,AGT00250,Health,2024-08-11,21882,875280,Active,Broker,Uttar Pradesh,15,False,False,True,False,None
POL000653,CUST002722,AGT00167,Health,2025-03-20,37203,781263,Active,Agent,Mizoram,15,False,False,True,False,None
POL000654,CUST002039,AGT00252,Property,2025-12-22,32758,1408594,Active,Agent,Odisha,15,False,False,True,False,None
POL000655,CUST002485,AGT00008,Health,2023-09-13,34837,1637339,Active,Broker,Rajasthan,15,False,False,True,False,None
POL000656,CUST000704,AGT00221,Health,2026-01-30,7944,301872,Active,Agent,Tripura,15,False,False,True,False,None
POL000657,CUST000663,AGT00207,Travel,2023-09-22,4460,173940,Active,Agent,Madhya Pradesh,15,False,False,True,False,None
POL000658,CUST000365,AGT00134,Health,2024-05-26,43624,1963080,Lapsed,Agent,Karnataka,15,False,False,True,False,None
POL000659,CUST000923,AGT00078,Health,2026-06-19,49764,2139852,Active,Broker,Odisha,15,False,False,True,False,None
POL000660,CUST002161,AGT00309,Health,2023-07-10,36796,699124,Active,Agent,Tripura,15,False,False,True,False,None
POL000661,CUST000176,AGT00016,Property,2022-03-08,27763,1443676,Matured,Broker,West Bengal,15,False,False,True,False,None
POL000662,CUST001173,AGT00024,Auto,2025-03-25,24107,1422313,Lapsed,Online,Odisha,15,False,False,True,False,None
POL000663,CUST001202,AGT00167,Health,2024-04-14,29222,730550,Active,Online,Punjab,15,False,False,True,False,None
POL000664,CUST000936,AGT00098,Property,2022-07-25,17861,821606,Matured,Agent,Himachal Pradesh,15,False,False,True,False,None
POL000665,CUST000382,AGT00284,Auto,2024-02-25,20499,450978,Active,Agent,Uttar Pradesh,15,False,False,True,False,None
POL000666,CUST001283,AGT00238,Property,2022-06-04,26428,898552,Active,Online,Telangana,15,False,False,True,False,None
POL000667,CUST001213,AGT00297,Health,2026-03-13,47060,2258880,Matured,Agent,West Bengal,15,False,False,True,False,None
POL000668,CUST000306,AGT00125,Health,2026-05-15,31447,1761032,Cancelled,Bancassurance,Punjab,15,False,False,False,True,Fake Policy - No Premium Collected
POL000669,CUST001402,AGT00281,Property,2025-01-02,32078,705716,Active,Agent,Sikkim,15,False,False,True,False,None
POL000670,CUST000602,AGT00330,Auto,2024-12-08,14142,226272,Lapsed,Online,Meghalaya,15,False,False,True,False,None
POL000671,CUST002391,AGT00133,Property,2024-02-22,19921,697235,Lapsed,Agent,Gujarat,15,False,False,True,False,None
POL000672,CUST002204,AGT00130,Travel,2026-01-30,7404,214716,Active,Broker,Goa,15,False,False,True,False,None
POL000673,CUST000712,AGT00342,Health,2023-08-08,13396,267920,Active,Agent,Andhra Pradesh,15,False,True,True,True,Backdated Policy Issuance
POL000674,CUST003127,AGT00014,Travel,2023-12-09,7688,146072,Active,Agent,Uttar Pradesh,15,False,False,True,False,None
POL000675,CUST001466,AGT00135,Auto,2022-06-28,19832,337144,Matured,Broker,Haryana,15,False,False,True,False,None
POL000676,CUST000403,AGT00044,Property,2024-12-07,8806,501942,Active,Online,Gujarat,15,False,False,True,False,None
POL000677,CUST000614,AGT00008,Auto,2024-12-31,19008,1083456,Lapsed,Online,Assam,15,False,False,True,False,None
POL000678,CUST002845,AGT00043,Auto,2022-04-23,7172,215160,Active,Online,Uttar Pradesh,15,False,False,True,False,None
POL000679,CUST002671,AGT00162,Auto,2024-01-27,16183,792967,Active,Online,Punjab,15,False,False,True,False,None
POL000680,CUST001802,AGT00257,Auto,2024-06-15,15836,364228,Active,Agent,Chhattisgarh,15,False,False,True,False,None
POL000681,CUST002651,AGT00111,Auto,2024-03-31,11989,587461,Lapsed,Agent,Chhattisgarh,15,False,False,True,False,None
POL000682,CUST000177,AGT00326,Travel,2022-06-08,11341,374253,Active,Broker,Goa,15,False,False,True,False,None
POL000683,CUST000449,AGT00165,Property,2024-02-25,24441,1393137,Active,Agent,Meghalaya,15,False,False,True,False,None
POL000684,CUST000743,AGT00369,Auto,2024-11-19,16102,772896,Active,Online,West Bengal,15,False,False,True,False,None
POL000685,CUST001565,AGT00366,Auto,2025-01-25,18357,972921,Active,Agent,Andhra Pradesh,15,False,False,True,False,None
POL000686,CUST001979,AGT00297,Property,2022-09-08,7665,183960,Active,Agent,Karnataka,15,False,False,True,False,None
POL000687,CUST002349,AGT00356,Health,2026-03-23,40574,973776,Lapsed,Agent,Assam,15,False,False,True,False,None
POL000688,CUST002755,AGT00265,Auto,2025-01-20,6326,215084,Active,Online,Arunachal Pradesh,15,False,False,True,False,None
POL000689,CUST000307,AGT00340,Health,2022-04-23,23639,354585,Active,Online,Chhattisgarh,15,False,False,True,False,None
POL000690,CUST000751,AGT00090,Health,2022-09-16,50370,1007400,Active,Agent,Mizoram,15,False,False,False,True,Fake Policy - No Premium Collected
POL000691,CUST000869,AGT00133,Auto,2022-04-17,4069,65104,Matured,Agent,Uttar Pradesh,15,False,False,True,False,None
POL000692,CUST000214,AGT00287,Life,2023-07-29,115318,5996536,Active,Bancassurance,Manipur,15,False,False,True,False,None
POL000693,CUST001618,AGT00159,Life,2025-11-14,46977,2207919,Active,Agent,Maharashtra,15,False,False,True,False,None
POL000694,CUST001664,AGT00320,Auto,2024-09-17,15935,270895,Active,Broker,Sikkim,15,False,False,True,False,None
POL000695,CUST002531,AGT00336,Travel,2025-10-13,6131,306550,Active,Bancassurance,Meghalaya,15,False,False,True,False,None
POL000696,CUST003139,AGT00115,Health,2025-05-07,8159,220293,Active,Bancassurance,Karnataka,15,False,False,True,False,None
POL000697,CUST001598,AGT00313,Auto,2023-03-03,14267,699083,Active,Broker,Jharkhand,15,False,False,True,False,None
POL000698,CUST002181,AGT00059,Auto,2026-02-10,21540,624660,Cancelled,Agent,Mizoram,15,False,False,True,False,None
POL000699,CUST001673,AGT00128,Auto,2024-05-08,10944,645696,Active,Bancassurance,Tripura,15,False,False,True,False,None
POL000700,CUST000512,AGT00195,Health,2026-03-07,23706,853416,Cancelled,Broker,Bihar,15,True,False,True,True,Free-Look Period Abuse
POL000701,CUST002259,AGT00088,Auto,2024-07-06,15747,897579,Active,Broker,Haryana,15,False,False,True,False,None
POL000702,CUST003036,AGT00218,Health,2026-05-16,15219,273942,Active,Agent,Nagaland,15,False,False,True,False,None
POL000703,CUST000987,AGT00217,Auto,2025-02-17,16449,509919,Active,Bancassurance,Madhya Pradesh,15,False,False,True,False,None
POL000704,CUST002765,AGT00080,Life,2026-05-16,8557,162583,Lapsed,Broker,Madhya Pradesh,15,False,False,True,False,None
POL000705,CUST000253,AGT00304,Property,2025-08-25,34331,1201585,Cancelled,Broker,Tripura,15,False,False,True,False,None
POL000706,CUST000038,AGT00237,Health,2026-04-11,42953,1632214,Cancelled,Agent,Madhya Pradesh,15,False,False,True,False,None
POL000707,CUST003115,AGT00122,Life,2023-09-19,54652,2459340,Active,Agent,Tamil Nadu,15,False,False,True,False,None
POL000708,CUST000629,AGT00088,Travel,2023-04-20,3661,197694,Lapsed,Bancassurance,Meghalaya,15,False,False,True,False,None
POL000709,CUST000987,AGT00336,Life,2023-07-06,68941,3033404,Active,Online,Kerala,15,False,False,True,True,Fronting / Straw Policyholder
POL000710,CUST001726,AGT00319,Health,2022-12-10,38937,2180472,Lapsed,Agent,Jharkhand,15,False,False,True,False,None
POL000711,CUST002094,AGT00088,Health,2023-09-20,26094,547974,Cancelled,Broker,Uttarakhand,15,True,False,True,True,Free-Look Period Abuse
POL000712,CUST001478,AGT00010,Property,2022-05-16,4489,94269,Active,Agent,Mizoram,15,False,False,True,False,None
POL000713,CUST001702,AGT00308,Auto,2022-10-04,24737,1014217,Active,Agent,Karnataka,15,False,False,True,False,None
POL000714,CUST000305,AGT00231,Auto,2026-04-06,22294,847172,Active,Agent,Mizoram,15,False,False,True,False,None
POL000715,CUST001739,AGT00037,Health,2022-01-31,32924,1086492,Cancelled,Agent,Assam,15,True,False,True,False,None
POL000716,CUST002281,AGT00222,Life,2022-09-04,139129,7652095,Active,Agent,Punjab,15,False,False,True,False,None
POL000717,CUST000245,AGT00172,Property,2023-02-15,5869,281712,Matured,Agent,Uttarakhand,15,False,False,True,False,None
POL000718,CUST001745,AGT00298,Auto,2022-01-27,13559,488124,Active,Agent,Gujarat,15,False,False,True,False,None
POL000719,CUST002808,AGT00081,Auto,2022-03-14,19097,782977,Active,Online,Goa,15,False,False,True,False,None
POL000720,CUST002887,AGT00173,Travel,2025-01-25,13326,266520,Active,Bancassurance,Rajasthan,15,False,False,True,False,None
POL000721,CUST002206,AGT00060,Auto,2023-11-04,14659,351816,Lapsed,Online,Uttarakhand,15,False,False,True,False,None
POL000722,CUST001025,AGT00367,Auto,2025-10-01,12122,715198,Active,Agent,Himachal Pradesh,15,False,False,True,False,None
POL000723,CUST000217,AGT00299,Health,2023-04-21,45834,2062530,Active,Agent,Tamil Nadu,15,False,False,True,False,None
POL000724,CUST002976,AGT00280,Property,2025-08-16,28459,1109901,Active,Broker,Chhattisgarh,15,False,False,True,True,Fronting / Straw Policyholder
POL000725,CUST000507,AGT00257,Property,2025-08-15,26286,420576,Active,Bancassurance,Uttarakhand,15,False,False,True,False,None
POL000726,CUST000761,AGT00159,Travel,2022-10-14,6213,149112,Lapsed,Agent,Maharashtra,15,False,False,True,False,None
POL000727,CUST002952,AGT00353,Auto,2026-01-12,16775,402600,Active,Agent,Nagaland,15,False,False,True,False,None
POL000728,CUST002629,AGT00026,Health,2022-07-31,29099,1163960,Lapsed,Online,Manipur,15,False,False,True,False,None
POL000729,CUST001054,AGT00308,Auto,2025-01-04,13691,260129,Matured,Broker,Meghalaya,15,False,False,True,False,None
POL000730,CUST002675,AGT00084,Property,2023-02-05,7770,279720,Active,Agent,Tamil Nadu,15,False,False,True,False,None
POL000731,CUST002568,AGT00125,Health,2023-10-17,48335,870030,Lapsed,Online,Uttar Pradesh,15,False,False,True,False,None
POL000732,CUST001905,AGT00195,Auto,2024-11-23,15543,746064,Matured,Online,Himachal Pradesh,15,False,False,True,False,None
POL000733,CUST000275,AGT00300,Life,2023-05-13,43070,904470,Lapsed,Bancassurance,Sikkim,15,False,False,True,False,None
POL000734,CUST000492,AGT00321,Health,2024-04-27,36811,1141141,Lapsed,Agent,Bihar,15,False,False,True,False,None
POL000735,CUST000827,AGT00220,Health,2026-03-20,20793,519825,Active,Bancassurance,Nagaland,15,False,False,True,False,None
POL000736,CUST000951,AGT00151,Property,2025-09-13,36162,795564,Active,Agent,Maharashtra,15,False,False,True,False,None
POL000737,CUST002974,AGT00363,Auto,2022-04-08,9545,400890,Active,Online,Rajasthan,15,False,False,True,True,Fronting / Straw Policyholder
POL000738,CUST002895,AGT00095,Auto,2023-01-01,5321,308618,Lapsed,Online,Kerala,15,False,False,True,False,None
POL000739,CUST003108,AGT00308,Auto,2023-04-08,16132,758204,Matured,Agent,Goa,15,False,False,True,False,None
POL000740,CUST003116,AGT00230,Auto,2022-01-28,11330,441870,Active,Online,Andhra Pradesh,15,False,False,True,False,None
POL000741,CUST001179,AGT00144,Auto,2023-12-14,11294,395290,Active,Agent,West Bengal,15,False,False,True,False,None
POL000742,CUST001101,AGT00001,Life,2025-11-10,130659,3397134,Active,Agent,Kerala,15,False,False,True,False,None
POL000743,CUST001637,AGT00170,Auto,2022-09-30,8333,333320,Lapsed,Agent,West Bengal,15,False,False,True,False,None
POL000744,CUST001456,AGT00108,Travel,2024-04-05,5909,254087,Active,Online,Manipur,15,False,False,True,False,None
POL000745,CUST000039,AGT00039,Auto,2025-02-24,23703,1232556,Active,Agent,Tripura,15,False,False,True,False,None
POL000746,CUST002287,AGT00027,Auto,2022-07-21,8389,411061,Active,Bancassurance,Sikkim,15,False,True,True,True,Backdated Policy Issuance
POL000747,CUST003085,AGT00134,Auto,2026-03-25,21232,1082832,Active,Agent,Kerala,15,False,False,True,False,None
POL000748,CUST002170,AGT00231,Property,2025-08-03,22354,1296532,Active,Agent,Telangana,15,False,False,True,False,None
POL000749,CUST000144,AGT00320,Health,2023-03-26,17120,1010080,Cancelled,Agent,Maharashtra,15,False,False,True,False,None
POL000750,CUST002732,AGT00072,Property,2025-01-16,30114,1776726,Active,Online,Gujarat,15,False,False,True,False,None
POL000751,CUST002503,AGT00159,Property,2025-09-03,27039,1162677,Matured,Agent,Punjab,15,False,False,True,False,None
POL000752,CUST002416,AGT00149,Travel,2022-01-19,4233,160854,Cancelled,Agent,Nagaland,15,True,False,True,True,Free-Look Period Abuse
POL000753,CUST000759,AGT00194,Property,2026-06-05,29146,845234,Active,Agent,Gujarat,15,False,False,True,False,None
POL000754,CUST000247,AGT00309,Auto,2025-02-04,8351,167020,Active,Agent,Madhya Pradesh,15,False,False,True,False,None
POL000755,CUST002971,AGT00207,Property,2026-01-21,21096,970416,Matured,Broker,Kerala,15,False,False,True,False,None
POL000756,CUST003117,AGT00325,Travel,2022-11-07,3939,228462,Lapsed,Online,Goa,15,False,False,True,False,None
POL000757,CUST000765,AGT00195,Travel,2023-02-16,14722,706656,Active,Agent,Telangana,15,False,False,True,False,None
POL000758,CUST002423,AGT00228,Auto,2024-01-12,10946,547300,Lapsed,Agent,Andhra Pradesh,15,False,False,True,False,None
POL000759,CUST001315,AGT00165,Life,2023-09-16,69282,2355588,Active,Broker,Gujarat,15,False,False,True,False,None
POL000760,CUST000207,AGT00313,Auto,2024-01-02,7302,189852,Active,Agent,Manipur,15,False,False,True,False,None
POL000761,CUST002019,AGT00353,Auto,2023-09-27,4543,222607,Active,Bancassurance,Kerala,15,False,False,True,True,Fronting / Straw Policyholder
POL000762,CUST002567,AGT00241,Life,2023-05-13,26070,1355640,Cancelled,Agent,Mizoram,15,False,False,True,False,None
POL000763,CUST002290,AGT00312,Travel,2022-09-01,6137,190247,Active,Agent,Gujarat,15,False,False,True,False,None
POL000764,CUST003186,AGT00019,Health,2023-11-21,46515,1907115,Active,Online,Andhra Pradesh,15,False,False,True,False,None
POL000765,CUST002867,AGT00345,Property,2023-07-31,35864,1111784,Active,Broker,Odisha,15,False,False,True,False,None
POL000766,CUST002350,AGT00074,Auto,2025-11-04,16719,417975,Active,Agent,Jharkhand,15,False,False,True,False,None
POL000767,CUST003168,AGT00100,Auto,2023-05-30,20565,1089945,Active,Agent,Karnataka,15,False,False,True,False,None
POL000768,CUST001318,AGT00016,Health,2022-07-26,44432,710912,Active,Agent,Bihar,15,False,False,False,True,Fake Policy - No Premium Collected
POL000769,CUST000701,AGT00369,Health,2024-08-05,51150,818400,Active,Bancassurance,Kerala,15,False,False,True,False,None
POL000770,CUST000288,AGT00327,Property,2023-01-29,5297,227771,Matured,Online,Himachal Pradesh,15,False,False,True,False,None
POL000771,CUST002202,AGT00349,Auto,2024-11-10,7536,444624,Active,Agent,Mizoram,15,False,False,True,False,None
POL000772,CUST001594,AGT00325,Health,2026-03-31,17427,662226,Active,Agent,Andhra Pradesh,15,False,False,True,False,None
POL000773,CUST002471,AGT00183,Health,2025-09-28,45251,1719538,Active,Agent,Punjab,15,False,True,True,True,Backdated Policy Issuance
POL000774,CUST000850,AGT00353,Auto,2023-12-19,13206,396180,Active,Agent,Himachal Pradesh,15,False,False,True,False,None
POL000775,CUST000050,AGT00370,Travel,2022-07-21,7503,337635,Cancelled,Agent,Arunachal Pradesh,15,False,True,True,True,Backdated Policy Issuance
POL000776,CUST001231,AGT00191,Health,2022-04-30,30165,1719405,Active,Online,Rajasthan,15,False,False,False,True,Fake Policy - No Premium Collected
POL000777,CUST002612,AGT00069,Health,2026-07-31,6749,155227,Cancelled,Agent,Himachal Pradesh,15,False,False,True,False,None
POL000778,CUST002902,AGT00250,Property,2023-01-24,7860,322260,Lapsed,Agent,Rajasthan,15,False,False,True,False,None
POL000779,CUST002931,AGT00371,Auto,2026-04-10,16055,883025,Lapsed,Online,Meghalaya,15,False,False,True,False,None
POL000780,CUST002710,AGT00333,Property,2022-08-22,24523,686644,Active,Agent,Madhya Pradesh,15,False,False,True,False,None
POL000781,CUST002613,AGT00330,Auto,2026-07-15,4733,279247,Active,Agent,Arunachal Pradesh,15,False,False,True,False,None
POL000782,CUST002261,AGT00357,Auto,2023-08-25,11861,462579,Cancelled,Agent,Tamil Nadu,15,True,False,True,False,None
POL000783,CUST003138,AGT00340,Travel,2025-09-05,10183,580431,Cancelled,Agent,Tamil Nadu,15,False,False,False,True,Fake Policy - No Premium Collected
POL000784,CUST001909,AGT00299,Property,2023-12-13,26326,1526908,Active,Broker,Himachal Pradesh,15,False,False,True,False,None
POL000785,CUST002859,AGT00271,Health,2024-09-08,20412,734832,Active,Online,Himachal Pradesh,15,False,False,True,False,None
POL000786,CUST002898,AGT00104,Life,2025-04-18,37367,1830983,Active,Agent,Rajasthan,15,False,False,True,False,None
POL000787,CUST001687,AGT00234,Travel,2024-05-06,4274,200878,Lapsed,Agent,Arunachal Pradesh,15,False,False,True,False,None
POL000788,CUST001741,AGT00196,Auto,2025-10-23,15905,652105,Lapsed,Agent,Odisha,15,False,False,True,False,None
POL000789,CUST001344,AGT00330,Auto,2022-03-17,24601,1328454,Active,Online,Uttarakhand,15,False,False,True,False,None
POL000790,CUST001791,AGT00187,Health,2023-10-11,23041,921640,Active,Online,Andhra Pradesh,15,False,False,True,False,None
POL000791,CUST002929,AGT00048,Auto,2023-10-12,24563,810579,Active,Agent,West Bengal,15,False,False,True,False,None
POL000792,CUST001961,AGT00001,Auto,2023-05-11,11187,660033,Active,Agent,Tamil Nadu,15,False,False,True,False,None
POL000793,CUST001089,AGT00254,Property,2026-03-26,35928,1904184,Lapsed,Agent,Meghalaya,15,False,False,True,True,Fronting / Straw Policyholder
POL000794,CUST001156,AGT00206,Auto,2025-05-09,18667,1101353,Cancelled,Online,Punjab,15,False,False,True,False,None
POL000795,CUST002382,AGT00126,Property,2024-04-09,39330,1573200,Active,Broker,Rajasthan,15,False,False,True,False,None
POL000796,CUST000032,AGT00066,Health,2025-10-01,52156,1043120,Active,Bancassurance,Manipur,15,False,False,True,False,None
POL000797,CUST000868,AGT00177,Health,2023-04-28,46644,792948,Lapsed,Agent,Meghalaya,15,False,False,True,False,None
POL000798,CUST002946,AGT00037,Life,2025-05-27,124720,2494400,Matured,Online,Goa,15,False,False,True,False,None
POL000799,CUST001267,AGT00129,Health,2024-12-19,34665,1455930,Matured,Online,Meghalaya,15,False,False,True,False,None
POL000800,CUST001216,AGT00144,Auto,2024-09-17,22133,376261,Cancelled,Bancassurance,Telangana,15,False,False,True,False,None
POL000801,CUST001166,AGT00177,Auto,2023-09-11,4948,133596,Active,Agent,West Bengal,15,False,False,True,False,None
POL000802,CUST001684,AGT00177,Property,2023-07-04,7657,206739,Lapsed,Online,Rajasthan,15,False,False,True,False,None
POL000803,CUST000601,AGT00100,Auto,2023-10-08,11251,303777,Cancelled,Agent,Tripura,15,False,False,True,False,None
POL000804,CUST002026,AGT00326,Auto,2025-05-29,11092,166380,Lapsed,Online,Nagaland,15,False,False,True,False,None
POL000805,CUST001585,AGT00136,Travel,2023-05-17,2349,126846,Active,Agent,Uttar Pradesh,15,False,False,True,False,None
POL000806,CUST000988,AGT00088,Travel,2025-03-02,3986,203286,Matured,Broker,Bihar,15,False,False,False,True,Fake Policy - No Premium Collected
POL000807,CUST001215,AGT00069,Health,2024-04-25,8571,385695,Active,Broker,Arunachal Pradesh,15,False,False,True,False,None
POL000808,CUST001966,AGT00124,Auto,2022-02-22,18776,582056,Active,Agent,Kerala,15,False,False,True,False,None
POL000809,CUST002647,AGT00023,Life,2023-03-26,17449,401327,Active,Online,Andhra Pradesh,15,False,False,True,False,None
POL000810,CUST001440,AGT00008,Property,2022-03-03,9983,588997,Active,Agent,Punjab,15,False,False,True,False,None
POL000811,CUST000520,AGT00228,Auto,2024-11-12,10482,283014,Active,Agent,Tamil Nadu,15,False,False,True,False,None
POL000812,CUST001759,AGT00233,Auto,2022-02-13,19679,1003629,Active,Agent,Chhattisgarh,15,False,False,True,False,None
POL000813,CUST000869,AGT00198,Property,2024-03-30,6912,193536,Lapsed,Agent,Tamil Nadu,15,False,True,True,True,Backdated Policy Issuance
POL000814,CUST002064,AGT00292,Travel,2026-05-01,12679,316975,Lapsed,Broker,Telangana,15,False,False,True,False,None
POL000815,CUST001832,AGT00010,Property,2023-10-21,18332,714948,Lapsed,Agent,Goa,15,False,False,True,False,None
POL000816,CUST001130,AGT00358,Auto,2023-12-29,11788,530460,Active,Online,West Bengal,15,False,False,True,False,None
POL000817,CUST000283,AGT00034,Health,2024-05-01,7774,217672,Lapsed,Broker,West Bengal,15,False,False,True,False,None
POL000818,CUST003176,AGT00253,Life,2022-02-16,29912,628152,Active,Bancassurance,Chhattisgarh,15,False,False,True,False,None
POL000819,CUST000361,AGT00051,Auto,2024-03-30,13790,524020,Active,Broker,Assam,15,False,False,False,True,Fake Policy - No Premium Collected
POL000820,CUST001059,AGT00337,Auto,2024-11-13,16846,842300,Active,Agent,Maharashtra,15,False,False,True,False,None
POL000821,CUST002161,AGT00193,Auto,2022-03-30,7714,431984,Cancelled,Broker,Uttarakhand,15,False,False,True,False,None
POL000822,CUST002356,AGT00028,Health,2025-04-12,46133,2583448,Active,Agent,West Bengal,15,False,False,True,False,None
POL000823,CUST001935,AGT00232,Health,2026-05-19,19689,1141962,Active,Bancassurance,Bihar,15,False,False,True,False,None
POL000824,CUST000959,AGT00003,Property,2025-02-16,8684,477620,Active,Online,Arunachal Pradesh,15,False,False,True,False,None
POL000825,CUST001077,AGT00299,Property,2024-01-05,11854,201518,Cancelled,Broker,Manipur,15,True,False,True,True,Free-Look Period Abuse
POL000826,CUST001105,AGT00246,Travel,2022-06-27,11636,674888,Matured,Agent,Rajasthan,15,False,False,True,False,None
POL000827,CUST001640,AGT00083,Property,2024-10-15,21946,877840,Matured,Online,Tamil Nadu,15,False,False,True,False,None
POL000828,CUST002882,AGT00143,Auto,2025-09-27,13101,524040,Active,Broker,Arunachal Pradesh,15,False,False,True,False,None
POL000829,CUST001393,AGT00002,Auto,2026-05-11,21631,324465,Active,Broker,Karnataka,15,False,False,True,False,None
POL000830,CUST002290,AGT00259,Health,2024-12-18,5867,170143,Active,Agent,Bihar,15,False,False,True,False,None
POL000831,CUST000031,AGT00124,Auto,2024-06-19,7516,187900,Lapsed,Bancassurance,West Bengal,15,False,False,True,False,None
POL000832,CUST000704,AGT00214,Travel,2023-03-14,14246,726546,Cancelled,Agent,Nagaland,15,True,False,True,False,None
POL000833,CUST000869,AGT00367,Auto,2025-12-22,19217,403557,Active,Online,Himachal Pradesh,15,False,True,True,True,Backdated Policy Issuance
POL000834,CUST001385,AGT00115,Auto,2023-03-02,20932,544232,Active,Online,West Bengal,15,False,False,True,False,None
POL000835,CUST000233,AGT00376,Health,2024-08-25,13787,716924,Active,Agent,Gujarat,15,False,False,True,False,None
POL000836,CUST001058,AGT00237,Health,2025-11-05,59916,1018572,Active,Agent,Rajasthan,15,False,False,True,False,None
POL000837,CUST001267,AGT00093,Life,2023-05-01,104742,5865552,Active,Broker,Punjab,15,False,False,True,False,None
POL000838,CUST000951,AGT00165,Health,2025-04-23,17056,682240,Active,Agent,Telangana,15,False,False,True,False,None
POL000839,CUST000059,AGT00281,Auto,2026-05-02,19319,850036,Active,Agent,Andhra Pradesh,15,False,False,True,False,None
POL000840,CUST002819,AGT00170,Auto,2023-04-05,22446,1032516,Matured,Broker,Karnataka,15,False,False,True,False,None
POL000841,CUST003150,AGT00024,Travel,2024-07-09,7155,357750,Active,Broker,Uttarakhand,15,False,False,True,False,None
POL000842,CUST002766,AGT00066,Auto,2025-01-30,10975,647525,Active,Online,Sikkim,15,False,False,True,False,None
POL000843,CUST000302,AGT00302,Auto,2026-04-29,22436,1144236,Matured,Agent,West Bengal,15,False,False,True,False,None
POL000844,CUST002851,AGT00245,Health,2024-11-04,36899,1180768,Cancelled,Agent,Karnataka,15,False,False,False,True,Fake Policy - No Premium Collected
POL000845,CUST002945,AGT00213,Auto,2024-01-18,13511,202665,Active,Online,Tamil Nadu,15,False,False,True,False,None
POL000846,CUST002046,AGT00065,Health,2022-02-20,25754,901390,Lapsed,Online,Goa,15,False,False,True,False,None
POL000847,CUST002160,AGT00320,Life,2022-11-05,26073,1095066,Active,Online,Odisha,15,False,False,True,False,None
POL000848,CUST001924,AGT00368,Property,2024-11-23,22599,677970,Lapsed,Broker,Telangana,15,False,False,True,False,None
POL000849,CUST000317,AGT00010,Life,2026-07-18,38365,1611330,Matured,Agent,Kerala,15,False,True,True,True,Backdated Policy Issuance
POL000850,CUST001889,AGT00027,Auto,2024-10-01,4753,171108,Active,Agent,Mizoram,15,False,False,True,False,None
POL000851,CUST001169,AGT00338,Health,2026-06-01,56278,1857174,Active,Bancassurance,Andhra Pradesh,15,False,False,True,True,Fronting / Straw Policyholder
POL000852,CUST002716,AGT00311,Auto,2023-09-27,13220,198300,Cancelled,Online,Sikkim,15,True,False,True,True,Free-Look Period Abuse
POL000853,CUST000690,AGT00232,Auto,2022-07-24,21038,946710,Active,Online,Madhya Pradesh,15,False,False,True,False,None
POL000854,CUST001882,AGT00362,Health,2024-01-10,25577,1432312,Active,Bancassurance,Maharashtra,15,False,False,True,False,None
POL000855,CUST001954,AGT00244,Auto,2024-12-29,7841,376368,Lapsed,Bancassurance,Uttarakhand,15,False,False,True,False,None
POL000856,CUST000018,AGT00085,Life,2025-06-07,34154,1844316,Active,Online,Sikkim,15,False,False,True,False,None
POL000857,CUST001179,AGT00276,Life,2026-02-12,33650,673000,Active,Agent,Sikkim,15,False,False,True,False,None
POL000858,CUST001530,AGT00244,Property,2023-06-17,6270,263340,Active,Bancassurance,Arunachal Pradesh,15,False,False,True,False,None
POL000859,CUST000778,AGT00374,Property,2022-04-18,30091,511547,Active,Online,Assam,15,False,False,True,False,None
POL000860,CUST000360,AGT00084,Auto,2024-05-25,7417,333765,Active,Agent,Gujarat,15,False,False,True,False,None
POL000861,CUST000332,AGT00225,Health,2025-06-18,9574,287220,Active,Online,Uttarakhand,15,False,False,True,False,None
POL000862,CUST001942,AGT00299,Auto,2022-09-08,24019,744589,Lapsed,Agent,Tripura,15,False,False,True,True,Fronting / Straw Policyholder
POL000863,CUST000528,AGT00130,Health,2022-05-15,36241,2101978,Active,Broker,Mizoram,15,False,False,True,False,None
POL000864,CUST002060,AGT00144,Auto,2025-01-18,22267,912947,Cancelled,Agent,Chhattisgarh,15,True,False,True,True,Free-Look Period Abuse
POL000865,CUST001099,AGT00338,Auto,2026-06-03,3448,131024,Active,Broker,Telangana,15,False,False,True,False,None
POL000866,CUST000212,AGT00151,Health,2026-01-03,29737,1011058,Matured,Broker,Himachal Pradesh,15,False,False,True,False,None
POL000867,CUST001715,AGT00234,Life,2023-11-20,46652,2145992,Lapsed,Broker,Assam,15,False,False,False,True,Fake Policy - No Premium Collected
POL000868,CUST002689,AGT00339,Life,2025-08-14,92244,4519956,Active,Online,Goa,15,False,False,True,False,None
POL000869,CUST002331,AGT00082,Health,2023-02-11,57330,1547910,Active,Broker,Manipur,15,False,False,True,False,None
POL000870,CUST002828,AGT00372,Health,2025-08-24,10546,601122,Active,Agent,Arunachal Pradesh,15,False,True,True,True,Backdated Policy Issuance
POL000871,CUST001054,AGT00263,Health,2022-04-12,58642,1993828,Matured,Agent,Himachal Pradesh,15,False,False,True,False,None
POL000872,CUST001033,AGT00188,Life,2025-10-16,60443,967088,Active,Broker,Punjab,15,False,False,True,False,None
POL000873,CUST001333,AGT00162,Auto,2026-07-06,3294,59292,Active,Agent,Gujarat,15,False,False,True,False,None
POL000874,CUST001334,AGT00367,Life,2023-11-24,63919,2620679,Active,Agent,Tamil Nadu,15,False,False,False,True,Fake Policy - No Premium Collected
POL000875,CUST002725,AGT00080,Health,2026-06-28,56132,2189148,Cancelled,Agent,Mizoram,15,False,False,True,False,None
POL000876,CUST002753,AGT00119,Auto,2026-04-01,19074,343332,Active,Agent,Maharashtra,15,False,False,True,False,None
POL000877,CUST002474,AGT00118,Auto,2026-06-20,16049,738254,Active,Broker,Goa,15,False,False,True,True,Fronting / Straw Policyholder
POL000878,CUST001841,AGT00111,Auto,2025-08-09,5816,180296,Active,Online,Rajasthan,15,False,False,True,False,None
POL000879,CUST001796,AGT00178,Health,2025-03-15,38597,578955,Cancelled,Agent,Telangana,15,True,False,True,False,None
POL000880,CUST001728,AGT00375,Property,2023-02-08,14543,683521,Active,Broker,Uttarakhand,15,False,False,True,False,None
POL000881,CUST000591,AGT00339,Auto,2024-03-24,4737,208428,Active,Agent,Uttarakhand,15,False,False,True,False,None
POL000882,CUST001715,AGT00125,Health,2024-10-22,51328,975232,Cancelled,Broker,Andhra Pradesh,15,False,True,True,True,Backdated Policy Issuance
POL000883,CUST002139,AGT00158,Travel,2025-02-16,9380,243880,Cancelled,Agent,Jharkhand,15,False,False,True,False,None
POL000884,CUST000456,AGT00251,Auto,2024-05-04,20606,1071512,Lapsed,Online,Himachal Pradesh,15,False,False,True,False,None
POL000885,CUST000444,AGT00005,Auto,2026-06-18,17230,792580,Active,Agent,Nagaland,15,False,False,True,False,None
POL000886,CUST000079,AGT00312,Auto,2025-04-29,14434,750568,Lapsed,Agent,Kerala,15,False,False,False,True,Fake Policy - No Premium Collected
POL000887,CUST001499,AGT00337,Life,2024-10-23,67516,2092996,Active,Broker,Bihar,15,False,False,True,False,None
POL000888,CUST000927,AGT00328,Life,2024-07-30,78490,4630910,Active,Agent,Karnataka,15,False,False,False,True,Fake Policy - No Premium Collected
POL000889,CUST002151,AGT00143,Health,2024-10-17,17803,961362,Matured,Bancassurance,Manipur,15,False,False,True,False,None
POL000890,CUST000623,AGT00176,Travel,2026-02-19,8676,399096,Cancelled,Online,Odisha,15,False,False,True,False,None
POL000891,CUST001480,AGT00004,Life,2026-07-05,20402,775276,Active,Agent,Uttarakhand,15,False,False,True,False,None
POL000892,CUST003038,AGT00151,Auto,2022-06-26,20170,524420,Cancelled,Online,Tamil Nadu,15,False,True,True,True,Backdated Policy Issuance
POL000893,CUST000234,AGT00176,Life,2025-07-04,127764,5749380,Matured,Agent,Assam,15,False,False,True,False,None
POL000894,CUST001618,AGT00346,Auto,2024-05-22,24830,819390,Active,Online,Odisha,15,False,False,True,False,None
POL000895,CUST002692,AGT00340,Life,2026-04-07,39050,1679150,Active,Bancassurance,Manipur,15,False,False,True,False,None
POL000896,CUST002031,AGT00369,Auto,2023-04-22,4986,174510,Lapsed,Agent,Assam,15,False,False,True,False,None
POL000897,CUST002838,AGT00338,Life,2023-02-02,58093,2323720,Active,Online,Bihar,15,False,False,True,False,None
POL000898,CUST000387,AGT00002,Auto,2026-02-28,12070,506940,Active,Agent,Assam,15,False,False,True,False,None
POL000899,CUST002895,AGT00242,Property,2022-08-08,11799,365769,Lapsed,Online,Goa,15,False,True,True,True,Backdated Policy Issuance
POL000900,CUST001635,AGT00023,Auto,2022-06-22,18548,426604,Active,Agent,Telangana,15,False,False,True,False,None
POL000901,CUST000038,AGT00106,Life,2024-01-06,141510,4952850,Active,Agent,Assam,15,False,False,True,False,None
POL000902,CUST001185,AGT00217,Auto,2025-11-14,11262,540576,Active,Bancassurance,Goa,15,False,False,True,False,None
POL000903,CUST001486,AGT00262,Travel,2023-05-17,13663,341575,Active,Agent,Karnataka,15,False,False,True,False,None
POL000904,CUST001968,AGT00248,Property,2026-05-20,15101,513434,Matured,Online,Odisha,15,False,False,True,False,None
POL000905,CUST001473,AGT00014,Auto,2024-01-31,9701,514153,Lapsed,Online,Rajasthan,15,False,False,True,False,None
POL000906,CUST003189,AGT00038,Travel,2025-07-07,2235,67050,Active,Online,Andhra Pradesh,15,False,False,True,False,None
POL000907,CUST000241,AGT00048,Health,2022-05-11,17504,752672,Matured,Online,Tripura,15,False,False,True,False,None
POL000908,CUST001050,AGT00033,Life,2025-02-10,33634,504510,Matured,Online,Goa,15,False,False,True,False,None
POL000909,CUST001672,AGT00070,Life,2024-03-08,68403,2188896,Active,Agent,Uttar Pradesh,15,False,False,True,False,None
POL000910,CUST000562,AGT00257,Auto,2024-03-09,6582,236952,Matured,Bancassurance,Andhra Pradesh,15,False,False,True,False,None
POL000911,CUST002000,AGT00317,Travel,2024-07-18,14211,312642,Active,Broker,Gujarat,15,False,False,True,False,None
POL000912,CUST000806,AGT00152,Auto,2023-12-24,23581,495201,Active,Agent,Rajasthan,15,False,False,True,False,None
POL000913,CUST001930,AGT00258,Auto,2024-11-09,12821,500019,Active,Agent,Kerala,15,False,False,True,False,None
POL000914,CUST002346,AGT00077,Property,2022-08-03,37945,1669580,Lapsed,Broker,Manipur,15,False,False,True,True,Fronting / Straw Policyholder
POL000915,CUST000805,AGT00370,Life,2025-08-26,43423,2084304,Cancelled,Bancassurance,Assam,15,True,False,True,True,Free-Look Period Abuse
POL000916,CUST002202,AGT00135,Auto,2025-06-28,7288,422704,Lapsed,Bancassurance,Telangana,15,False,False,True,False,None
POL000917,CUST002780,AGT00324,Auto,2023-05-03,4085,224675,Lapsed,Broker,Haryana,15,False,False,True,False,None
POL000918,CUST001676,AGT00362,Life,2025-11-06,64963,1624075,Active,Agent,Jharkhand,15,False,False,True,False,None
POL000919,CUST002516,AGT00331,Auto,2025-12-03,18600,539400,Active,Bancassurance,Uttarakhand,15,False,False,True,False,None
POL000920,CUST002097,AGT00023,Travel,2025-07-18,5934,290766,Active,Broker,Sikkim,15,False,False,True,False,None
POL000921,CUST001678,AGT00246,Life,2025-12-01,149316,5524692,Active,Agent,Rajasthan,15,False,False,True,False,None
POL000922,CUST000046,AGT00044,Auto,2025-05-02,11810,696790,Active,Agent,West Bengal,15,False,False,True,False,None
POL000923,CUST002828,AGT00001,Health,2026-01-04,55400,1939000,Active,Agent,Gujarat,15,False,False,True,False,None
POL000924,CUST001652,AGT00015,Health,2022-11-09,55319,2323398,Active,Online,Telangana,15,False,False,True,False,None
POL000925,CUST000082,AGT00350,Health,2022-03-20,41258,1113966,Active,Agent,Tripura,15,False,False,True,False,None
POL000926,CUST003116,AGT00346,Property,2022-06-29,16367,785616,Active,Agent,Telangana,15,False,False,True,False,None
POL000927,CUST003003,AGT00087,Travel,2024-09-30,8739,454428,Cancelled,Agent,Chhattisgarh,15,False,False,True,False,None
POL000928,CUST002321,AGT00204,Health,2023-11-06,50930,1018600,Matured,Agent,Jharkhand,15,False,False,True,False,None
POL000929,CUST002442,AGT00367,Health,2022-01-14,23281,1350298,Cancelled,Agent,Arunachal Pradesh,15,False,False,True,False,None
POL000930,CUST001810,AGT00188,Auto,2024-05-08,21733,391194,Active,Broker,Madhya Pradesh,15,False,False,True,False,None
POL000931,CUST000790,AGT00149,Life,2022-09-03,115771,2199649,Cancelled,Agent,Tamil Nadu,15,True,False,True,True,Free-Look Period Abuse
POL000932,CUST000595,AGT00183,Life,2024-11-03,137026,7399404,Lapsed,Bancassurance,Jharkhand,15,False,False,True,False,None
POL000933,CUST002106,AGT00302,Life,2022-04-09,38192,763840,Matured,Broker,Goa,15,False,False,True,False,None
POL000934,CUST002613,AGT00183,Auto,2022-02-02,9103,318605,Active,Bancassurance,Himachal Pradesh,15,False,False,True,False,None
POL000935,CUST000001,AGT00300,Property,2025-12-30,28213,1184946,Active,Online,Chhattisgarh,15,False,False,True,False,None
POL000936,CUST002264,AGT00163,Auto,2022-09-14,18900,321300,Active,Agent,Odisha,15,False,False,True,False,None
POL000937,CUST001497,AGT00098,Life,2022-02-03,13017,481629,Lapsed,Agent,Karnataka,15,False,False,True,False,None
POL000938,CUST000766,AGT00125,Property,2022-01-19,39516,869352,Active,Agent,Maharashtra,15,False,True,True,True,Backdated Policy Issuance
POL000939,CUST000671,AGT00027,Life,2025-07-07,53938,1779954,Active,Bancassurance,Haryana,15,False,False,True,False,None
POL000940,CUST002559,AGT00188,Health,2023-08-12,27296,682400,Cancelled,Agent,Uttarakhand,15,False,False,True,False,None
POL000941,CUST001602,AGT00056,Life,2025-12-10,112120,2690880,Cancelled,Online,Gujarat,15,True,False,True,False,None
POL000942,CUST000915,AGT00310,Auto,2022-05-17,8299,348558,Active,Broker,Himachal Pradesh,15,False,False,True,False,None
POL000943,CUST001845,AGT00157,Property,2022-12-25,16698,567732,Active,Bancassurance,Gujarat,15,False,False,True,False,None
POL000944,CUST001996,AGT00293,Auto,2024-01-24,6094,353452,Active,Broker,Goa,15,False,False,True,False,None
POL000945,CUST000095,AGT00367,Health,2026-05-22,56977,2393034,Active,Online,Jharkhand,15,False,False,True,False,None
POL000946,CUST000493,AGT00326,Auto,2025-02-13,20346,874878,Active,Agent,Himachal Pradesh,15,False,False,True,False,None
POL000947,CUST002813,AGT00365,Property,2023-02-08,17309,380798,Active,Online,Tamil Nadu,15,False,False,True,False,None
POL000948,CUST003070,AGT00212,Health,2025-05-10,46182,1524006,Lapsed,Agent,Manipur,15,False,False,True,False,None
POL000949,CUST000150,AGT00064,Life,2025-10-31,76348,2672180,Lapsed,Broker,Himachal Pradesh,15,False,False,True,False,None
POL000950,CUST001047,AGT00357,Life,2022-09-07,106348,3403136,Active,Online,Assam,15,False,False,True,False,None
POL000951,CUST002804,AGT00331,Property,2023-03-22,37043,851989,Active,Agent,Meghalaya,15,False,False,True,False,None
POL000952,CUST001239,AGT00331,Auto,2024-08-11,19756,355608,Cancelled,Bancassurance,Kerala,15,False,False,True,False,None
POL000953,CUST000399,AGT00259,Life,2022-10-05,99861,5492355,Active,Agent,Odisha,15,False,False,True,False,None
POL000954,CUST002458,AGT00234,Health,2022-04-22,9486,369954,Active,Broker,Kerala,15,False,False,True,False,None
POL000955,CUST002179,AGT00005,Auto,2026-02-05,18032,865536,Active,Broker,Kerala,15,False,False,True,False,None
POL000956,CUST000855,AGT00285,Auto,2024-01-16,15934,366482,Cancelled,Broker,Tripura,15,True,False,True,True,Free-Look Period Abuse
POL000957,CUST002196,AGT00033,Auto,2023-11-19,14885,342355,Active,Agent,Rajasthan,15,False,False,True,False,None
POL000958,CUST000381,AGT00102,Auto,2023-01-27,12796,409472,Lapsed,Agent,Mizoram,15,False,False,True,False,None
POL000959,CUST003181,AGT00206,Health,2024-08-26,56697,1417425,Active,Broker,Manipur,15,False,False,True,False,None
POL000960,CUST000552,AGT00172,Auto,2022-05-23,3095,83565,Matured,Broker,Uttarakhand,15,False,False,True,False,None
POL000961,CUST003193,AGT00005,Health,2024-11-21,49001,2548052,Active,Agent,Rajasthan,15,False,False,True,False,None
POL000962,CUST000295,AGT00314,Auto,2022-06-30,23753,546319,Lapsed,Agent,Sikkim,15,False,False,True,False,None
POL000963,CUST001144,AGT00336,Auto,2023-08-02,23325,699750,Active,Agent,Uttarakhand,15,False,False,True,False,None
POL000964,CUST000456,AGT00255,Travel,2026-03-20,11640,209520,Active,Bancassurance,Goa,15,False,False,True,False,None
POL000965,CUST001554,AGT00202,Health,2024-03-08,47528,2281344,Cancelled,Agent,Arunachal Pradesh,15,True,False,True,False,None
POL000966,CUST000169,AGT00368,Auto,2022-09-26,23328,489888,Active,Agent,Uttarakhand,15,False,False,True,False,None
POL000967,CUST000710,AGT00044,Health,2025-06-13,26320,763280,Cancelled,Online,Odisha,15,False,False,True,False,None
POL000968,CUST001947,AGT00280,Auto,2025-07-24,16071,835692,Active,Agent,Madhya Pradesh,15,False,False,True,False,None
POL000969,CUST002020,AGT00048,Auto,2023-07-07,24780,619500,Active,Bancassurance,Chhattisgarh,15,False,False,True,False,None
POL000970,CUST002085,AGT00145,Auto,2023-09-25,11041,507886,Active,Agent,Nagaland,15,False,False,True,False,None
POL000971,CUST001722,AGT00221,Travel,2022-10-02,11264,461824,Lapsed,Agent,Odisha,15,False,False,True,False,None
POL000972,CUST001285,AGT00280,Life,2024-01-13,98636,4339984,Active,Online,Gujarat,15,False,False,True,False,None
POL000973,CUST002279,AGT00001,Property,2022-03-27,27903,864993,Cancelled,Agent,Tamil Nadu,15,False,False,True,False,None
POL000974,CUST000254,AGT00102,Travel,2024-12-22,13416,670800,Cancelled,Agent,Maharashtra,15,False,False,True,False,None
POL000975,CUST002377,AGT00202,Travel,2023-02-08,3864,127512,Cancelled,Agent,Kerala,15,False,False,True,False,None
POL000976,CUST001321,AGT00199,Life,2022-07-11,133305,2799405,Active,Agent,Rajasthan,15,False,False,True,True,Fronting / Straw Policyholder
POL000977,CUST003028,AGT00240,Life,2025-08-09,61709,3517413,Active,Broker,Uttar Pradesh,15,False,False,True,False,None
POL000978,CUST002058,AGT00117,Auto,2024-11-20,3807,224613,Active,Agent,Sikkim,15,False,False,True,False,None
POL000979,CUST002494,AGT00202,Auto,2025-09-15,16031,561085,Cancelled,Bancassurance,Uttar Pradesh,15,False,False,True,False,None
POL000980,CUST002970,AGT00074,Health,2022-04-17,42334,1778028,Lapsed,Online,Jharkhand,15,False,False,True,False,None
POL000981,CUST002884,AGT00073,Health,2023-09-14,11595,197115,Active,Agent,Gujarat,15,False,False,True,False,None
POL000982,CUST002126,AGT00216,Travel,2022-10-03,9373,262444,Lapsed,Agent,Karnataka,15,False,False,True,False,None
POL000983,CUST002241,AGT00257,Health,2023-10-13,43377,694032,Cancelled,Online,Tamil Nadu,15,True,False,True,True,Free-Look Period Abuse
POL000984,CUST000401,AGT00045,Life,2026-06-10,113217,4868331,Active,Agent,Mizoram,15,False,False,True,False,None
POL000985,CUST002157,AGT00046,Health,2023-07-10,42876,1372032,Active,Agent,Nagaland,15,False,False,True,False,None
POL000986,CUST002840,AGT00211,Auto,2025-01-10,9030,460530,Matured,Agent,Uttarakhand,15,False,False,True,False,None
POL000987,CUST001947,AGT00105,Health,2024-12-23,47926,2827634,Cancelled,Online,Telangana,15,False,True,True,True,Backdated Policy Issuance
POL000988,CUST002311,AGT00149,Health,2023-07-21,29678,1751002,Lapsed,Online,Uttar Pradesh,15,False,False,True,True,Fronting / Straw Policyholder
POL000989,CUST002377,AGT00151,Health,2023-08-09,27214,1034132,Matured,Agent,Himachal Pradesh,15,False,True,True,True,Backdated Policy Issuance
POL000990,CUST000363,AGT00071,Health,2024-06-03,43599,1133574,Active,Online,Assam,15,False,False,True,False,None
POL000991,CUST002307,AGT00001,Auto,2022-05-09,15132,892788,Matured,Broker,Mizoram,15,False,False,True,True,Fronting / Straw Policyholder
POL000992,CUST001359,AGT00328,Health,2022-09-13,48954,2251884,Active,Agent,Tripura,15,False,False,True,False,None
POL000993,CUST000085,AGT00269,Life,2024-07-22,82635,2644320,Lapsed,Broker,Gujarat,15,False,False,True,False,None
POL000994,CUST001546,AGT00257,Health,2022-08-19,27593,745011,Lapsed,Online,Himachal Pradesh,15,False,False,True,False,None
POL000995,CUST001825,AGT00204,Health,2026-03-01,33864,609552,Active,Bancassurance,Gujarat,15,False,False,True,False,None
POL000996,CUST000308,AGT00262,Auto,2025-03-06,19509,721833,Active,Agent,Manipur,15,False,False,True,False,None
POL000997,CUST000262,AGT00358,Auto,2024-05-12,8813,211512,Active,Bancassurance,Himachal Pradesh,15,False,False,True,False,None
POL000998,CUST001922,AGT00251,Auto,2026-01-18,3947,74993,Matured,Online,Arunachal Pradesh,15,False,False,True,True,Fronting / Straw Policyholder
POL000999,CUST002845,AGT00104,Health,2022-12-21,8689,469206,Active,Online,Bihar,15,False,False,True,False,None
POL001000,CUST000631,AGT00214,Health,2026-07-06,45363,1270164,Active,Online,Mizoram,15,False,False,True,False,None
